{
"type": "FeatureCollection",
"name": "reconstructed_600.00Ma_polygon",
"crs": { "type": "name", "properties": { "name": "urn:ogc:def:crs:OGC:1.3:CRS84" } },
"features": [
{ "type": "Feature", "properties": { "ANCHOR": 0, "TIME": 600.0, "FILE1": "Global_EarthByte_GPlates_PresentDay_StaticPlatePolygons.gpmlz", "RECONFILE1": "Zahirovic_etal_2022_OptimisedMantleRef_and_NNRMantleRef.rot", "OBJECTID_1": "55", "PLATEID1": 329, "FROMAGE": 600.0, "TOAGE": -999.0, "NAME": "Betic (Spain)", "PLATEID2": 0, "GPGIM_TYPE": "gpml:ClosedContinentalBoundary", "L_PLATE": 0, "R_PLATE": 0, "SPREAD_ASY": 0.0, "IMPORT_AGE": 0.0, "Shape_Leng": 17.093077463099998, "Shape_Area": 8.3973441273499994, "FEATURE_ID": "GPlates-4bc782df-ea1d-47e4-b4f0-9ea9d6dfff0e" }, "geometry": { "type": "Polygon", "coordinates": [ [ [ 0.386751914000058, 38.488037630000058 ], [ 0.375947053000061, 38.406421697000042 ], [ 0.399163272000067, 38.406478357000026 ], [ 0.437099758000045, 38.157184739000058 ], [ 0.442049694000048, 38.136607062000053 ], [ 0.448832241000048, 38.107740702000058 ], [ 0.55136023600005, 37.675658440000063 ], [ 0.551361839000037, 37.675651684000059 ], [ 0.733170378000069, 36.909458554000025 ], [ 0.728811112000074, 36.900241820000076 ], [ 0.607145157000048, 36.882455909000043 ], [ -0.938477245999934, 36.656506894000074 ], [ -0.951276016999941, 36.677597609000024 ], [ -2.576999120999972, 36.088100745000077 ], [ -2.83789890099996, 36.340400712000076 ], [ -4.285499926999933, 35.738899781000043 ], [ -4.500314068999955, 35.939502689000051 ], [ -4.842404029999955, 36.272918670000024 ], [ -4.88659117499998, 36.253978774000075 ], [ -5.101189174999945, 36.186210836000051 ], [ -5.141622068999936, 36.152004771000065 ], [ -5.267869263999957, 36.064865534000035 ], [ -5.317363923999948, 36.035167749000038 ], [ -5.475040168999953, 35.959381677000067 ], [ -5.523166098999984, 35.951358599000059 ], [ -5.649604185999976, 35.941303528000056 ], [ -5.823549085999956, 35.947250643000075 ], [ -5.911499036999942, 35.998699774000038 ], [ -5.967900034999959, 36.028301672000062 ], [ -6.062300198999935, 36.084400883000058 ], [ -6.109698941999966, 36.117889649000062 ], [ -6.18359905799997, 36.176399632000027 ], [ -6.235799039999961, 36.213500673000063 ], [ -6.288799138999934, 36.265300860000025 ], [ -6.106300160999979, 36.285800554000048 ], [ -6.012899129999939, 36.315700531000061 ], [ -5.960599023999973, 36.340202581000028 ], [ -5.846000071999972, 36.406497779000063 ], [ -5.786499961999939, 36.435600641000065 ], [ -5.718300090999946, 36.478599705000079 ], [ -5.676200033999977, 36.501899724000054 ], [ -5.603699196999968, 36.531997656000044 ], [ -5.542599203999942, 36.577400783000037 ], [ -5.526509253999961, 36.625190667000027 ], [ -5.504300016999936, 36.717300667000082 ], [ -5.459298979999974, 36.753200736000053 ], [ -5.41730010699996, 36.750801618000025 ], [ -5.386999981999963, 36.730899673000074 ], [ -5.316300160999959, 36.688697725000054 ], [ -5.251200107999978, 36.682701695000048 ], [ -5.184500170999971, 36.717399733000036 ], [ -5.150999926999932, 36.745300739000072 ], [ -5.114700063999976, 36.783599573000068 ], [ -5.058000101999937, 36.817199590000023 ], [ -5.011598902999938, 36.834499517000047 ], [ -4.978200195999932, 36.858798668000084 ], [ -4.943300141999941, 36.897098561000064 ], [ -4.87499926299995, 36.950401685000031 ], [ -4.787898874999939, 37.004699526000024 ], [ -4.748699091999981, 37.025501537000025 ], [ -4.692200262999966, 37.051998673000078 ], [ -4.538499003999959, 37.090900554000029 ], [ -4.456099022999979, 37.073299544000065 ], [ -4.398300157999927, 37.067298570000055 ], [ -4.289710126999978, 37.073902591000035 ], [ -4.144800277999936, 37.104801701000049 ], [ -4.040500086999945, 37.112598570000046 ], [ -3.978199122999967, 37.119399662000035 ], [ -3.882600106999981, 37.135299604000068 ], [ -3.807199171999969, 37.165199582000071 ], [ -3.72889990699997, 37.201999541000077 ], [ -3.653500031999954, 37.231899695000038 ], [ -3.593999039999972, 37.26060170300007 ], [ -3.476400041999967, 37.325000527000043 ], [ -3.303799148999929, 37.399600637000049 ], [ -3.199500017999981, 37.428199518000049 ], [ -3.097999093999931, 37.453300729000034 ], [ -2.993599130999939, 37.487598796000043 ], [ -2.86879995399994, 37.559799611000074 ], [ -2.794799005999948, 37.595298650000075 ], [ -2.697700054999927, 37.626098517000059 ], [ -2.54989911499996, 37.661300536000063 ], [ -2.48910002699995, 37.658801646000022 ], [ -2.41529915299998, 37.652889495000068 ], [ -2.319800084999941, 37.647998727000072 ], [ -2.185099997999941, 37.654510745000039 ], [ -2.096690212999931, 37.67609751100008 ], [ -2.030100113999936, 37.696601620000031 ], [ -1.990900153999974, 37.706798667000044 ], [ -1.922800054999925, 37.733001785000056 ], [ -1.837200130999975, 37.769599551000056 ], [ -1.758899099999952, 37.798000653000031 ], [ -1.563199144999942, 37.853698657000052 ], [ -1.479199103999974, 37.869499710000071 ], [ -1.413999984999975, 37.884201681000036 ], [ -1.379211180999959, 37.910304674000031 ], [ -1.283000112999958, 38.029399544000057 ], [ -1.236290060999977, 38.103599860000024 ], [ -1.217300013999932, 38.14929965400006 ], [ -1.192400288999977, 38.199501724000072 ], [ -1.102599171999941, 38.223197828000025 ], [ -1.018600013999958, 38.237800734000075 ], [ -0.867900035999981, 38.267101727000068 ], [ -0.683799056999931, 38.321300679000046 ], [ -0.562099166999928, 38.333400633000061 ], [ -0.504189051999958, 38.334381577000045 ], [ -0.184056960999953, 38.431142162000079 ], [ 0.350102715000048, 38.744790204000026 ], [ 0.361276671000041, 38.715456957000072 ], [ 0.400516912000057, 38.612445666000035 ], [ 0.397801879000042, 38.571495723000062 ], [ 0.386751914000058, 38.488037630000058 ] ] ] } },
{ "type": "Feature", "properties": { "ANCHOR": 0, "TIME": 600.0, "FILE1": "Global_EarthByte_GPlates_PresentDay_StaticPlatePolygons.gpmlz", "RECONFILE1": "Zahirovic_etal_2022_OptimisedMantleRef_and_NNRMantleRef.rot", "OBJECTID_1": "56", "PLATEID1": 503, "FROMAGE": 600.0, "TOAGE": -999.0, "NAME": "Arabia", "PLATEID2": 0, "GPGIM_TYPE": "gpml:ClosedContinentalBoundary", "L_PLATE": 0, "R_PLATE": 0, "SPREAD_ASY": 0.0, "IMPORT_AGE": 0.0, "Shape_Leng": 87.380375727100002, "Shape_Area": 394.82602106000002, "FEATURE_ID": "GPlates-3ad03af7-a2c1-4a9c-a94a-6a684ca16bcd" }, "geometry": { "type": "Polygon", "coordinates": [ [ [ 42.371637478000025, 38.753295237000032 ], [ 44.044843345000054, 38.155622724000068 ], [ 43.930000031000084, 38.090000677000027 ], [ 43.900001871000036, 37.950000668000023 ], [ 43.909999904000081, 37.790000532000072 ], [ 43.962298950000033, 37.714462566000066 ], [ 44.063308962000072, 37.659000660000068 ], [ 44.099639198000041, 37.599605443000037 ], [ 44.15195943500003, 37.468247098000063 ], [ 44.181456263000022, 37.402443873000038 ], [ 44.312760573000055, 37.240630712000033 ], [ 44.422203345000064, 37.13320050800008 ], [ 44.527687555000064, 37.046215961000023 ], [ 44.640641064000086, 36.940606551000037 ], [ 44.698843432000047, 36.801060372000052 ], [ 44.839844516000014, 36.621536541000076 ], [ 45.030809982000051, 36.339991559000055 ], [ 45.21267200900008, 36.164024555000019 ], [ 45.472651062000068, 35.853643534000071 ], [ 45.681333556000027, 35.636866798000021 ], [ 46.013258255000025, 35.41106008100008 ], [ 46.451282395000078, 35.140419202000032 ], [ 46.762576549000052, 34.806940180000026 ], [ 46.991183591000038, 34.532527038000069 ], [ 47.216754740000042, 34.224252531000047 ], [ 47.547680836000026, 33.787114331000055 ], [ 47.843068339000055, 33.459443272000051 ], [ 48.618301030000055, 33.287713838000059 ], [ 49.24631163500004, 33.114255966000037 ], [ 49.934221968000024, 32.861776762000034 ], [ 50.044815031000041, 32.803076417000057 ], [ 50.123015937000048, 32.75833884900004 ], [ 50.282687798000048, 32.695144704000029 ], [ 50.309071034000048, 32.665309711000077 ], [ 50.936587901000053, 32.292900730000042 ], [ 51.269301946000049, 32.072200749000054 ], [ 51.486400955000079, 31.791229499000057 ], [ 51.534907961000037, 31.747573529000075 ], [ 51.765348688000074, 31.447492507000049 ], [ 51.967542296000033, 31.194104583000069 ], [ 52.047524088000067, 31.101970921000035 ], [ 52.551457405000065, 30.648485130000036 ], [ 52.636681551000038, 30.567368940000055 ], [ 53.149997141000028, 30.063913115000048 ], [ 53.256501497000038, 29.992850584000056 ], [ 54.190856861000043, 29.46166574800003 ], [ 54.410443105000077, 29.32615088600005 ], [ 54.447558979000043, 29.279600646000063 ], [ 54.776001019000034, 29.100500626000045 ], [ 55.989800150000065, 28.414701574000048 ], [ 56.304500854000075, 28.390998759000073 ], [ 56.943645811000067, 28.093641124000044 ], [ 57.103428854000057, 27.520282205000058 ], [ 57.065639496000074, 26.664972305000049 ], [ 56.60519, 25.91195 ], [ 56.380390167, 24.941415787000039 ], [ 56.741750781000064, 23.694108908000032 ], [ 58.188463073000037, 23.065931202000058 ], [ 59.816163, 22.820497 ], [ 60.737980832000069, 22.754652315000044 ], [ 60.559382075000038, 22.606154472000071 ], [ 60.375252057000068, 22.619606383000075 ], [ 60.247288315000041, 22.53087836900005 ], [ 59.875244301000066, 22.272908993000044 ], [ 59.894458494000048, 22.198368230000028 ], [ 59.905371587000047, 22.123348152000062 ], [ 59.886907947000054, 22.047018681000054 ], [ 59.87870518800009, 22.013108125000031 ], [ 59.861072462000038, 21.867960333000042 ], [ 59.816900248000088, 21.721523751000063 ], [ 59.77474925000007, 21.653942985000072 ], [ 59.71943115800007, 21.538332241000035 ], [ 59.608035828000034, 21.361904837000054 ], [ 59.547227389000057, 21.243651454000034 ], [ 59.403700751000031, 20.764073555000039 ], [ 59.300832828000068, 20.627239079000049 ], [ 59.143903752000014, 20.526738692000038 ], [ 58.826622390000068, 20.16529870200003 ], [ 58.64345139000006, 19.90897848700007 ], [ 58.553644426000062, 19.590051346000052 ], [ 58.401166713000066, 19.30420491000007 ], [ 57.907246632000067, 18.248106738000047 ], [ 57.633814530000059, 17.721986970000046 ], [ 57.506443147000027, 17.346777372000073 ], [ 57.501661600000041, 17.058744514000068 ], [ 57.498691193000063, 16.879811905000054 ], [ 57.238552054000067, 17.03989994900007 ], [ 57.061465263000059, 17.101786127000025 ], [ 56.79400417800008, 17.152631576000037 ], [ 56.413718559000074, 17.204953186000068 ], [ 56.247367158000039, 17.190328506000071 ], [ 56.079216115000065, 17.140782619000049 ], [ 56.035008280000049, 17.083154291000028 ], [ 55.965805432000082, 17.040878969000062 ], [ 55.826565250000044, 17.043423244000056 ], [ 55.755909578000058, 17.033784168000071 ], [ 55.690321246000046, 16.990346335000027 ], [ 55.593493257000027, 16.868002142000023 ], [ 55.49542893000006, 16.829064207000044 ], [ 55.312857293000036, 16.797965411000067 ], [ 55.224733996000047, 16.75629729600006 ], [ 55.080406070000038, 16.625025707000077 ], [ 55.011900599000064, 16.581198044000075 ], [ 54.899450482000084, 16.572128244000055 ], [ 54.610966420000032, 16.646245643000043 ], [ 54.517620825000058, 16.641112152000062 ], [ 54.451247565000074, 16.615716398000075 ], [ 54.348977024000078, 16.492425495000077 ], [ 54.208635656000077, 16.413339457000063 ], [ 54.12107856800003, 16.420731417000074 ], [ 54.024836175000068, 16.412115339000028 ], [ 53.871560549000037, 16.347492420000041 ], [ 53.752997733000022, 16.344926096000052 ], [ 53.693684399000048, 16.360263880000048 ], [ 53.546298405000108, 16.398376298000073 ], [ 53.394792433000035, 16.479076063000036 ], [ 53.256198987000062, 16.501303166000071 ], [ 53.142539997000036, 16.492114832000027 ], [ 53.036105772000042, 16.443869793000033 ], [ 52.914958649000013, 16.344238622000034 ], [ 52.841490869000047, 16.216874204000078 ], [ 52.806425847000071, 16.096305432000065 ], [ 52.757506537000033, 16.044977029000052 ], [ 52.703466090000049, 15.969199834000051 ], [ 52.640416760000051, 15.794199590000064 ], [ 52.551400780000037, 15.670954800000061 ], [ 52.499254758000049, 15.598757363000059 ], [ 52.421179320000086, 15.446812608000073 ], [ 52.375413778000031, 15.251828284000048 ], [ 52.370496161000062, 15.230876754000066 ], [ 52.277986623000054, 15.102133534000076 ], [ 52.246483234000046, 15.058291052000069 ], [ 52.17731757100006, 14.882711560000075 ], [ 52.083066760000058, 14.773367277000034 ], [ 51.987105511000038, 14.720871094000076 ], [ 51.771545522000046, 14.693060085000068 ], [ 51.740143702000069, 14.750090815000021 ], [ 51.66007246100002, 14.790622837000059 ], [ 51.57853046200006, 14.78937155400007 ], [ 51.527142301000026, 14.74853304100003 ], [ 51.459807745000035, 14.742681038000057 ], [ 51.301057383000057, 14.76273701300005 ], [ 51.256151121000073, 14.716676801000062 ], [ 51.14458602200007, 14.646375130000024 ], [ 51.040367570000058, 14.638932949000035 ], [ 50.609510453000027, 14.736372029000051 ], [ 50.492581443000063, 14.727748737000068 ], [ 50.173800271000033, 14.601914064000027 ], [ 50.071862417000034, 14.593649475000063 ], [ 49.991301131000057, 14.562831448000056 ], [ 49.967656126000058, 14.52054137500005 ], [ 49.929934168000045, 14.453074090000028 ], [ 49.733942921000065, 14.35153110300007 ], [ 49.51935123800007, 14.322567890000075 ], [ 49.37814070600006, 14.255890080000029 ], [ 49.292702788000049, 14.254112427000054 ], [ 49.059690777000071, 14.249264291000031 ], [ 48.841043472000067, 14.120411542000056 ], [ 48.804404169000044, 14.081030623000061 ], [ 48.654330883000064, 13.919727776000066 ], [ 48.549428552000052, 13.880227927000021 ], [ 48.412807505000032, 13.912290146000032 ], [ 48.292991270000044, 13.918424078000044 ], [ 48.182307043, 13.924090501000023 ], [ 48.028499138000036, 13.861713688000066 ], [ 47.89922365000006, 13.881738119000035 ], [ 47.773246551000078, 13.864855368000065 ], [ 47.615283735000048, 13.709042093000052 ], [ 47.608379013000054, 13.700747843000045 ], [ 47.465902022000037, 13.529598348000036 ], [ 47.355047891000027, 13.489095539000061 ], [ 47.114028467000011, 13.480509449000067 ], [ 46.987750973000068, 13.401362529000039 ], [ 46.879674366000074, 13.389172871000028 ], [ 46.70735499700006, 13.296843188000025 ], [ 46.39781995400007, 13.315843929000039 ], [ 46.343297536000101, 13.319190776000028 ], [ 45.932631761000046, 13.237668729000063 ], [ 45.634004940000075, 13.253246842000067 ], [ 45.514426072000056, 13.034963983000068 ], [ 45.489880297000063, 12.990157386000021 ], [ 45.487732132000083, 12.893900471000052 ], [ 45.485650098000058, 12.80060678500007 ], [ 45.286422439000035, 12.627550414000041 ], [ 45.262001363000088, 12.60633738100006 ], [ 45.208299865000079, 12.580245188000049 ], [ 45.067473818000046, 12.511821389000033 ], [ 44.938976990000057, 12.449388044000045 ], [ 44.649412914000038, 12.395923157000034 ], [ 44.346295161000057, 12.37435565100003 ], [ 44.140417793000047, 12.319162959000039 ], [ 43.852883459000054, 12.332818387000035 ], [ 43.702777369000046, 12.398707367000043 ], [ 43.698039276000038, 12.400787150000042 ], [ 43.636424849000029, 12.402537497000026 ], [ 43.621139611000046, 12.390490645000057 ], [ 43.525122702000033, 12.315114722000033 ], [ 43.525116031000032, 12.315125052000042 ], [ 43.524297464000028, 12.316392696000037 ], [ 43.489737243000036, 12.377265186000045 ], [ 43.229999986000053, 12.920000577000053 ], [ 42.459998877000032, 13.850000587000068 ], [ 42.181201288000068, 14.669996080000034 ], [ 42.176432075000037, 14.684023222000064 ], [ 42.214676225000062, 14.748129896000025 ], [ 42.281235368000061, 14.83821482700006 ], [ 42.709177943000029, 15.417416657000047 ], [ 42.721443125000064, 15.836553471000061 ], [ 42.697641323000035, 16.115847117000037 ], [ 42.649160397000067, 16.363471325000035 ], [ 42.292616020000025, 16.890609471000062 ], [ 41.829508485000055, 17.258308668000041 ], [ 41.44740392500006, 17.788023613000064 ], [ 40.968640702000073, 19.197714087000065 ], [ 40.389469791000067, 19.818298930000026 ], [ 40.152623574000074, 20.019157216000053 ], [ 39.842315167000038, 20.218213269000046 ], [ 38.896577605000068, 21.140137965000065 ], [ 38.641597397000055, 21.309607120000067 ], [ 38.418020106000036, 21.676953968000078 ], [ 38.435041818000066, 22.470605216000024 ], [ 38.118477850000033, 22.817436100000066 ], [ 37.776875603000072, 23.415360116000045 ], [ 37.055277207000081, 23.718029283000078 ], [ 36.790820560000043, 23.679874838000046 ], [ 36.760045434000055, 23.675434761000076 ], [ 36.058201058000066, 24.961198613000079 ], [ 35.240902038000051, 26.32069976400004 ], [ 34.645801875000075, 27.21909961100005 ], [ 34.447898990000056, 27.509700708000036 ], [ 34.597969080000041, 27.897701662000031 ], [ 34.53206996800003, 27.944799676000059 ], [ 34.577800841000048, 28.037015628000063 ], [ 34.613235955000057, 28.089120782000066 ], [ 34.669730898000068, 28.140480559000032 ], [ 34.761211010000061, 28.298648600000035 ], [ 34.789608051000073, 28.351888682000038 ], [ 34.820971940000064, 28.483610620000036 ], [ 34.840980897000073, 28.590318758000024 ], [ 34.774368018000075, 28.637800674000065 ], [ 34.90100105700003, 28.87045086400008 ], [ 34.812202956000078, 28.902700692000053 ], [ 34.934348906000025, 29.13723966200007 ], [ 34.994381074000046, 29.350681720000072 ], [ 34.926177848000066, 29.387100603000079 ], [ 35.002851190000065, 29.528661040000028 ], [ 35.018779997000038, 29.558071769000037 ], [ 35.121108940000056, 29.810890728000061 ], [ 35.187800931000027, 29.997638578000082 ], [ 35.382079886000042, 30.632299823000039 ], [ 35.446200938000061, 30.831760563000046 ], [ 35.53168095900002, 31.173700777000082 ], [ 35.567298841000039, 31.330419564000064 ], [ 35.595520001000068, 31.596420781000067 ], [ 35.52455900700005, 31.643850780000037 ], [ 35.542449973000025, 31.848289699000077 ], [ 35.558139775000029, 31.954688809000061 ], [ 35.56964092100003, 32.104991641000026 ], [ 35.610039028000074, 32.299221681000063 ], [ 35.631413006000066, 32.498680655000044 ], [ 35.633270001000028, 32.619399778000059 ], [ 35.638969010000039, 32.76129969200008 ], [ 35.588668934000054, 32.762260858000047 ], [ 35.606071812000039, 32.940498601000058 ], [ 35.625194830000055, 33.04204173100004 ], [ 35.631413006000059, 33.104190653000046 ], [ 35.638530897000059, 33.268028743000059 ], [ 35.648548001000051, 33.42209271300004 ], [ 35.653716895000066, 33.539543554000034 ], [ 35.686210943000049, 33.612651675000045 ], [ 35.768114537000038, 33.736769931000019 ], [ 35.659779348000029, 34.63053533000005 ], [ 35.868798513000058, 35.26646050800008 ], [ 35.890369428000049, 35.752503659000077 ], [ 35.904111060000048, 35.766745142000055 ], [ 35.857291200000077, 36.394131265000055 ], [ 36.064010437000036, 36.607030834000057 ], [ 36.1334, 36.818 ], [ 36.831504074000065, 37.170405612000025 ], [ 36.832639459000063, 37.17725856800007 ], [ 36.989692349000052, 37.38459034400006 ], [ 37.566573976000022, 37.704287592000071 ], [ 37.836048848000075, 37.833881474000066 ], [ 38.055964957000072, 37.94972501500007 ], [ 38.195890270000064, 38.020430663000077 ], [ 38.530855806000034, 38.199478591000059 ], [ 38.697755924000035, 38.278967703000035 ], [ 38.836832733000051, 38.327766431000043 ], [ 39.182805501000075, 38.461458734000075 ], [ 39.46633656300002, 38.562556686000043 ], [ 39.651948072000039, 38.598353098000075 ], [ 39.925815735000072, 38.715415093000054 ], [ 40.282798911000043, 38.695610801000043 ], [ 40.96402964400005, 39.168629645000067 ], [ 42.371637478000025, 38.753295237000032 ] ] ] } },
{ "type": "Feature", "properties": { "ANCHOR": 0, "TIME": 600.0, "FILE1": "Global_EarthByte_GPlates_PresentDay_StaticPlatePolygons.gpmlz", "RECONFILE1": "Zahirovic_etal_2022_OptimisedMantleRef_and_NNRMantleRef.rot", "OBJECTID_1": "57", "PLATEID1": 505, "FROMAGE": 600.0, "TOAGE": -999.0, "NAME": "Lut (Iran)", "PLATEID2": 0, "GPGIM_TYPE": "gpml:ClosedContinentalBoundary", "L_PLATE": 0, "R_PLATE": 0, "SPREAD_ASY": 0.0, "IMPORT_AGE": 0.0, "Shape_Leng": 35.9217726113, "Shape_Area": 58.528875648700001, "FEATURE_ID": "GPlates-3c512a40-472b-40e0-982f-0ddd938e38da" }, "geometry": { "type": "Polygon", "coordinates": [ [ [ 59.119998886000062, 36.749999734000028 ], [ 59.319999983000059, 36.599998690000064 ], [ 59.410000115000059, 36.209999649000054 ], [ 59.844768614000031, 35.95439257900005 ], [ 60.029241268000085, 35.400974615000052 ], [ 60.318249264000031, 34.762905486000079 ], [ 60.599211452000084, 33.59572961300006 ], [ 60.707292314000028, 32.722672984000042 ], [ 60.693591494000032, 31.920988462000018 ], [ 60.674385850000071, 31.065877761000017 ], [ 60.673389762000056, 30.661170733000063 ], [ 60.808889788000045, 30.291065586000062 ], [ 61.376447330000076, 29.680339308000047 ], [ 61.893881645000086, 29.162904993000041 ], [ 62.16510206300007, 28.552659051000035 ], [ 62.673640348000049, 28.010218214000076 ], [ 63.057317542000078, 27.770124053000078 ], [ 62.639737795000038, 27.501679930000023 ], [ 62.423238399000063, 27.411471848000076 ], [ 61.317538256000034, 26.993141646000026 ], [ 60.329998030000063, 26.85999879700006 ], [ 60.179999988000084, 26.800001593000047 ], [ 60.08736004900004, 26.783149668000078 ], [ 59.982002099000056, 26.821399588000077 ], [ 59.631400973000041, 26.909601705000057 ], [ 59.100899001000073, 26.885599575000072 ], [ 58.390499010000042, 26.981800754000062 ], [ 57.967898909000041, 27.125900773000073 ], [ 57.591116422000034, 27.384771826000076 ], [ 57.67916870100003, 27.427249908000078 ], [ 57.776489258000019, 27.691209793000041 ], [ 57.74652862500006, 28.54780960100004 ], [ 57.631759644000063, 28.95429039000004 ], [ 56.818271637000066, 29.312360764000061 ], [ 56.416439056000051, 29.409940720000066 ], [ 55.740550995000028, 29.723159790000071 ], [ 55.114109039000027, 29.986919403000059 ], [ 54.207420349000067, 30.728759766000046 ], [ 53.745830536000028, 31.140890121000041 ], [ 53.399639130000047, 31.734359741000045 ], [ 53.069938660000041, 32.212429047000057 ], [ 52.994369507000044, 32.804161072000056 ], [ 52.875560760000056, 33.381141663000051 ], [ 52.818191528000057, 33.95433044400005 ], [ 52.64630889900009, 34.335758209000062 ], [ 53.918029785000044, 34.801059723000037 ], [ 54.209270477000075, 35.35995101900005 ], [ 56.518688202000078, 36.053359985000043 ], [ 56.328350067000024, 36.413158417000034 ], [ 55.998439789000045, 36.566848755000024 ], [ 56.835918427000081, 36.710010529000037 ], [ 58.041370392000033, 36.658908844000052 ], [ 57.692378998000031, 37.158329010000045 ], [ 57.427220319000071, 37.467006694000077 ], [ 57.639999169000085, 37.430000711000048 ], [ 57.93000004500005, 37.330001486000079 ], [ 58.20000114700008, 37.200000746000065 ], [ 58.570000061000016, 37.110000791000068 ], [ 58.909999932000062, 36.930000704000065 ], [ 59.119998886000062, 36.749999734000028 ] ] ] } },
{ "type": "Feature", "properties": { "ANCHOR": 0, "TIME": 600.0, "FILE1": "Global_EarthByte_GPlates_PresentDay_StaticPlatePolygons.gpmlz", "RECONFILE1": "Zahirovic_etal_2022_OptimisedMantleRef_and_NNRMantleRef.rot", "OBJECTID_1": "58", "PLATEID1": 50601, "FROMAGE": 600.0, "TOAGE": -999.0, "NAME": "Helmand (Central Afghanistan)", "PLATEID2": 0, "GPGIM_TYPE": "gpml:ClosedContinentalBoundary", "L_PLATE": 0, "R_PLATE": 0, "SPREAD_ASY": 0.0, "IMPORT_AGE": 0.0, "Shape_Leng": 34.103708590899998, "Shape_Area": 42.265472094700002, "FEATURE_ID": "GPlates-6c4e2780-f679-4260-9b15-b5a32851c61c" }, "geometry": { "type": "Polygon", "coordinates": [ [ [ 67.030257917000029, 30.119770577000057 ], [ 66.687641824000082, 27.503432909000026 ], [ 66.434372239000083, 27.827862171000049 ], [ 66.097798130000058, 28.145828424000058 ], [ 64.979013904000055, 27.942413110000075 ], [ 63.45339905000003, 27.569485035000071 ], [ 63.057317542000078, 27.770124053000078 ], [ 62.673640348000049, 28.010218214000076 ], [ 62.16510206300007, 28.552659051000035 ], [ 61.893881645000086, 29.162904993000041 ], [ 61.376447330000076, 29.680339308000047 ], [ 60.808889788000045, 30.291065586000062 ], [ 60.673389762000056, 30.661170733000063 ], [ 60.674385850000071, 31.065877761000017 ], [ 60.693591494000032, 31.920988462000018 ], [ 61.661475476000085, 32.330915796000049 ], [ 64.245619009000052, 33.44038118800006 ], [ 66.415687446000049, 34.22084439800004 ], [ 67.900471114000084, 34.430236966000052 ], [ 68.680934324000077, 34.79191503900006 ], [ 68.866950098000089, 35.093028839000063 ], [ 69.279724139000052, 35.469856432000022 ], [ 69.553489807000076, 35.486549662000073 ], [ 70.02843598100003, 35.672396090000056 ], [ 71.205322084000045, 36.132911597000039 ], [ 73.030219856000031, 36.561531568000071 ], [ 72.886986965000062, 36.456201043000085 ], [ 70.532692047000069, 34.72489973100005 ], [ 70.272847880000029, 34.345644450000066 ], [ 68.243149035000044, 31.383199635000036 ], [ 67.282935958000053, 30.119770577000057 ], [ 67.030257917000029, 30.119770577000057 ] ] ] } },
{ "type": "Feature", "properties": { "ANCHOR": 0, "TIME": 600.0, "FILE1": "Global_EarthByte_GPlates_PresentDay_StaticPlatePolygons.gpmlz", "RECONFILE1": "Zahirovic_etal_2022_OptimisedMantleRef_and_NNRMantleRef.rot", "OBJECTID_1": "59", "PLATEID1": 7701, "FROMAGE": 600.0, "TOAGE": -999.0, "NAME": "Tunisia", "PLATEID2": 0, "GPGIM_TYPE": "gpml:ClosedContinentalBoundary", "L_PLATE": 0, "R_PLATE": 0, "SPREAD_ASY": 0.0, "IMPORT_AGE": 0.0, "Shape_Leng": 19.133567608500002, "Shape_Area": 16.483108123800001, "FEATURE_ID": "GPlates-495eb8b2-97f5-44a8-be99-849bc2747faa" }, "geometry": { "type": "Polygon", "coordinates": [ [ [ 11.335755216000054, 37.747095883000036 ], [ 11.95441507800007, 36.842900701000076 ], [ 13.011062441000034, 36.224007245000053 ], [ 13.111058986000048, 36.031706197000069 ], [ 13.063469766000026, 35.498706932000061 ], [ 12.854077197000032, 35.04185041900007 ], [ 12.442161611000074, 34.587531758000068 ], [ 9.800021867000059, 33.334209059000052 ], [ 9.893968913000039, 33.966376020000048 ], [ 9.916176641000048, 34.20037128000007 ], [ 6.589070169000022, 35.781925589000025 ], [ 6.489610388000075, 35.829204222000044 ], [ 5.505073243000028, 36.297208169000044 ], [ 6.426879434000055, 36.472758555000048 ], [ 7.197824800000036, 36.629802982000051 ], [ 7.785675663000064, 36.871859219000044 ], [ 7.816388607000023, 36.860271454000028 ], [ 7.876666069000068, 36.847496033000034 ], [ 7.93222141300004, 36.844444275000058 ], [ 7.954721928000025, 36.846660614000037 ], [ 8.051387787000072, 36.874717712000063 ], [ 8.155782546000069, 36.91999463500008 ], [ 8.225624084000058, 36.952774048000038 ], [ 8.390094775000025, 36.918921569000076 ], [ 8.545831680000047, 36.921386719000047 ], [ 8.657367198000031, 36.951249629000074 ], [ 8.66722106900005, 36.953887939000026 ], [ 8.714161022000045, 36.95793753700007 ], [ 9.662374082000042, 37.395970744000067 ], [ 11.201618060000047, 37.965068762000044 ], [ 11.335755216000054, 37.747095883000036 ] ] ] } },
{ "type": "Feature", "properties": { "ANCHOR": 0, "TIME": 600.0, "FILE1": "Global_EarthByte_GPlates_PresentDay_StaticPlatePolygons.gpmlz", "RECONFILE1": "Zahirovic_etal_2022_OptimisedMantleRef_and_NNRMantleRef.rot", "OBJECTID_1": "60", "PLATEID1": 501, "FROMAGE": 600.0, "TOAGE": -999.0, "NAME": "India", "PLATEID2": 0, "GPGIM_TYPE": "gpml:ClosedContinentalBoundary", "L_PLATE": 0, "R_PLATE": 0, "SPREAD_ASY": 0.0, "IMPORT_AGE": 0.0, "Shape_Leng": 96.1786088482, "Shape_Area": 346.95998450100001, "FEATURE_ID": "GPlates-83af97e7-adab-4d99-8a3d-06decdf4ac63" }, "geometry": { "type": "Polygon", "coordinates": [ [ [ 71.026274683000054, 34.299216201000036 ], [ 71.084096897000052, 34.033041694000076 ], [ 71.346823223000058, 34.249318183000071 ], [ 71.75670051600008, 34.297006607000064 ], [ 72.261736202000066, 34.446450263000031 ], [ 73.067555434000042, 33.733656513000028 ], [ 74.048391047000052, 32.974288687000069 ], [ 74.764935984000033, 32.89024431200005 ], [ 75.44654930400003, 32.493136426000028 ], [ 76.19743261800005, 31.762537614000053 ], [ 77.015556462000063, 30.606428062000081 ], [ 77.729886924000084, 30.26394461700005 ], [ 78.261830916000065, 29.905279342000025 ], [ 78.967137335000075, 29.525553970000033 ], [ 80.303062607000072, 29.056422518000034 ], [ 80.65980730900003, 28.953518104000072 ], [ 81.417670853000075, 28.533460416000018 ], [ 82.027452466000057, 28.163969036000033 ], [ 82.322769969000049, 27.779551391000041 ], [ 82.742410660000075, 27.643022537000036 ], [ 83.260285466000084, 27.599835337000059 ], [ 84.258179667000036, 27.567199577000054 ], [ 84.674827140000048, 27.393779195000036 ], [ 85.914014816000076, 27.04809379600005 ], [ 87.383746588000079, 26.812326158000076 ], [ 88.167781540000092, 26.718163583000035 ], [ 88.851419449000048, 26.864377975000025 ], [ 89.090016155000058, 26.834317636000037 ], [ 89.326967209000031, 26.75946395000005 ], [ 89.446020593000085, 26.785306003000073 ], [ 89.872858772000086, 26.695469315000025 ], [ 90.659392224000058, 26.738216912000041 ], [ 91.210854364000056, 26.875052930000038 ], [ 92.586751014000072, 26.977872074000061 ], [ 92.729593277000049, 27.093946457000072 ], [ 93.104254132000051, 27.016323684000042 ], [ 93.411611557000072, 26.971357346000048 ], [ 93.808149028000059, 27.287526762000027 ], [ 94.384113339000066, 27.653690421000086 ], [ 94.740140955000072, 27.786086823000062 ], [ 94.960672379000073, 27.956247330000053 ], [ 95.690221786000052, 28.368555069000024 ], [ 95.91977735100005, 28.170091270000057 ], [ 96.188604923000071, 28.088392879000025 ], [ 96.387258156000101, 27.574462724000057 ], [ 96.266159058000085, 27.592844009000043 ], [ 95.673927307000042, 27.387937546000046 ], [ 95.25939388200004, 27.217207189000082 ], [ 95.128838113000086, 27.117870808000077 ], [ 92.955750164000051, 25.399620604000063 ], [ 92.45037783500004, 24.641559815000058 ], [ 91.2423, 23.7947 ], [ 90.934, 22.6616 ], [ 90.521523986000034, 21.801183854000044 ], [ 90.507152942000062, 21.784402730000071 ], [ 89.71498076000006, 21.657714546000022 ], [ 89.6066, 21.5161 ], [ 89.4436, 21.3961 ], [ 89.3893, 21.3617 ], [ 89.337032546000046, 21.303755261000049 ], [ 89.335876884000072, 21.302658586000064 ], [ 89.3351, 21.3018 ], [ 89.2356, 21.2075 ], [ 89.116731451000078, 21.068604719000064 ], [ 88.9919, 20.916 ], [ 88.7838, 20.7354 ], [ 88.594, 20.546 ], [ 88.455029351000064, 20.434500293000042 ], [ 88.422, 20.408 ], [ 88.2862, 20.313 ], [ 88.1138, 20.2435 ], [ 87.9233, 20.1652 ], [ 87.799670681000066, 20.130209059000034 ], [ 87.6237, 20.0692 ], [ 87.3241, 19.9903 ], [ 87.152931675000048, 19.921848388000058 ], [ 87.107228509000038, 19.903485803000024 ], [ 87.106493708000073, 19.903277465000034 ], [ 87.1063, 19.9032 ], [ 86.952, 19.8594 ], [ 86.951625281000091, 19.85936773300006 ], [ 86.950748711000074, 19.85911920000007 ], [ 86.6338, 19.832 ], [ 86.480938284000047, 19.782870890000027 ], [ 86.416, 19.762 ], [ 86.1258, 19.614 ], [ 86.0171, 19.5445 ], [ 85.818, 19.3882 ], [ 85.7096, 19.2581 ], [ 85.644147436000083, 19.189930309000033 ], [ 85.634540996000055, 19.179925078000053 ], [ 85.281556090000038, 18.821942316000047 ], [ 85.0316, 18.5882 ], [ 84.844298494000043, 18.445209999000042 ], [ 84.6423, 18.291 ], [ 84.4885, 18.1599 ], [ 84.373922115000084, 18.052712874000065 ], [ 84.2172, 17.9061 ], [ 84.0635, 17.7572 ], [ 83.9459, 17.6433 ], [ 83.7199, 17.4239 ], [ 83.624532488000057, 17.339698634000058 ], [ 83.5209, 17.2482 ], [ 83.349216370000079, 17.154595692000044 ], [ 83.2942, 17.1246 ], [ 83.0132, 16.9657 ], [ 82.963145206000036, 16.926704595000047 ], [ 82.944232514000078, 16.911970580000052 ], [ 82.7869, 16.7894 ], [ 82.5245, 16.5776 ], [ 82.3616, 16.4364 ], [ 82.353419579000047, 16.430407235000075 ], [ 82.133062959000085, 16.268979663000042 ], [ 82.0718, 16.2241 ], [ 81.7634, 16.0818 ], [ 81.563746020000053, 15.990374473000033 ], [ 81.4913, 15.9572 ], [ 81.2106, 15.7445 ], [ 81.155446679000079, 15.693806208000069 ], [ 81.0659, 15.6115 ], [ 80.7585, 15.3012 ], [ 80.6055, 15.0353 ], [ 80.5514, 14.9555 ], [ 80.5343, 14.7785 ], [ 80.539506136000057, 14.634686457000043 ], [ 80.5452, 14.4774 ], [ 80.5651, 14.1937 ], [ 80.566008771000043, 14.04039040300006 ], [ 80.5671, 13.8563 ], [ 80.642, 13.5098 ], [ 80.694966580000084, 13.314149601000054 ], [ 80.695184218000065, 13.313345682000033 ], [ 80.707, 13.2697 ], [ 80.7271, 12.9578 ], [ 80.7101, 12.7613 ], [ 80.6472, 12.627 ], [ 80.579993090000073, 12.486872233000042 ], [ 80.572681385000067, 12.471627179000052 ], [ 80.5484, 12.421 ], [ 80.4131, 12.2324 ], [ 80.2868, 12.0528 ], [ 80.197, 11.8553 ], [ 80.131745633000037, 11.683414893000077 ], [ 80.1254, 11.6667 ], [ 80.099, 11.5051 ], [ 80.099321601000042, 11.461844606000057 ], [ 80.256719492000059, 11.148102628000061 ], [ 80.3198, 11.0933 ], [ 80.634311199000095, 10.624554746000056 ], [ 80.6685, 10.5736 ], [ 80.643200008000065, 10.553222858000026 ], [ 80.584144779000042, 10.50565854300004 ], [ 80.584853623000072, 10.504376982000048 ], [ 80.57804387200008, 10.504863393000051 ], [ 80.024, 10.1709 ], [ 79.6322, 10.0345 ], [ 79.178485806000083, 9.623389662000024 ], [ 78.350547943000038, 8.63143053500005 ], [ 78.351096166000048, 8.581943718000048 ], [ 78.354507043000069, 8.274051686000064 ], [ 78.3552, 8.2115 ], [ 78.241088452000042, 7.982474577000062 ], [ 78.059948152000061, 7.618920363000029 ], [ 77.953756919000057, 7.425869080000041 ], [ 77.9069, 7.3351 ], [ 77.8469, 7.1175 ], [ 77.698746035000056, 6.986758912000028 ], [ 77.4368, 6.7556 ], [ 76.9824, 6.7106 ], [ 76.3465, 6.9368 ], [ 76.193460877000064, 6.808874557000024 ], [ 75.8011, 6.4809 ], [ 75.74442421100008, 6.485730710000041 ], [ 75.3013, 6.5235 ], [ 74.991368472000033, 7.005669619000066 ], [ 74.9819, 7.0204 ], [ 74.844, 7.4728 ], [ 75.0698, 8.1089 ], [ 74.9765, 8.6514 ], [ 74.8829, 9.1482 ], [ 75.1549, 9.7379 ], [ 75.1988, 10.1448 ], [ 74.408, 11.4926 ], [ 74.2663, 11.8522 ], [ 74.1254, 12.0763 ], [ 73.9838, 12.3454 ], [ 73.691114713000047, 12.965484232000057 ], [ 73.677687958000035, 13.183788438000024 ], [ 73.645101344000068, 13.222001595000052 ], [ 73.673719800000072, 13.24830630200006 ], [ 73.6017, 13.5529 ], [ 73.4348, 14.0854 ], [ 73.3334, 14.3156 ], [ 73.3136, 14.5814 ], [ 73.2028, 14.8553 ], [ 73.10597363800008, 15.073566180000059 ], [ 73.0366, 15.261 ], [ 72.82726299400008, 15.658616772000071 ], [ 72.811557571000051, 15.686954818000061 ], [ 72.7698, 15.7623 ], [ 72.467788825000071, 16.369456909000064 ], [ 72.3555, 16.5952 ], [ 72.352680417000045, 16.654813750000066 ], [ 72.281464364000058, 16.719219280000061 ], [ 72.1625, 16.9185 ], [ 72.071, 17.0143 ], [ 71.8607, 17.1882 ], [ 71.7146, 17.2923 ], [ 71.477, 17.4658 ], [ 71.2213, 17.6303 ], [ 71.1847, 17.665 ], [ 71.0104, 17.9168 ], [ 70.4975, 18.4966 ], [ 70.3691, 18.6694 ], [ 70.1854, 18.963 ], [ 70.0931, 19.1787 ], [ 69.9091, 19.5145 ], [ 69.7896, 19.7122 ], [ 69.6057, 20.0383 ], [ 69.4398, 20.3895 ], [ 69.3756, 20.4663 ], [ 69.3298, 20.5261 ], [ 69.3113, 20.5774 ], [ 69.1831, 20.7052 ], [ 69.17127058300008, 20.714985892000072 ], [ 69.1009, 20.7732 ], [ 69.0548, 20.8671 ], [ 69.0181, 20.9182 ], [ 68.7806, 21.0707 ], [ 68.7167, 21.1131 ], [ 68.652949611000054, 21.176273897000044 ], [ 68.548127485000066, 21.280148121000025 ], [ 68.4513, 21.3761 ], [ 68.2224, 21.6218 ], [ 68.1033, 21.7573 ], [ 67.9019, 21.9516 ], [ 67.6912, 22.1964 ], [ 67.499, 22.3901 ], [ 67.3525, 22.5331 ], [ 67.1326, 22.7938 ], [ 66.8759, 23.1126 ], [ 66.5468, 23.3631 ], [ 66.3544, 23.5804 ], [ 66.1615, 23.8892 ], [ 66.0695, 24.056 ], [ 65.9958, 24.1975 ], [ 66.002495299000032, 24.476563765000037 ], [ 66.003349774000071, 24.498413861000074 ], [ 66.003435428000046, 24.500604137000039 ], [ 66.0388, 24.5809 ], [ 66.0567, 24.6309 ], [ 66.0655, 24.6809 ], [ 66.0562, 24.7057 ], [ 66.047310347000064, 24.755690647000051 ], [ 66.048430004000068, 24.756441256000073 ], [ 66.434260042000062, 25.015098779000031 ], [ 66.65876316300006, 25.2196 ], [ 66.728485633000048, 25.463628649000043 ], [ 66.7424, 25.4737 ], [ 66.474349944000039, 25.874660670000026 ], [ 66.687641824000082, 27.503432909000026 ], [ 67.030257917000029, 30.119770577000057 ], [ 67.282935958000053, 30.119770577000057 ], [ 68.243149035000044, 31.383199635000036 ], [ 70.272847880000029, 34.345644450000066 ], [ 70.761088930000028, 34.449746249000043 ], [ 70.772373971000036, 34.43979765000006 ], [ 71.007011050000074, 34.391756655000052 ], [ 71.026274683000054, 34.299216201000036 ] ] ] } },
{ "type": "Feature", "properties": { "ANCHOR": 0, "TIME": 600.0, "FILE1": "Global_EarthByte_GPlates_PresentDay_StaticPlatePolygons.gpmlz", "RECONFILE1": "Zahirovic_etal_2022_OptimisedMantleRef_and_NNRMantleRef.rot", "OBJECTID_1": "61", "PLATEID1": 616, "FROMAGE": 600.0, "TOAGE": -999.0, "NAME": "East Qiangtang", "PLATEID2": 0, "GPGIM_TYPE": "gpml:ClosedContinentalBoundary", "L_PLATE": 0, "R_PLATE": 0, "SPREAD_ASY": 0.0, "IMPORT_AGE": 0.0, "Shape_Leng": 39.274646534299997, "Shape_Area": 32.075279485300001, "FEATURE_ID": "GPlates-5fbc0823-cf48-4630-9f1b-c2d0cd5ac049" }, "geometry": { "type": "Polygon", "coordinates": [ [ [ 90.373860860000036, 35.333009016000069 ], [ 90.430000136000046, 35.330001636000077 ], [ 91.01999691900005, 35.200000719000059 ], [ 91.559998064000069, 35.029998665000058 ], [ 91.970001117000052, 34.950000627000065 ], [ 92.449996935000058, 34.860000672000069 ], [ 92.889999032000048, 34.829997744000025 ], [ 93.110000964000051, 34.680000585000073 ], [ 93.519996954000078, 34.540000576000068 ], [ 93.870003157000042, 34.409999836000054 ], [ 94.19000201700004, 34.340000714000041 ], [ 94.519996967000054, 34.290000661000079 ], [ 94.800002989000063, 34.11000075000004 ], [ 95.159996100000058, 34.069999612000061 ], [ 95.529991129000052, 33.979999657000064 ], [ 95.970000995000078, 33.869991628000037 ], [ 96.187171875000047, 33.823463638000071 ], [ 96.230003182000075, 33.740001660000075 ], [ 96.309997864000081, 33.619998600000031 ], [ 96.519996994000053, 33.479999650000025 ], [ 96.740012876000037, 33.310001657000051 ], [ 96.98999795800006, 33.139999603000035 ], [ 97.239998050000054, 32.930000826000025 ], [ 97.510001977000059, 32.649997806000044 ], [ 97.749999974000048, 32.380001825000079 ], [ 97.929999885000086, 32.060001729000078 ], [ 98.249999981000087, 31.499999750000029 ], [ 98.440001986000084, 31.069999571000043 ], [ 98.540000858000042, 30.769988654000041 ], [ 98.600006008000037, 30.389999654000064 ], [ 98.74999998800007, 29.899999622000056 ], [ 98.830002087000082, 29.479999596000027 ], [ 98.860000954000043, 28.979999589000045 ], [ 98.860000954000043, 28.130001679000035 ], [ 98.820220904000053, 27.795862748000047 ], [ 98.726498715000048, 27.991433314000066 ], [ 98.256416349000062, 29.048496389000036 ], [ 97.527111551000075, 29.717124931000058 ], [ 97.521162899000046, 29.865841244000023 ], [ 97.480692541000053, 29.975349270000041 ], [ 97.429447394000078, 30.086133465000046 ], [ 97.309761300000048, 30.302489096000041 ], [ 97.200753979000069, 30.48823377400004 ], [ 97.129179445000034, 30.584327269000028 ], [ 97.000060938000047, 30.72958558900006 ], [ 96.909339214000056, 30.824843400000081 ], [ 96.807731669000077, 30.922169685000032 ], [ 96.728802384000062, 30.990136569000072 ], [ 96.546773617000042, 31.115058272000056 ], [ 96.294848967000064, 31.236088238000036 ], [ 95.981131605000087, 31.35790138200008 ], [ 95.673862880000058, 31.456676565000063 ], [ 95.415339908000078, 31.564776402000064 ], [ 95.222603567000078, 31.678990531000071 ], [ 94.883530374000031, 31.778927893000059 ], [ 94.62654858500008, 31.896711213000067 ], [ 94.387412754000081, 31.978802617000042 ], [ 94.230368328000054, 32.014494532000072 ], [ 94.11615419900005, 31.982371809000032 ], [ 93.434438621000083, 31.996648575000062 ], [ 93.058012788000042, 31.999893625000027 ], [ 92.958595216000049, 32.016485448000026 ], [ 92.816968490000079, 32.05375563900003 ], [ 92.474326105000046, 32.232215214000071 ], [ 92.188790784000048, 32.339290960000028 ], [ 91.898522588000048, 32.326531918000057 ], [ 91.503506015000085, 32.260768747000043 ], [ 91.168002013000034, 32.167969767000052 ], [ 91.085910357000046, 32.157262549000045 ], [ 90.950281331000042, 32.349998534000065 ], [ 90.821790695000061, 32.574857712000032 ], [ 90.550531882000087, 32.896084835000067 ], [ 90.397058487000038, 33.042421341000079 ], [ 90.143644333000054, 33.09596061700006 ], [ 90.000876390000045, 33.085251985000063 ], [ 89.918784985000059, 33.099528751000044 ], [ 89.604696274000048, 33.238729477000042 ], [ 89.319160812000064, 33.342233774000078 ], [ 89.183531534000053, 33.402910029000054 ], [ 88.894427022000059, 33.395771646000071 ], [ 88.458985658000074, 33.410048412000037 ], [ 87.563118589000055, 33.367218114000025 ], [ 87.368553581000072, 33.369480498000023 ], [ 87.203775260000043, 33.378616124000075 ], [ 86.945650101000069, 33.417188644000078 ], [ 86.892110586000058, 33.43503275300003 ], [ 86.852849960000071, 33.527833939000061 ], [ 86.649408340000036, 33.609922409000035 ], [ 86.492361136000056, 33.642045860000053 ], [ 86.328180313000075, 33.620630264000056 ], [ 86.29605560300007, 33.577800413000034 ], [ 86.196118241000079, 33.563523647000068 ], [ 86.035504623000065, 33.485001434000011 ], [ 85.899875346000044, 33.488570626000069 ], [ 85.760676877000037, 33.513554966000072 ], [ 85.671449661000054, 33.563524246000043 ], [ 85.592924118000042, 33.663461685000073 ], [ 85.560802153000054, 33.788382712000043 ], [ 85.514402390000043, 33.809797287000045 ], [ 85.407327652000049, 33.809797287000045 ], [ 84.968316362000053, 33.852628159000062 ], [ 84.968317032000073, 33.891889572000025 ], [ 85.178094177000048, 33.91733588500005 ], [ 85.28954359800008, 33.95613471300004 ], [ 85.285974503000034, 33.991827011000055 ], [ 85.03613090500005, 34.198839188000079 ], [ 84.921918869000081, 34.323762894000019 ], [ 84.889795303000085, 34.462961197000027 ], [ 84.707765579000068, 34.63428306600008 ], [ 84.579275131000031, 34.687818527000047 ], [ 84.250908869000057, 34.705664930000069 ], [ 84.147402315000079, 34.748495228000024 ], [ 83.779775620000066, 35.076860428000039 ], [ 83.622179257000084, 35.102048296000092 ], [ 83.529999088000068, 35.139999630000034 ], [ 84.139999001000035, 35.159999758000019 ], [ 84.849997962000032, 35.239997619000071 ], [ 85.239998062000041, 35.229999586000083 ], [ 85.860000953000053, 35.249999713000079 ], [ 86.330001916000072, 35.299999767000024 ], [ 86.879997032000063, 35.290000498000047 ], [ 87.330002107000041, 35.330001636000077 ], [ 87.779991111000072, 35.330001636000077 ], [ 88.349998010000036, 35.360000679000045 ], [ 88.639999062000072, 35.340000728000064 ], [ 89.220000815000049, 35.319999718000076 ], [ 89.870002925000051, 35.360000679000045 ], [ 90.373860860000036, 35.333009016000069 ] ] ] } },
{ "type": "Feature", "properties": { "ANCHOR": 0, "TIME": 600.0, "FILE1": "Global_EarthByte_GPlates_PresentDay_StaticPlatePolygons.gpmlz", "RECONFILE1": "Zahirovic_etal_2022_OptimisedMantleRef_and_NNRMantleRef.rot", "OBJECTID_1": "63", "PLATEID1": 613, "FROMAGE": 600.0, "TOAGE": -999.0, "NAME": "Dangerous Grounds and Reed Bank", "PLATEID2": 0, "GPGIM_TYPE": "gpml:ClosedContinentalBoundary", "L_PLATE": 0, "R_PLATE": 0, "SPREAD_ASY": 0.0, "IMPORT_AGE": 0.0, "Shape_Leng": 26.5125160077, "Shape_Area": 37.8501922548, "FEATURE_ID": "GPlates-4ce6d9ae-d72a-4e78-85e8-ab31c475cf7e" }, "geometry": { "type": "Polygon", "coordinates": [ [ [ 117.236553537000091, 12.452068954000033 ], [ 117.403001785000015, 12.327199936000056 ], [ 118.464002609000104, 12.378499985000076 ], [ 118.830712123000012, 12.406885584000065 ], [ 118.832469459000095, 12.412327885000025 ], [ 118.585815430000025, 11.644714355000076 ], [ 118.296081543000014, 11.221618652000075 ], [ 118.047485352000095, 10.444580078000058 ], [ 118.040893555000025, 10.288391113000046 ], [ 117.936995850000031, 10.14282981100007 ], [ 117.017881614000089, 8.993684658000063 ], [ 116.472870116000081, 8.312270643000033 ], [ 114.82549296600007, 6.739760602000047 ], [ 113.814589908000016, 5.878630614000031 ], [ 113.169810067000071, 5.425543684000047 ], [ 113.054969500000084, 5.55640554400003 ], [ 112.319716049000021, 6.048953972000049 ], [ 111.234681831000046, 6.298797378000075 ], [ 110.413767784000072, 6.498672102000057 ], [ 110.056848633000072, 6.741377125000043 ], [ 109.473925637000036, 6.870066774000071 ], [ 109.440568727000084, 7.162866320000036 ], [ 109.412015195000038, 7.776767259000054 ], [ 109.542033556000035, 8.623856580000052 ], [ 109.627046270000051, 9.128714187000066 ], [ 109.897583008000083, 9.321899414000029 ], [ 110.758385671000042, 10.17198146800007 ], [ 111.347778320000089, 10.737854004000042 ], [ 111.425254073000076, 10.765671586000046 ], [ 111.427999496000041, 10.751901627000052 ], [ 111.548680275000038, 10.607172443000024 ], [ 111.704999924000049, 10.419702530000052 ], [ 112.320001602000048, 10.693799973000068 ], [ 112.556790597000031, 10.818741674000023 ], [ 112.790617792000035, 10.909154856000043 ], [ 112.894993671000066, 10.995438915000022 ], [ 112.900864893000076, 11.000292459000036 ], [ 113.047002792000058, 11.077402115000041 ], [ 113.606000900000026, 11.516000748000067 ], [ 113.864821498000097, 11.769276449000074 ], [ 114.031270125000106, 11.874121075000062 ], [ 114.027508734000108, 11.878132531000064 ], [ 114.055088447000117, 11.888883121000053 ], [ 114.063046226000097, 11.891985068000057 ], [ 114.501001358000053, 12.062700272000029 ], [ 114.752701536000032, 12.061797892000072 ], [ 115.281999588000076, 12.05990028400004 ], [ 115.841001511000059, 12.167901993000044 ], [ 116.121000290000083, 12.496099472000026 ], [ 116.253820833000077, 12.755576045000055 ], [ 116.323004368000056, 12.815832671000067 ], [ 116.958002090000051, 12.65770149200006 ], [ 117.236553537000091, 12.452068954000033 ] ] ] } },
{ "type": "Feature", "properties": { "ANCHOR": 0, "TIME": 600.0, "FILE1": "Global_EarthByte_GPlates_PresentDay_StaticPlatePolygons.gpmlz", "RECONFILE1": "Zahirovic_etal_2022_OptimisedMantleRef_and_NNRMantleRef.rot", "OBJECTID_1": "65", "PLATEID1": 612, "FROMAGE": 600.0, "TOAGE": -999.0, "NAME": "Northside South China Sea", "PLATEID2": 0, "GPGIM_TYPE": "gpml:ClosedContinentalBoundary", "L_PLATE": 0, "R_PLATE": 0, "SPREAD_ASY": 0.0, "IMPORT_AGE": 0.0, "Shape_Leng": 23.133643882299999, "Shape_Area": 15.182641784099999, "FEATURE_ID": "GPlates-6d0e7e88-6eec-4e01-84c9-872d21a39496" }, "geometry": { "type": "Polygon", "coordinates": [ [ [ 115.817857473000132, 17.282460573000037 ], [ 115.716195512000013, 17.07111070600007 ], [ 115.693099201000109, 17.031388575000051 ], [ 115.69241858800001, 17.030218025000071 ], [ 115.687002182000029, 17.020902634000038 ], [ 115.517000198, 16.811700821000045 ], [ 115.369001389000118, 16.588800430000049 ], [ 115.235002518000115, 16.331800461000057 ], [ 115.158976902000077, 16.176091880000058 ], [ 115.072999954000011, 16.000001907000069 ], [ 114.967000961000068, 15.72179985000003 ], [ 114.855001450000032, 15.538499832000072 ], [ 114.446001053000032, 15.041902542000061 ], [ 114.405325112000014, 15.002798273000051 ], [ 114.283002853000085, 14.885202408000053 ], [ 113.952001572000086, 14.694299698000066 ], [ 113.858983041000101, 14.626979765000044 ], [ 113.753999710000016, 14.551000595000062 ], [ 113.704999924000049, 14.441801071000043 ], [ 113.70265725700007, 14.402912809000041 ], [ 113.697999954000011, 14.325601578000033 ], [ 113.416873997000039, 13.993290136000041 ], [ 113.199514626000109, 13.681741704000046 ], [ 113.199514626000109, 13.358480457000041 ], [ 113.183000565000043, 13.341966396000032 ], [ 113.183000565000043, 13.291601181000033 ], [ 112.7250003810001, 12.851999283000055 ], [ 112.408002853000085, 12.625001907000069 ], [ 112.072655625000039, 12.467745260000072 ], [ 112.041002274000107, 12.452901840000038 ], [ 111.801000595000062, 12.370302200000028 ], [ 111.31138994700008, 12.142678684000032 ], [ 111.317919486000051, 11.314161179000052 ], [ 111.318002701000069, 11.303602219000027 ], [ 111.410540708000042, 10.83946803300006 ], [ 111.425254073000076, 10.765671586000046 ], [ 111.347778320000089, 10.737854004000042 ], [ 110.758385671000042, 10.17198146800007 ], [ 109.897583008000083, 9.321899414000029 ], [ 109.627046270000051, 9.128714187000066 ], [ 109.745139736000056, 9.71364851800007 ], [ 110.054469666000045, 10.456040352000059 ], [ 110.168683795000049, 11.055664525000054 ], [ 110.213886522000053, 12.224394848000031 ], [ 110.268621157000041, 13.268563261000054 ], [ 110.238866155000039, 13.524456283000063 ], [ 111.104414272000042, 14.24077196600007 ], [ 112.068095979000077, 15.585167435000074 ], [ 112.877112721000117, 16.52505453200007 ], [ 113.666611098000089, 17.171961748000058 ], [ 113.693924537000044, 17.155172692000065 ], [ 113.684000015000038, 17.088300705000051 ], [ 113.711999893000112, 16.966901779000068 ], [ 113.749664680000024, 16.924878045000071 ], [ 113.83900260900009, 16.825201035000077 ], [ 113.959001541000035, 16.771200180000051 ], [ 114.072000504000016, 16.757699966000075 ], [ 114.212999344000082, 16.798200607000069 ], [ 114.361001968000096, 16.885900497000016 ], [ 114.607999802000123, 17.108499527000049 ], [ 114.756002426, 17.202802658000053 ], [ 114.80500221300008, 17.250001907000062 ], [ 114.960000992000019, 17.290399551000064 ], [ 115.221002579, 17.290399551000064 ], [ 115.53199958800009, 17.317300797000033 ], [ 115.785001755000053, 17.344202042000063 ], [ 115.817857473000132, 17.282460573000037 ] ] ] } },
{ "type": "Feature", "properties": { "ANCHOR": 0, "TIME": 600.0, "FILE1": "Global_EarthByte_GPlates_PresentDay_StaticPlatePolygons.gpmlz", "RECONFILE1": "Zahirovic_etal_2022_OptimisedMantleRef_and_NNRMantleRef.rot", "OBJECTID_1": "122", "PLATEID1": 401, "FROMAGE": 600.0, "TOAGE": -999.0, "NAME": "Peri Siberia", "PLATEID2": 0, "GPGIM_TYPE": "gpml:ClosedContinentalBoundary", "L_PLATE": 0, "R_PLATE": 0, "SPREAD_ASY": 0.0, "IMPORT_AGE": 0.0, "Shape_Leng": 88.800074328600004, "Shape_Area": 175.50530557100001, "FEATURE_ID": "GPlates-26b3c265-fedb-4055-a0be-0546f8ff8878" }, "geometry": { "type": "Polygon", "coordinates": [ [ [ 79.56361, 73.876520000000113 ], [ 79.678601, 73.336446 ], [ 80.111863, 72.826724 ], [ 80.927417, 72.240543 ], [ 81.590054, 71.921967 ], [ 82.087032, 71.590647 ], [ 82.316406, 71.208355 ], [ 81.617, 71.16709 ], [ 80.33096, 71.02615 ], [ 79.202751983000041, 70.804362767000043 ], [ 75.962196356000049, 70.398377887000052 ], [ 74.911753679000071, 69.598040609000066 ], [ 75.011795839000058, 68.097408214000041 ], [ 76.412386075000043, 65.896480700000026 ], [ 77.412807672000042, 63.995679665000068 ], [ 78.113102790000084, 62.995258068000055 ], [ 79.113524387000041, 61.244520273 ], [ 80.013903825000057, 59.943972196000061 ], [ 80.764220023000064, 59.093613839000056 ], [ 81.91470485900004, 57.993150082000064 ], [ 82.474668952000059, 56.933513319000035 ], [ 82.181607213000063, 56.63529029700004 ], [ 82.010180484000045, 56.439915501000037 ], [ 81.906887011000038, 56.358323636000073 ], [ 81.224770318000083, 55.919981326000027 ], [ 80.536690771000067, 55.468394355000044 ], [ 80.038827896000043, 55.042715073000068 ], [ 79.919458389000056, 54.900556564000055 ], [ 79.731328216000065, 54.619205206000068 ], [ 79.70349510300008, 54.575689079000028 ], [ 79.547174454000071, 54.279508591000067 ], [ 79.42078590400007, 53.969305038000066 ], [ 79.316331863000073, 53.615667343000034 ], [ 79.261732101000064, 53.313787460000064 ], [ 79.310815399000035, 53.313569066000071 ], [ 79.32557494100007, 53.315733222000063 ], [ 79.392241709000075, 53.042233709000072 ], [ 79.707024731000061, 52.38727431500007 ], [ 80.050978938000071, 51.928668705000064 ], [ 81.059911278000072, 50.828015243000024 ], [ 82.045913338000048, 50.346479354000046 ], [ 83.008985118000055, 49.956664586000031 ], [ 83.994987177000041, 49.498058976000024 ], [ 86.012851858000033, 49.108244209000063 ], [ 86.351886233000073, 49.06971757500002 ], [ 84.551958489000071, 47.041950876000044 ], [ 84.040847738000082, 47.067449248000059 ], [ 83.513451288000056, 47.250891491000061 ], [ 82.44665006300005, 47.768607217000067 ], [ 81.502376901000048, 48.493539127000084 ], [ 80.795535914000084, 48.952985768000069 ], [ 80.018010828000058, 49.553800607000028 ], [ 79.240485742000033, 49.801194953000042 ], [ 78.498302706000061, 49.977905200000066 ], [ 77.93282991600006, 50.402009792000058 ], [ 77.589141452000035, 51.103208408000057 ], [ 77.539615703000038, 51.182941140000018 ], [ 77.026179402000082, 52.009534990000063 ], [ 75.989757600000075, 54.019565153000023 ], [ 75.330216452000059, 54.867546628000071 ], [ 74.545048420000057, 55.715528103000047 ], [ 73.414406453000083, 56.626323021000076 ], [ 71.875477110000077, 57.725558266000071 ], [ 71.153122520000068, 58.196659086000039 ], [ 70.462174651000055, 59.264487610000053 ], [ 69.959667111000044, 59.986842200000076 ], [ 69.896853668000062, 60.332316133999988 ], [ 70.524988094000037, 62.091092527000058 ], [ 70.776241864000042, 62.719226953000032 ], [ 70.870462028000077, 63.253141215000014 ], [ 69.739820061000046, 63.944089083000051 ], [ 69.362939406000081, 64.635036952000078 ], [ 68.891838586000063, 65.828492361000016 ], [ 68.734804980000035, 66.33099990200003 ], [ 69.099204628000052, 66.648407615000053 ], [ 69.114836364000041, 66.752345455000068 ], [ 69.086236364000058, 66.773036364000077 ], [ 68.994081818000041, 66.783527273000061 ], [ 68.971645455000044, 66.806372727000067 ], [ 69.1147, 66.827209091000043 ], [ 69.28949476300005, 66.828857084000035 ], [ 69.529693137000038, 67.252810667000062 ], [ 69.584595725000042, 67.85129407800008 ], [ 69.136752839000053, 68.123894096000072 ], [ 68.861882852000065, 68.213501247000053 ], [ 68.721663529000068, 68.25638788100008 ], [ 69.163415427000075, 68.455007145000067 ], [ 70.157532797000044, 68.935497207000083 ], [ 71.242, 69.70539 ], [ 71.51586, 70.36265 ], [ 71.84449, 71.07468 ], [ 71.75031, 71.32703 ], [ 71.65541, 71.49798 ], [ 71.75031, 71.69524 ], [ 72.37889, 72.19694 ], [ 72.93991, 73.3203 ], [ 73.78826, 74.88322 ], [ 74.90659, 74.51044 ], [ 75.61047, 74.27028 ], [ 76.72664, 74.04994 ], [ 78.14465, 73.90411 ], [ 79.56361, 73.876520000000113 ] ] ] } },
{ "type": "Feature", "properties": { "ANCHOR": 0, "TIME": 600.0, "FILE1": "Global_EarthByte_GPlates_PresentDay_StaticPlatePolygons.gpmlz", "RECONFILE1": "Zahirovic_etal_2022_OptimisedMantleRef_and_NNRMantleRef.rot", "OBJECTID_1": "123", "PLATEID1": 373, "FROMAGE": 600.0, "TOAGE": -999.0, "NAME": "Novaya-Semya", "PLATEID2": 0, "GPGIM_TYPE": "gpml:ClosedContinentalBoundary", "L_PLATE": 0, "R_PLATE": 0, "SPREAD_ASY": 0.0, "IMPORT_AGE": 0.0, "Shape_Leng": 46.2368878678, "Shape_Area": 39.111396710100003, "FEATURE_ID": "GPlates-3490b3ba-02da-4fc0-8aa4-8e21ac283d6e" }, "geometry": { "type": "Polygon", "coordinates": [ [ [ 70.40257, 76.5659 ], [ 68.14427, 76.06239 ], [ 66.41397, 75.80908 ], [ 64.3472, 75.5691 ], [ 62.76109, 75.35578 ], [ 60.88658, 74.88916 ], [ 59.54079, 74.36921 ], [ 58.43531, 73.86259 ], [ 57.5221, 73.43595 ], [ 56.60888, 72.92934 ], [ 56.08018, 72.48937 ], [ 55.99588, 72.11919 ], [ 56.1763, 71.58278 ], [ 56.41663, 71.36947 ], [ 56.75307, 71.19615 ], [ 57.71435, 70.87617 ], [ 57.81048, 70.6362 ], [ 56.99339, 70.43622 ], [ 56.27243, 70.39622 ], [ 54.78243, 70.43622 ], [ 53.72503, 70.66286 ], [ 53.14826, 70.83618 ], [ 52.76374, 70.94284 ], [ 52.61955, 71.0095 ], [ 51.82254, 71.34415 ], [ 51.03343, 71.76943 ], [ 51.52444, 72.41729 ], [ 52.41873, 73.19234 ], [ 53.55149, 74.11644 ], [ 54.77369, 74.83187 ], [ 55.99588, 75.45788 ], [ 57.42675, 75.8454 ], [ 59.03647, 76.20312 ], [ 60.70581, 76.53102 ], [ 62.46458, 76.56083 ], [ 64.19353, 76.73969 ], [ 65.98212, 77.067600000000112 ], [ 67.53221, 77.27626 ], [ 69.26118, 77.51474 ], [ 70.40257, 76.5659 ] ] ] } },
{ "type": "Feature", "properties": { "ANCHOR": 0, "TIME": 600.0, "FILE1": "Global_EarthByte_GPlates_PresentDay_StaticPlatePolygons.gpmlz", "RECONFILE1": "Zahirovic_etal_2022_OptimisedMantleRef_and_NNRMantleRef.rot", "OBJECTID_1": "124", "PLATEID1": 372, "FROMAGE": 600.0, "TOAGE": -999.0, "NAME": "Yamal Peninsula (western Kara Sea)", "PLATEID2": 0, "GPGIM_TYPE": "gpml:ClosedContinentalBoundary", "L_PLATE": 0, "R_PLATE": 0, "SPREAD_ASY": 0.0, "IMPORT_AGE": 0.0, "Shape_Leng": 44.058847807200003, "Shape_Area": 90.490977695500007, "FEATURE_ID": "GPlates-77401877-f71e-45a2-a035-7e106044a2c7" }, "geometry": { "type": "Polygon", "coordinates": [ [ [ 73.78826, 74.88322 ], [ 72.93991, 73.3203 ], [ 72.37889, 72.19694 ], [ 71.75031, 71.69524 ], [ 71.65541, 71.49798 ], [ 71.75031, 71.32703 ], [ 71.84449, 71.07468 ], [ 71.51586, 70.36265 ], [ 71.242, 69.70539 ], [ 70.157532797000044, 68.935497207000083 ], [ 69.163415427000075, 68.455007145000067 ], [ 68.721663529000068, 68.25638788100008 ], [ 68.861882852000065, 68.213501247000053 ], [ 69.136752839000053, 68.123894096000072 ], [ 68.856293885000071, 68.212363068000073 ], [ 68.328540736000036, 68.104887477000034 ], [ 67.265184114000078, 67.847625047000065 ], [ 67.456002316000081, 68.042503212000042 ], [ 67.744073365000077, 68.358009600000074 ], [ 67.60689667500003, 68.714668994000078 ], [ 67.250237281000068, 68.920434029000049 ], [ 66.015647070000057, 69.277093423000053 ], [ 64.739903852000054, 69.510293797000045 ], [ 63.724796345000073, 69.716058832000044 ], [ 62.119829071000083, 69.853235522000034 ], [ 60.295379093000065, 70.237330254000042 ], [ 59.156812565000052, 70.511683634000065 ], [ 58.100552051000086, 70.772319345000042 ], [ 57.71435, 70.87617 ], [ 56.75307, 71.19615 ], [ 56.41663, 71.36947 ], [ 56.1763, 71.58278 ], [ 55.99588, 72.11919 ], [ 56.08018, 72.48937 ], [ 56.60888, 72.92934 ], [ 57.5221, 73.43595 ], [ 58.43531, 73.86259 ], [ 59.54079, 74.36921 ], [ 60.88658, 74.88916 ], [ 62.76109, 75.35578 ], [ 64.3472, 75.5691 ], [ 66.41397, 75.80908 ], [ 68.14427, 76.06239 ], [ 70.40257, 76.5659 ], [ 72.01875, 75.73229 ], [ 73.78826, 74.88322 ] ] ] } },
{ "type": "Feature", "properties": { "ANCHOR": 0, "TIME": 600.0, "FILE1": "Global_EarthByte_GPlates_PresentDay_StaticPlatePolygons.gpmlz", "RECONFILE1": "Zahirovic_etal_2022_OptimisedMantleRef_and_NNRMantleRef.rot", "OBJECTID_1": "125", "PLATEID1": 302, "FROMAGE": 600.0, "TOAGE": -999.0, "NAME": "Eurasia", "PLATEID2": 0, "GPGIM_TYPE": "gpml:ClosedContinentalBoundary", "L_PLATE": 0, "R_PLATE": 0, "SPREAD_ASY": 0.0, "IMPORT_AGE": 0.0, "Shape_Leng": 146.59605793, "Shape_Area": 362.16609032299999, "FEATURE_ID": "GPlates-d1614f95-cf91-4e04-8d43-f791d3ee143e" }, "geometry": { "type": "Polygon", "coordinates": [ [ [ 69.26118, 77.51474 ], [ 67.53221, 77.27626 ], [ 65.98212, 77.067600000000112 ], [ 64.19353, 76.73969 ], [ 62.46458, 76.56083 ], [ 60.70581, 76.53102 ], [ 59.03647, 76.20312 ], [ 57.42675, 75.8454 ], [ 55.99588, 75.45788 ], [ 54.77369, 74.83187 ], [ 53.55149, 74.11644 ], [ 52.41873, 73.19234 ], [ 51.52444, 72.41729 ], [ 51.03343, 71.76943 ], [ 51.82254, 71.34415 ], [ 52.61955, 71.0095 ], [ 52.76374, 70.94284 ], [ 53.14826, 70.83618 ], [ 53.72503, 70.66286 ], [ 54.78243, 70.43622 ], [ 56.27243, 70.39622 ], [ 56.99339, 70.43622 ], [ 57.81048, 70.6362 ], [ 57.71435, 70.87617 ], [ 58.100552051000086, 70.772319345000042 ], [ 59.156812565000052, 70.511683634000065 ], [ 60.295379093000065, 70.237330254000042 ], [ 62.119829071000083, 69.853235522000034 ], [ 63.724796345000073, 69.716058832000044 ], [ 64.739903852000054, 69.510293797000045 ], [ 66.015647070000057, 69.277093423000053 ], [ 67.250237281000068, 68.920434029000049 ], [ 67.60689667500003, 68.714668994000078 ], [ 67.744073365000077, 68.358009600000074 ], [ 67.456002316000081, 68.042503212000042 ], [ 67.265184114000078, 67.847625047000065 ], [ 67.115130307000086, 67.81132188600003 ], [ 66.62273404900003, 67.565123757000052 ], [ 66.212403834000042, 67.15069024000006 ], [ 64.68187213200008, 66.321823206000033 ], [ 63.393435257000085, 65.985352429000045 ], [ 62.047753346000043, 65.090109530000078 ], [ 60.957930878000063, 64.561394259000068 ], [ 60.264009728000076, 64.060060398000076 ], [ 60.200621004000027, 63.717254093000065 ], [ 60.194724004000079, 63.718564970000045 ], [ 55.575344085000033, 64.788787841000044 ], [ 52.501316070000037, 65.557289124000079 ], [ 50.335523605000049, 66.046342850000059 ], [ 46.401346884000084, 66.751355610000076 ], [ 46.047282041000088, 66.825473471000066 ], [ 42.833282510000053, 67.600106984000035 ], [ 40.76394, 68.02391 ], [ 37.22148, 69.04237 ], [ 35.27977, 69.43476 ], [ 33.39064, 69.50333 ], [ 32.91501, 69.59936 ], [ 31.64297, 69.91972 ], [ 30.68327, 70.19907 ], [ 28.52069, 70.70842 ], [ 27.15829, 70.94763 ], [ 24.92323, 71.41461 ], [ 22.92997, 71.71071 ], [ 21.25131, 71.87904 ], [ 18.76766, 72.324380000000104 ], [ 19.67483, 72.64455 ], [ 20.1023, 72.79339 ], [ 20.21841, 72.98206 ], [ 20.365, 73.06334 ], [ 20.525557321000065, 73.091005433000078 ], [ 21.54364, 73.26643 ], [ 24.65511, 73.59054 ], [ 27.28042, 73.91465 ], [ 29.61402, 74.14153 ], [ 31.8828, 74.40082 ], [ 34.44329, 74.62769 ], [ 37.54393, 75.75232 ], [ 39.8181, 77.42004 ], [ 41.117812189000063, 78.665608230000032 ], [ 41.63742, 79.16357 ], [ 41.991173389000039, 79.556626440000073 ], [ 42.497589065000057, 79.824958726000034 ], [ 50.989551800000058, 78.723647620000065 ], [ 60.377158909000052, 78.770317762000033 ], [ 65.90695177300006, 80.390350686000048 ], [ 65.904474368000081, 80.492412140000042 ], [ 66.631960407000065, 81.265366055000072 ], [ 67.18893, 82.13847 ], [ 67.84618, 82.0837 ], [ 68.53288, 82.03088 ], [ 68.69479, 81.56885 ], [ 68.81403, 80.91304 ], [ 69.207716667000057, 77.921056545000042 ], [ 69.26118, 77.51474 ] ] ] } },
{ "type": "Feature", "properties": { "ANCHOR": 0, "TIME": 600.0, "FILE1": "Global_EarthByte_GPlates_PresentDay_StaticPlatePolygons.gpmlz", "RECONFILE1": "Zahirovic_etal_2022_OptimisedMantleRef_and_NNRMantleRef.rot", "OBJECTID_1": "126", "PLATEID1": 311, "FROMAGE": 600.0, "TOAGE": -999.0, "NAME": "East Svalbard, Northern Europe", "PLATEID2": 0, "GPGIM_TYPE": "gpml:ClosedContinentalBoundary", "L_PLATE": 0, "R_PLATE": 0, "SPREAD_ASY": 0.0, "IMPORT_AGE": 0.0, "Shape_Leng": 67.040694671200001, "Shape_Area": 87.679977103900001, "FEATURE_ID": "GPlates-3a5dd149-ed62-449c-b907-a8ddf1e172be" }, "geometry": { "type": "Polygon", "coordinates": [ [ [ 37.235792230000065, 81.783405210000041 ], [ 39.54546537300007, 82.026027888000058 ], [ 47.265157361000036, 82.201850216000111 ], [ 49.588778175000073, 82.254139475000045 ], [ 48.186038960000062, 82.121364659000051 ], [ 44.75591, 81.81765 ], [ 43.00192, 80.67967 ], [ 42.523205880000049, 80.147769321000055 ], [ 42.497589065000057, 79.824958726000034 ], [ 41.991173389000039, 79.556626440000073 ], [ 41.63742, 79.16357 ], [ 41.117812189000063, 78.665608230000032 ], [ 39.8181, 77.42004 ], [ 37.54393, 75.75232 ], [ 34.44329, 74.62769 ], [ 31.8828, 74.40082 ], [ 29.61402, 74.14153 ], [ 27.28042, 73.91465 ], [ 24.65511, 73.59054 ], [ 21.54364, 73.26643 ], [ 20.525557321000065, 73.091005433000078 ], [ 20.563955305000036, 73.681033801000069 ], [ 20.350000083000058, 74.040000055000078 ], [ 20.083059773000059, 74.550410427000031 ], [ 19.926865098000068, 74.807385373000031 ], [ 19.793881088000042, 74.974097425000082 ], [ 19.579166718000067, 75.191250117000052 ], [ 19.486533312000063, 75.330200313000034 ], [ 19.375880915000039, 75.628611523000075 ], [ 19.17926500100004, 75.887787280000069 ], [ 19.096623095000041, 75.97481668000006 ], [ 19.327676970000027, 75.98089357700006 ], [ 26.518343003000044, 76.17001371300006 ], [ 32.924488015000065, 78.882780678000074 ], [ 34.120383858000025, 79.389198615000055 ], [ 37.235792230000065, 81.783405210000041 ] ] ] } },
{ "type": "Feature", "properties": { "ANCHOR": 0, "TIME": 600.0, "FILE1": "Global_EarthByte_GPlates_PresentDay_StaticPlatePolygons.gpmlz", "RECONFILE1": "Zahirovic_etal_2022_OptimisedMantleRef_and_NNRMantleRef.rot", "OBJECTID_1": "139", "PLATEID1": 886, "FROMAGE": 600.0, "TOAGE": -999.0, "NAME": "Southern Dampier Ridge, Tasman Sea", "PLATEID2": 0, "GPGIM_TYPE": "gpml:ClosedContinentalBoundary", "L_PLATE": 0, "R_PLATE": 0, "SPREAD_ASY": 0.0, "IMPORT_AGE": 0.0, "Shape_Leng": 6.3908202005100003, "Shape_Area": 2.4558737170199998, "FEATURE_ID": "GPlates-fb4b1748-0ee2-4557-ba95-56394e13014c" }, "geometry": { "type": "Polygon", "coordinates": [ [ [ 158.155, -32.503 ], [ 158.208, -32.57 ], [ 158.314, -32.57 ], [ 158.419, -32.592 ], [ 158.472, -32.637 ], [ 158.498, -32.748 ], [ 158.604, -32.815 ], [ 158.630000000000109, -32.838 ], [ 158.709, -32.86 ], [ 158.841000000000122, -32.904 ], [ 159.000000000000114, -32.927 ], [ 159.132, -32.927 ], [ 159.211, -32.949 ], [ 159.211, -33.016 ], [ 159.237, -33.127 ], [ 159.211, -33.26 ], [ 159.211, -33.371 ], [ 159.184, -33.503 ], [ 159.158, -33.614 ], [ 159.105, -33.724 ], [ 159.026, -33.812 ], [ 158.947000000000116, -33.878 ], [ 158.972878152000021, -33.886707220999938 ], [ 158.961841314000026, -33.886707219999948 ], [ 158.933963162000055, -33.909 ], [ 158.974757581000063, -33.944319745999962 ], [ 158.845805625000025, -34.048924764999974 ], [ 158.602773633000083, -34.246070792999944 ], [ 158.366141545000119, -34.204923462999943 ], [ 158.152692264000052, -34.16780732999996 ], [ 157.618209680000064, -33.766820375999941 ], [ 157.246146128000106, -33.306325622999964 ], [ 157.110559888000012, -33.06788109799993 ], [ 157.179, -33.016 ], [ 158.017104977000031, -32.304302227999983 ], [ 158.0810261580001, -32.25484924899996 ], [ 158.103, -32.346 ], [ 158.103, -32.436 ], [ 158.155, -32.503 ] ] ] } },
{ "type": "Feature", "properties": { "ANCHOR": 0, "TIME": 600.0, "FILE1": "Global_EarthByte_GPlates_PresentDay_StaticPlatePolygons.gpmlz", "RECONFILE1": "Zahirovic_etal_2022_OptimisedMantleRef_and_NNRMantleRef.rot", "OBJECTID_1": "140", "PLATEID1": 283, "FROMAGE": 600.0, "TOAGE": -999.0, "NAME": "North Patagonian Massif", "PLATEID2": 0, "GPGIM_TYPE": "gpml:ClosedContinentalBoundary", "L_PLATE": 0, "R_PLATE": 0, "SPREAD_ASY": 0.0, "IMPORT_AGE": 0.0, "Shape_Leng": 41.312355837299997, "Shape_Area": 98.883982176499998, "FEATURE_ID": "GPlates-e6cc7584-ee45-404c-b9d5-fa6da2929b22" }, "geometry": { "type": "Polygon", "coordinates": [ [ [ -69.008139927999935, -38.243013098999938 ], [ -65.548457415999962, -39.590941350999969 ], [ -63.994463405999973, -39.511249349999964 ], [ -63.657398314999973, -39.594497445999934 ], [ -62.259140083999966, -39.886482282999964 ], [ -61.956716937999943, -39.90552109999993 ], [ -61.549603602999987, -40.759145835999959 ], [ -61.953982077999967, -42.107074086999951 ], [ -61.639465485999956, -43.679657046999978 ], [ -61.267233142999949, -44.447386254999969 ], [ -61.42266495399997, -44.46963123699993 ], [ -61.808137636999959, -44.51959991899998 ], [ -62.422038575999984, -44.740889791999962 ], [ -63.100184962999947, -45.126362474999951 ], [ -64.135250500999973, -45.67601796699995 ], [ -64.442200969999988, -45.854477542999966 ], [ -64.78463140599996, -46.016066016999964 ], [ -65.286853770999983, -46.186925171999967 ], [ -66.785465003999946, -46.696761982999924 ], [ -66.833609957999954, -46.764970135999931 ], [ -68.322096793999947, -46.443762292999963 ], [ -69.707320263999975, -46.111455708999969 ], [ -69.795761535999986, -46.08089767599995 ], [ -70.985101363999945, -46.150858841999934 ], [ -72.782339031999982, -46.060996958999965 ], [ -73.948687613999937, -46.060996958999965 ], [ -75.69734490899998, -46.060996958999965 ], [ -75.690245439999956, -46.012188106999979 ], [ -75.650781046999953, -45.740870406999932 ], [ -75.626429378999958, -45.573452686999978 ], [ -75.90782081499998, -44.694104448999951 ], [ -75.912399830999959, -44.679795022999947 ], [ -75.905318321999971, -44.658078394999961 ], [ -75.721798564999972, -44.095284473999982 ], [ -75.644302531999983, -43.857629971999984 ], [ -75.268966312999979, -41.694978424999931 ], [ -75.155807062999955, -41.016022920999944 ], [ -75.144912614999953, -40.96480478899997 ], [ -75.207492417999958, -40.932945979999943 ], [ -75.203789075999964, -40.925819288999946 ], [ -75.19239812099994, -40.883499379999932 ], [ -75.19360304099996, -40.847000537999982 ], [ -75.208580569999981, -40.777997329999948 ], [ -75.219498126999952, -40.717700461999982 ], [ -75.218201090999969, -40.675888418999932 ], [ -75.212402224999948, -40.632400514 ], [ -75.170898234999981, -40.395400312999989 ], [ -75.16500109499998, -40.349998422999931 ], [ -75.150246053999979, -40.301525472999977 ], [ -75.141197104999947, -40.243499424999982 ], [ -75.093002118999948, -40.163509272999931 ], [ -75.069198119999953, -40.132301487999939 ], [ -75.034004225, -40.104801334999934 ], [ -75.002998102999982, -40.061401416999956 ], [ -75.003700127999934, -40.008602598999978 ], [ -75.04183912799995, -40.012126518999935 ], [ -75.048599048999961, -39.934299541999962 ], [ -75.048897264999937, -39.85160050099995 ], [ -75.046699101999934, -39.759899394999934 ], [ -75.047401107999974, -39.689300617999947 ], [ -75.041702083999951, -39.452300545999947 ], [ -75.019699044999982, -39.291099226999961 ], [ -75.004303083999957, -39.221988339999946 ], [ -74.97824110199997, -39.163825444999929 ], [ -74.967201160999934, -39.103301386999931 ], [ -74.962799186999973, -39.01420220499994 ], [ -74.954498336999961, -38.950099340999941 ], [ -74.881401192999988, -38.856399384999975 ], [ -74.864296038999953, -38.614898512999957 ], [ -74.782898164999949, -38.458099455999964 ], [ -74.774737436999942, -38.385154961999945 ], [ -74.758082596999941, -38.318535604999965 ], [ -74.741040802999976, -38.233623325999929 ], [ -74.744748787999981, -38.195625396999958 ], [ -74.742604484999958, -38.121498365999976 ], [ -74.732769495999946, -38.001127342999951 ], [ -69.008139927999935, -38.243013098999938 ] ] ] } },
{ "type": "Feature", "properties": { "ANCHOR": 0, "TIME": 600.0, "FILE1": "Global_EarthByte_GPlates_PresentDay_StaticPlatePolygons.gpmlz", "RECONFILE1": "Zahirovic_etal_2022_OptimisedMantleRef_and_NNRMantleRef.rot", "OBJECTID_1": "141", "PLATEID1": 813, "FROMAGE": 600.0, "TOAGE": -999.0, "NAME": "Eastern Province, southern South Island, NZ", "PLATEID2": 0, "GPGIM_TYPE": "gpml:ClosedContinentalBoundary", "L_PLATE": 0, "R_PLATE": 0, "SPREAD_ASY": 0.0, "IMPORT_AGE": 0.0, "Shape_Leng": 28.548444759399999, "Shape_Area": 32.360444321899998, "FEATURE_ID": "GPlates-05b2b323-eab3-49f9-8aac-88f0a65f4b98" }, "geometry": { "type": "Polygon", "coordinates": [ [ [ -180.0, -45.353215327999969 ], [ -180.0, -40.627895821999971 ], [ -179.459, -40.7017 ], [ -178.8621, -40.8078 ], [ -178.3713, -40.8874 ], [ -177.9203, -40.9139 ], [ -177.2703, -41.02 ], [ -176.5142, -41.1261 ], [ -175.8775, -41.2455 ], [ -175.3602, -41.3384 ], [ -174.8163, -41.3914 ], [ -174.4847, -41.4179 ], [ -174.1133, -41.471 ], [ -173.7021, -41.5506 ], [ -173.2246, -41.6302 ], [ -172.442, -41.6832 ], [ -171.792, -41.7098 ], [ -171.1397, -41.7499 ], [ -171.082378722999977, -41.757993742999929 ], [ -170.7441, -41.8026 ], [ -170.1207, -41.9485 ], [ -169.4972, -42.1077 ], [ -169.1391, -42.1608 ], [ -168.7942, -42.2404 ], [ -168.6483, -42.2802 ], [ -168.5024, -42.4791 ], [ -168.6483, -42.7975 ], [ -168.8605, -42.9301 ], [ -169.1656, -42.9699 ], [ -169.736, -43.1026 ], [ -170.24, -43.2219 ], [ -170.5982, -43.3148 ], [ -170.8502, -43.3944 ], [ -171.089, -43.4076 ], [ -171.3543, -43.474 ], [ -171.9777, -43.5933 ], [ -172.4552, -43.6995 ], [ -172.9725, -43.8586 ], [ -173.2644, -43.9515 ], [ -173.5031, -43.9913 ], [ -173.7286, -44.1372 ], [ -174.0205, -44.2433 ], [ -174.3919, -44.4025 ], [ -174.6572, -44.5617 ], [ -174.8429, -44.628 ], [ -175.1479, -44.7076 ], [ -175.599, -44.8137 ], [ -175.9306, -44.8402 ], [ -176.2357, -44.8933 ], [ -176.4346, -44.9331 ], [ -176.6071, -44.9861 ], [ -176.9785, -45.079 ], [ -177.456, -45.132 ], [ -177.9468, -45.1718 ], [ -178.5039, -45.2116 ], [ -179.0743, -45.2514 ], [ -179.9741, -45.3553 ], [ -180.0, -45.353215327999969 ] ] ] } },
{ "type": "Feature", "properties": { "ANCHOR": 0, "TIME": 600.0, "FILE1": "Global_EarthByte_GPlates_PresentDay_StaticPlatePolygons.gpmlz", "RECONFILE1": "Zahirovic_etal_2022_OptimisedMantleRef_and_NNRMantleRef.rot", "OBJECTID_1": "142", "PLATEID1": 813, "FROMAGE": 600.0, "TOAGE": -999.0, "NAME": "South New Zealand & Campbell Plateau", "PLATEID2": 0, "GPGIM_TYPE": "gpml:ClosedContinentalBoundary", "L_PLATE": 0, "R_PLATE": 0, "SPREAD_ASY": 0.0, "IMPORT_AGE": 0.0, "Shape_Leng": 53.122615060800001, "Shape_Area": 141.48698849600001, "FEATURE_ID": "GPlates-0a4fd829-dab3-4d11-9d2c-648276ccb6fc" }, "geometry": { "type": "Polygon", "coordinates": [ [ [ 180.0, -46.6627 ], [ 180.0, -49.4483 ], [ 179.430300000000102, -49.606 ], [ 178.436, -49.882 ], [ 178.1202, -49.98 ], [ 176.5645, -50.6596 ], [ 175.4763, -51.2657 ], [ 175.5813, -51.2835 ], [ 175.011, -51.868 ], [ 174.0996683730001, -52.813712258999949 ], [ 173.979200000000105, -52.9387 ], [ 173.970479886000021, -53.343231459999963 ], [ 172.462226321000117, -53.904777923999987 ], [ 170.430304585000044, -54.749072593999983 ], [ 167.81865933000006, -55.539374505999952 ], [ 166.266973276000044, -55.766611421999983 ], [ 165.027040862000035, -55.69224152299995 ], [ 164.042658035000045, -54.976638440999977 ], [ 164.199460913000053, -54.608414717999942 ], [ 164.287264712000024, -54.402223084999939 ], [ 164.543500000000108, -53.8005 ], [ 164.749895072000072, -53.219036419999938 ], [ 164.754992268000024, -53.204676415999977 ], [ 164.851000000000113, -52.9342 ], [ 165.2748, -51.7846 ], [ 165.5714, -50.4797 ], [ 165.814143644000069, -49.665408262999968 ], [ 165.930331732000013, -49.347216318999983 ], [ 165.948473558000046, -49.142638523999956 ], [ 165.8941, -48.9047 ], [ 165.705028611000103, -48.74452821199997 ], [ 165.338, -48.4336 ], [ 165.182500000000118, -47.3385 ], [ 165.183374725000021, -47.184795673999979 ], [ 167.402585314000021, -46.671375934999951 ], [ 167.428073062000067, -46.176537368999952 ], [ 167.439887559000113, -45.985186796999983 ], [ 167.475579474000028, -45.890008356999935 ], [ 167.523168694000105, -45.830521830999935 ], [ 167.648090397000033, -45.735343390999951 ], [ 167.72542288000011, -45.646113603999936 ], [ 167.778960752000103, -45.592575730999961 ], [ 167.784909405000121, -45.307040409999956 ], [ 167.790858057000037, -45.110734876999963 ], [ 167.858377410000116, -44.660605858999929 ], [ 167.850401215000034, -44.534567798999944 ], [ 167.737615857000037, -44.45333444999995 ], [ 168.09, -44.33 ], [ 168.490000000000123, -44.16 ], [ 169.130000000000109, -43.84 ], [ 169.6400000000001, -43.6 ], [ 169.9925, -43.42 ], [ 170.092, -43.381 ], [ 170.545046613000068, -43.215432055999941 ], [ 171.327963163000049, -42.961 ], [ 172.288963163000062, -42.623 ], [ 173.341963162000098, -42.352 ], [ 174.315, -42.352 ], [ 174.727, -42.386 ], [ 175.414000000000101, -42.42 ], [ 176.509098804000018, -42.555517669999972 ], [ 177.004963162000081, -42.522 ], [ 177.645963163000033, -42.556 ], [ 178.115000000000123, -42.556 ], [ 178.573, -42.589 ], [ 179.169, -42.623 ], [ 179.854550888000063, -42.651687275999961 ], [ 180.0, -42.597386451999967 ], [ 180.0, -45.353215327999969 ], [ 179.504100000000108, -45.3295 ], [ 179.1646, -45.4322 ], [ 178.9554, -45.5269 ], [ 178.5843, -45.823 ], [ 178.540800000000104, -45.8783 ], [ 178.5132, -45.9493 ], [ 178.517200000000116, -46.0204 ], [ 178.525, -46.0836 ], [ 178.5369, -46.1428 ], [ 178.5921, -46.2336 ], [ 178.7185, -46.3836 ], [ 178.7816, -46.427 ], [ 179.335600000000113, -46.6424 ], [ 180.0, -46.6627 ] ] ] } },
{ "type": "Feature", "properties": { "ANCHOR": 0, "TIME": 600.0, "FILE1": "Global_EarthByte_GPlates_PresentDay_StaticPlatePolygons.gpmlz", "RECONFILE1": "Zahirovic_etal_2022_OptimisedMantleRef_and_NNRMantleRef.rot", "OBJECTID_1": "155", "PLATEID1": 604, "FROMAGE": 600.0, "TOAGE": -999.0, "NAME": "Indochina", "PLATEID2": 0, "GPGIM_TYPE": "gpml:ClosedContinentalBoundary", "L_PLATE": 0, "R_PLATE": 0, "SPREAD_ASY": 0.0, "IMPORT_AGE": 0.0, "Shape_Leng": 19.353178265099999, "Shape_Area": 11.985850188000001, "FEATURE_ID": "GPlates-f91ca8bc-abc1-4ea2-a0ff-78a2eef0528b" }, "geometry": { "type": "Polygon", "coordinates": [ [ [ 109.89045030300008, 15.265702352000062 ], [ 109.894615209000051, 15.198470379000073 ], [ 109.951904297000056, 14.273681641000053 ], [ 109.956072284000072, 13.290419976000072 ], [ 109.957214356000065, 13.020996094000054 ], [ 109.881713867000087, 12.133972168000071 ], [ 109.741226413000064, 11.388395948000039 ], [ 109.567565918000071, 10.345825195000032 ], [ 109.288146973000039, 9.177185059000067 ], [ 109.172424316000047, 8.804077148000033 ], [ 108.746419761000084, 8.603361547000077 ], [ 108.485740301000078, 7.821323166000071 ], [ 108.111368807000076, 8.582545205000031 ], [ 107.797747149000088, 9.052977691000024 ], [ 107.787045441000103, 9.11758608100007 ], [ 107.690801757000088, 10.019636210000044 ], [ 107.870499, 11.16672 ], [ 108.599998, 11.71362 ], [ 108.642586160000064, 11.970794235000028 ], [ 108.442275985000038, 12.603732827000044 ], [ 108.067153718000043, 14.201205015000028 ], [ 107.846802, 15.42783 ], [ 107.515447356000038, 16.079461019000068 ], [ 108.932006836000085, 15.56286621100003 ], [ 109.89045030300008, 15.265702352000062 ] ] ] } },
{ "type": "Feature", "properties": { "ANCHOR": 0, "TIME": 600.0, "FILE1": "Global_EarthByte_GPlates_PresentDay_StaticPlatePolygons.gpmlz", "RECONFILE1": "Zahirovic_etal_2022_OptimisedMantleRef_and_NNRMantleRef.rot", "OBJECTID_1": "156", "PLATEID1": 604, "FROMAGE": 600.0, "TOAGE": -999.0, "NAME": "Indochina", "PLATEID2": 0, "GPGIM_TYPE": "gpml:ClosedContinentalBoundary", "L_PLATE": 0, "R_PLATE": 0, "SPREAD_ASY": 0.0, "IMPORT_AGE": 0.0, "Shape_Leng": 29.583538789599999, "Shape_Area": 40.354949539899998, "FEATURE_ID": "GPlates-36800473-1e45-43ac-b4e5-9a628bff8606" }, "geometry": { "type": "Polygon", "coordinates": [ [ [ 107.787045441000103, 9.11758608100007 ], [ 107.176818848000039, 9.761474609000063 ], [ 105.772583008000083, 11.141540527000075 ], [ 104.067565918000071, 12.549316406000059 ], [ 103.465064213000062, 12.963449037000032 ], [ 103.200467913000068, 13.142935170000044 ], [ 102.333913233000033, 13.697933801000033 ], [ 101.890415018000056, 13.972735443000033 ], [ 101.609497070000032, 14.144348145000039 ], [ 101.506958008000097, 15.338500977000024 ], [ 101.468505859000061, 15.976501465000069 ], [ 101.559814453000058, 16.713256836000028 ], [ 101.532043457000043, 17.828918457000043 ], [ 101.541503906000074, 18.189270019000048 ], [ 101.84600830100004, 18.836486816000047 ], [ 102.007690430000082, 19.493164062000066 ], [ 102.206359863000046, 19.849121094000054 ], [ 102.569396973000039, 20.284118652000075 ], [ 102.731079102000081, 20.550720215000069 ], [ 102.795288086000085, 20.712219238000046 ], [ 102.82061767600004, 20.488220215000073 ], [ 102.844604492000087, 20.438964844000054 ], [ 102.933227539000086, 20.256347656000059 ], [ 102.962097168000071, 20.042968750000057 ], [ 102.858886719000054, 19.849792481000065 ], [ 102.842590332000043, 19.659729004000042 ], [ 102.888122559000067, 19.507507324000073 ], [ 103.886291504000056, 18.647521973000039 ], [ 104.564384898000071, 18.13646233400004 ], [ 104.740191573000061, 18.008452641000076 ], [ 105.30108642600004, 17.638610840000069 ], [ 106.130493164000086, 17.180969238000046 ], [ 106.695495606000065, 16.947998047000059 ], [ 106.861816406000059, 16.466674805000025 ], [ 107.109313965000069, 16.276123047000056 ], [ 107.441955566000047, 16.106262207000043 ], [ 107.515447356000038, 16.079461019000068 ], [ 107.846802, 15.42783 ], [ 108.067153718000043, 14.201205015000028 ], [ 108.442275985000038, 12.603732827000044 ], [ 108.642586160000064, 11.970794235000028 ], [ 108.599998, 11.71362 ], [ 107.870499, 11.16672 ], [ 107.690801757000088, 10.019636210000044 ], [ 107.787045441000103, 9.11758608100007 ] ] ] } },
{ "type": "Feature", "properties": { "ANCHOR": 0, "TIME": 600.0, "FILE1": "Global_EarthByte_GPlates_PresentDay_StaticPlatePolygons.gpmlz", "RECONFILE1": "Zahirovic_etal_2022_OptimisedMantleRef_and_NNRMantleRef.rot", "OBJECTID_1": "157", "PLATEID1": 60402, "FROMAGE": 600.0, "TOAGE": -999.0, "NAME": "Malay Peninsula", "PLATEID2": 0, "GPGIM_TYPE": "gpml:ClosedContinentalBoundary", "L_PLATE": 0, "R_PLATE": 0, "SPREAD_ASY": 0.0, "IMPORT_AGE": 0.0, "Shape_Leng": 12.906480456400001, "Shape_Area": 5.2383985313299997, "FEATURE_ID": "GPlates-e480066e-fc73-49d7-9000-343e6b9eabad" }, "geometry": { "type": "Polygon", "coordinates": [ [ [ 100.67707751100005, 14.710888031000025 ], [ 101.096226921000039, 13.786183335000032 ], [ 101.652832031000074, 12.706604004000042 ], [ 101.817382813000052, 11.601989746000072 ], [ 101.810363769000048, 10.810424805000025 ], [ 101.741271973000039, 9.774475098000039 ], [ 101.687774251000064, 8.941274084000042 ], [ 101.105995629000063, 9.916146371000025 ], [ 100.235319138000079, 12.255022049000047 ], [ 100.270814896000047, 12.335695267000062 ], [ 100.293458939000061, 12.365419388000079 ], [ 100.293031693000046, 12.386110306000035 ], [ 100.342285156000059, 12.726196289000029 ], [ 100.376403667000048, 12.884403224000039 ], [ 100.365173340000069, 13.187133789000029 ], [ 100.358154297000056, 13.558471680000025 ], [ 100.304550017000068, 14.13722974500007 ], [ 100.285399982000058, 14.615880672000062 ], [ 100.312277031000065, 14.990109303000052 ], [ 100.31405727200007, 15.014896699000076 ], [ 100.498291016000053, 14.819519043000069 ], [ 100.67707751100005, 14.710888031000025 ] ] ] } },
{ "type": "Feature", "properties": { "ANCHOR": 0, "TIME": 600.0, "FILE1": "Global_EarthByte_GPlates_PresentDay_StaticPlatePolygons.gpmlz", "RECONFILE1": "Zahirovic_etal_2022_OptimisedMantleRef_and_NNRMantleRef.rot", "OBJECTID_1": "158", "PLATEID1": 18102, "FROMAGE": 600.0, "TOAGE": -999.0, "NAME": "Ruby Terrane", "PLATEID2": 0, "GPGIM_TYPE": "gpml:ClosedContinentalBoundary", "L_PLATE": 0, "R_PLATE": 0, "SPREAD_ASY": 0.0, "IMPORT_AGE": 0.0, "Shape_Leng": 21.012730880100001, "Shape_Area": 5.1355281077799999, "FEATURE_ID": "GPlates-cea38816-c075-4d8f-82d8-17fa60f46250" }, "geometry": { "type": "Polygon", "coordinates": [ [ [ -154.08457419299998, 65.532668090000072 ], [ -153.187299727999971, 65.751100540000039 ], [ -152.25069999699997, 65.922502518000059 ], [ -151.315099715999963, 66.233900070000075 ], [ -151.085399627999976, 66.43650245700006 ], [ -151.166500091999978, 66.571699142000071 ], [ -151.044898986999982, 66.801301956000032 ], [ -150.450399398999963, 66.909402847000095 ], [ -149.82281294699996, 67.08198344300007 ], [ -149.784994539999957, 67.092205709000041 ], [ -148.997362153999973, 67.177120206000055 ], [ -148.630250485999966, 67.221487188000083 ], [ -148.101699828999983, 67.201299667000058 ], [ -147.95279911999998, 67.19026720200003 ], [ -147.78786432299998, 67.150131477000087 ], [ -147.087117111999959, 67.042417245000081 ], [ -147.259954378999964, 66.957165302000092 ], [ -147.382409743999972, 66.955057956000076 ], [ -148.283037220999972, 66.937805871000094 ], [ -148.714187070999969, 66.759218703000045 ], [ -148.274186244999981, 66.631784204000041 ], [ -148.188119079999979, 66.530312676000051 ], [ -148.424887968999968, 66.447614367000028 ], [ -148.551246769999977, 66.41350622300007 ], [ -149.080225866999967, 66.270718417000069 ], [ -149.173083258999981, 66.204530684000076 ], [ -149.128927774999966, 66.205892635000055 ], [ -149.34650120699996, 66.079713346000062 ], [ -150.237565674999956, 65.927170475000082 ], [ -150.34852753499996, 65.912418610000032 ], [ -150.805762926999961, 65.657202412000046 ], [ -151.31120372999996, 65.582382197000086 ], [ -152.001167094999971, 65.653704872000034 ], [ -152.539781485999981, 65.473347902000057 ], [ -152.298840418999959, 65.293546705000054 ], [ -151.414801164999972, 65.363306983000015 ], [ -151.268744827, 65.244210494000072 ], [ -151.295264477999979, 65.195133822000059 ], [ -151.619664366999984, 65.184527623000065 ], [ -151.627906453999969, 65.179616142000057 ], [ -152.58461510799998, 65.159173205000059 ], [ -153.314682984999962, 65.084337349000052 ], [ -154.301643043999974, 64.983168672000048 ], [ -155.104805426999974, 64.852454594000051 ], [ -154.08457419299998, 65.532668090000072 ] ] ] } },
{ "type": "Feature", "properties": { "ANCHOR": 0, "TIME": 600.0, "FILE1": "Global_EarthByte_GPlates_PresentDay_StaticPlatePolygons.gpmlz", "RECONFILE1": "Zahirovic_etal_2022_OptimisedMantleRef_and_NNRMantleRef.rot", "OBJECTID_1": "159", "PLATEID1": 602, "FROMAGE": 600.0, "TOAGE": -999.0, "NAME": "South China", "PLATEID2": 0, "GPGIM_TYPE": "gpml:ClosedContinentalBoundary", "L_PLATE": 0, "R_PLATE": 0, "SPREAD_ASY": 0.0, "IMPORT_AGE": 0.0, "Shape_Leng": 51.261132313300003, "Shape_Area": 101.501926747, "FEATURE_ID": "GPlates-d5771031-946a-40e0-a691-5ca0c77f7dd0" }, "geometry": { "type": "Polygon", "coordinates": [ [ [ 119.771325284000127, 23.053371816000038 ], [ 119.271638473000053, 22.496577940000066 ], [ 118.107058308000077, 22.052928354000066 ], [ 116.930248843000086, 21.482927552000032 ], [ 116.31634790300005, 21.011794272000031 ], [ 115.930875220000075, 20.426446865000059 ], [ 115.2156372070001, 19.965332031000059 ], [ 113.889709473000039, 19.579895020000038 ], [ 112.720153809000067, 19.569335938000052 ], [ 112.018822133000072, 19.643725544000063 ], [ 111.851886426000078, 19.665300752000064 ], [ 110.795593262000068, 19.801818848000039 ], [ 109.843872070000089, 20.025146484000061 ], [ 108.999511719000054, 20.418090820000032 ], [ 108.989425695000079, 20.430026834000046 ], [ 109.496276856000065, 20.720153809000067 ], [ 110.261657715000084, 21.261962891000053 ], [ 111.348449707000043, 22.178955078000062 ], [ 112.318420410000044, 23.171142578000058 ], [ 113.715881348000039, 25.106262207000043 ], [ 114.059262428000011, 25.667640405000043 ], [ 114.364631728000063, 26.156043342000032 ], [ 114.872009277000089, 26.402709961000028 ], [ 115.448928341000041, 26.817755112000043 ], [ 116.082885742000045, 27.308715820000032 ], [ 117.018554687, 27.978393555000029 ], [ 117.662475586000028, 28.413940430000025 ], [ 118.328442472, 29.135625071000046 ], [ 119.611694336000028, 30.533203125000057 ], [ 120.073913574000017, 31.289794922000056 ], [ 120.321166992000016, 31.329833984000064 ], [ 121.268737793000028, 31.565917969000061 ], [ 122.343783933000068, 31.487744772000045 ], [ 123.276000977000095, 31.451293945000035 ], [ 123.52545166000003, 31.416748047000059 ], [ 124.389160156000116, 31.296630859000061 ], [ 125.791442871000086, 31.24053955100004 ], [ 127.852233887000025, 31.359985352000027 ], [ 128.582153320000089, 31.583312988000039 ], [ 128.964111328000058, 31.921875 ], [ 129.136033671000064, 31.884720739000041 ], [ 129.139191021000102, 31.808910679000064 ], [ 129.18917818400007, 30.609359513000076 ], [ 128.708206190000055, 29.920200707000046 ], [ 127.860603160000096, 28.795598764000037 ], [ 127.113800179, 27.857801709000061 ], [ 126.407997114000082, 27.001810771000066 ], [ 125.789901899000043, 26.369899523000072 ], [ 124.936401022000027, 25.825201680000077 ], [ 124.379700171000081, 25.237100740000074 ], [ 123.007500080000099, 24.959199642000044 ], [ 121.874908081000072, 24.98880966300004 ], [ 120.670761544000015, 24.695199910000042 ], [ 119.985476774000063, 23.81004041500006 ], [ 119.771325284000127, 23.053371816000038 ] ] ] } },
{ "type": "Feature", "properties": { "ANCHOR": 0, "TIME": 600.0, "FILE1": "Global_EarthByte_GPlates_PresentDay_StaticPlatePolygons.gpmlz", "RECONFILE1": "Zahirovic_etal_2022_OptimisedMantleRef_and_NNRMantleRef.rot", "OBJECTID_1": "160", "PLATEID1": 602, "FROMAGE": 600.0, "TOAGE": -999.0, "NAME": "South China", "PLATEID2": 0, "GPGIM_TYPE": "gpml:ClosedContinentalBoundary", "L_PLATE": 0, "R_PLATE": 0, "SPREAD_ASY": 0.0, "IMPORT_AGE": 0.0, "Shape_Leng": 22.0905544807, "Shape_Area": 13.410562819100001, "FEATURE_ID": "GPlates-aeea35f5-8b31-4d9e-8fe7-03948ed09be9" }, "geometry": { "type": "Polygon", "coordinates": [ [ [ 108.989425695000079, 20.430026834000046 ], [ 107.915832520000038, 19.815490723000039 ], [ 107.660129407000056, 19.62630228300003 ], [ 107.563171387000068, 19.554565430000025 ], [ 107.113708496000072, 19.849609375000057 ], [ 106.148459650000063, 20.698433529000056 ], [ 105.78533935600008, 21.011413574000073 ], [ 106.224243164000086, 21.050354004000042 ], [ 106.863525391000053, 21.143188477000024 ], [ 107.425659180000096, 21.364929199000073 ], [ 107.927883657000052, 21.739378991000024 ], [ 108.83826136600004, 22.413112889000047 ], [ 109.535777648000078, 22.913790807000055 ], [ 111.242187500000057, 24.092529297000056 ], [ 112.099792481, 24.808837891000053 ], [ 112.859008789000086, 25.465332031000059 ], [ 113.6160278320001, 25.80718994100005 ], [ 114.364631728000063, 26.156043342000032 ], [ 114.059262428000011, 25.667640405000043 ], [ 113.715881348000039, 25.106262207000043 ], [ 112.318420410000044, 23.171142578000058 ], [ 111.348449707000043, 22.178955078000062 ], [ 110.261657715000084, 21.261962891000053 ], [ 109.496276856000065, 20.720153809000067 ], [ 108.989425695000079, 20.430026834000046 ] ] ] } },
{ "type": "Feature", "properties": { "ANCHOR": 0, "TIME": 600.0, "FILE1": "Global_EarthByte_GPlates_PresentDay_StaticPlatePolygons.gpmlz", "RECONFILE1": "Zahirovic_etal_2022_OptimisedMantleRef_and_NNRMantleRef.rot", "OBJECTID_1": "161", "PLATEID1": 602, "FROMAGE": 600.0, "TOAGE": -999.0, "NAME": "West Taiwan", "PLATEID2": 0, "GPGIM_TYPE": "gpml:ClosedContinentalBoundary", "L_PLATE": 0, "R_PLATE": 0, "SPREAD_ASY": 0.0, "IMPORT_AGE": 0.0, "Shape_Leng": 9.6295463839100002, "Shape_Area": 4.2312176316699999, "FEATURE_ID": "GPlates-cd3e91cb-0769-43b2-85fa-f1801a80ce05" }, "geometry": { "type": "Polygon", "coordinates": [ [ [ 121.583150444000026, 23.721552917000054 ], [ 121.575293779000063, 23.695364080000047 ], [ 121.495297154000014, 23.470373551000023 ], [ 121.395301285000059, 23.24038329900003 ], [ 121.260307003000079, 23.035391837000077 ], [ 121.105313476000092, 22.815401031000079 ], [ 120.96795506300009, 22.600778658000024 ], [ 120.885322670000065, 22.120430199000054 ], [ 120.861480973000084, 22.069340854000075 ], [ 120.780327078000042, 21.89543967000003 ], [ 120.478545871000051, 21.422010789000069 ], [ 119.745922053000058, 21.271372665000058 ], [ 119.928369710000084, 22.244355073000065 ], [ 119.771325284000127, 23.053371816000038 ], [ 119.985476774000063, 23.81004041500006 ], [ 120.670761544000015, 24.695199910000042 ], [ 121.874908081000072, 24.98880966300004 ], [ 121.802139184000112, 24.943328661000066 ], [ 121.580298976000094, 24.163768692000076 ], [ 121.585301701000049, 23.728723760000037 ], [ 121.583150444000026, 23.721552917000054 ] ] ] } },
{ "type": "Feature", "properties": { "ANCHOR": 0, "TIME": 600.0, "FILE1": "Global_EarthByte_GPlates_PresentDay_StaticPlatePolygons.gpmlz", "RECONFILE1": "Zahirovic_etal_2022_OptimisedMantleRef_and_NNRMantleRef.rot", "OBJECTID_1": "162", "PLATEID1": 612, "FROMAGE": 600.0, "TOAGE": -999.0, "NAME": "Northside South China Sea", "PLATEID2": 0, "GPGIM_TYPE": "gpml:ClosedContinentalBoundary", "L_PLATE": 0, "R_PLATE": 0, "SPREAD_ASY": 0.0, "IMPORT_AGE": 0.0, "Shape_Leng": 21.470060225899999, "Shape_Area": 11.8135902419, "FEATURE_ID": "GPlates-31342111-5e48-43e3-939d-b7ca7268684d" }, "geometry": { "type": "Polygon", "coordinates": [ [ [ 119.745922053000058, 21.271372665000058 ], [ 119.610595703000058, 21.246154785000044 ], [ 119.339538574, 20.918334961000028 ], [ 118.818115234000061, 20.734619141000053 ], [ 117.758850098000053, 20.481445312000062 ], [ 117.641113281000102, 20.215026855000076 ], [ 117.070678711000028, 19.343566894000059 ], [ 116.567993164000086, 18.880920410000048 ], [ 115.843078613000117, 18.753112793000071 ], [ 115.316589356000023, 18.836914062000062 ], [ 114.451110840000069, 18.803466797000056 ], [ 114.194580078000058, 18.576660156000059 ], [ 113.790893555000025, 18.417602539000029 ], [ 113.151611328000058, 18.403503418000071 ], [ 112.348999023000033, 18.490417480000076 ], [ 111.961608887000068, 18.490417480000076 ], [ 111.521444717000065, 18.388056284000072 ], [ 111.519807138000047, 18.387086214000078 ], [ 112.018822133000072, 19.643725544000063 ], [ 112.720153809000067, 19.569335938000052 ], [ 113.889709473000039, 19.579895020000038 ], [ 115.2156372070001, 19.965332031000059 ], [ 115.930875220000075, 20.426446865000059 ], [ 116.31634790300005, 21.011794272000031 ], [ 116.930248843000086, 21.482927552000032 ], [ 118.107058308000077, 22.052928354000066 ], [ 119.271638473000053, 22.496577940000066 ], [ 119.771325284000127, 23.053371816000038 ], [ 119.928369710000084, 22.244355073000065 ], [ 119.745922053000058, 21.271372665000058 ] ] ] } },
{ "type": "Feature", "properties": { "ANCHOR": 0, "TIME": 600.0, "FILE1": "Global_EarthByte_GPlates_PresentDay_StaticPlatePolygons.gpmlz", "RECONFILE1": "Zahirovic_etal_2022_OptimisedMantleRef_and_NNRMantleRef.rot", "OBJECTID_1": "163", "PLATEID1": 60201, "FROMAGE": 600.0, "TOAGE": -999.0, "NAME": "Hainan", "PLATEID2": 0, "GPGIM_TYPE": "gpml:ClosedContinentalBoundary", "L_PLATE": 0, "R_PLATE": 0, "SPREAD_ASY": 0.0, "IMPORT_AGE": 0.0, "Shape_Leng": 8.8354941871600001, "Shape_Area": 2.4124819388800001, "FEATURE_ID": "GPlates-9317108f-a937-428d-995b-8a547e39bb95" }, "geometry": { "type": "Polygon", "coordinates": [ [ [ 110.160585653000055, 19.280852620000076 ], [ 109.795898438000052, 19.279785156000067 ], [ 109.012939453000058, 19.331481934000067 ], [ 107.660129407000056, 19.62630228300003 ], [ 107.915832520000038, 19.815490723000039 ], [ 108.989425695000079, 20.430026834000046 ], [ 108.999511719000054, 20.418090820000032 ], [ 109.843872070000089, 20.025146484000061 ], [ 110.795593262000068, 19.801818848000039 ], [ 111.851886426000078, 19.665300752000064 ], [ 111.847229004000042, 19.661926270000041 ], [ 110.868896484000061, 19.302917481000069 ], [ 110.546569824000088, 19.281982422000056 ], [ 110.160585653000055, 19.280852620000076 ] ] ] } },
{ "type": "Feature", "properties": { "ANCHOR": 0, "TIME": 600.0, "FILE1": "Global_EarthByte_GPlates_PresentDay_StaticPlatePolygons.gpmlz", "RECONFILE1": "Zahirovic_etal_2022_OptimisedMantleRef_and_NNRMantleRef.rot", "OBJECTID_1": "164", "PLATEID1": 615, "FROMAGE": 600.0, "TOAGE": -999.0, "NAME": "Papua-New Guinea", "PLATEID2": 0, "GPGIM_TYPE": "gpml:ClosedContinentalBoundary", "L_PLATE": 0, "R_PLATE": 0, "SPREAD_ASY": 0.0, "IMPORT_AGE": 0.0, "Shape_Leng": 32.067835742500002, "Shape_Area": 52.794283931199999, "FEATURE_ID": "GPlates-afc707d5-28eb-483a-a75c-10a76065002e" }, "geometry": { "type": "Polygon", "coordinates": [ [ [ 137.385666181000033, -3.679903337999974 ], [ 137.432602088000067, -3.692760322999959 ], [ 137.917587210000079, -3.675429316999953 ], [ 138.415222004000043, -3.618020532999935 ], [ 138.759750108000048, -3.713709431999973 ], [ 139.219115911000017, -3.732850460999941 ], [ 140.348388947000103, -4.249629461999973 ], [ 141.401091863000033, -4.747279265999964 ], [ 141.64991800100006, -4.842980349999948 ], [ 142.683487128000024, -5.09179942399993 ], [ 143.391662999000147, -5.244919532999972 ], [ 143.563934027000073, -5.321490359999927 ], [ 144.376830896000115, -5.663670556999932 ], [ 145.19525107100003, -6.017579167999941 ], [ 145.504913026000054, -6.371490250999955 ], [ 145.745519430000058, -6.576447086999963 ], [ 146.102141952000011, -6.880230456999925 ], [ 146.153336091000028, -7.493709320999927 ], [ 146.478165150000109, -7.742879451999954 ], [ 146.80995211100003, -8.141029243999981 ], [ 147.114273, -8.815010174999941 ], [ 147.104110917000071, -9.441342315999975 ], [ 146.972870003000025, -9.475650447999953 ], [ 144.997924921000049, -10.032850334999978 ], [ 144.765323217000059, -10.040187813999978 ], [ 144.246338007000077, -10.05655933099996 ], [ 142.349289041000048, -10.207520304999946 ], [ 137.996947943, -9.09628939299995 ], [ 137.72578789700006, -8.662430599999936 ], [ 137.377040234000106, -8.617532336999943 ], [ 136.999226615000111, -8.524860964999959 ], [ 136.692698559000064, -8.38941832699993 ], [ 136.528741802000013, -8.061504636999928 ], [ 136.974489351000102, -7.460345225999959 ], [ 136.144897013000104, -6.132989185999981 ], [ 135.081644404000031, -5.844523031999933 ], [ 134.832144762000098, -5.33126677599995 ], [ 134.461459805000118, -5.188695651999979 ], [ 134.614552330000038, -4.52330120299996 ], [ 134.730697632000101, -4.194777964999957 ], [ 134.958419800000115, -3.963111161999962 ], [ 135.171346205000077, -3.795186134999938 ], [ 135.361906485000077, -3.62589926499993 ], [ 135.538895042000036, -3.696690278999938 ], [ 136.662038104000089, -3.523399035999944 ], [ 136.759521047000021, -3.508358261999945 ], [ 137.385666181000033, -3.679903337999974 ] ] ] } },
{ "type": "Feature", "properties": { "ANCHOR": 0, "TIME": 600.0, "FILE1": "Global_EarthByte_GPlates_PresentDay_StaticPlatePolygons.gpmlz", "RECONFILE1": "Zahirovic_etal_2022_OptimisedMantleRef_and_NNRMantleRef.rot", "OBJECTID_1": "166", "PLATEID1": 323, "FROMAGE": 600.0, "TOAGE": -999.0, "NAME": "Sicily", "PLATEID2": 0, "GPGIM_TYPE": "gpml:ClosedContinentalBoundary", "L_PLATE": 0, "R_PLATE": 0, "SPREAD_ASY": 0.0, "IMPORT_AGE": 0.0, "Shape_Leng": 11.327218198400001, "Shape_Area": 6.1451138777500001, "FEATURE_ID": "GPlates-de06afbc-2ebe-406e-aa54-b42b28f173b4" }, "geometry": { "type": "Polygon", "coordinates": [ [ [ 15.611015277000037, 37.518620080000055 ], [ 15.085417, 37.486667 ], [ 14.912726023000062, 37.514108802000067 ], [ 13.961456006000049, 37.111552083000056 ], [ 13.328045739000061, 36.705437935000077 ], [ 12.987327014000073, 36.26965229800004 ], [ 13.011062441000034, 36.224007245000053 ], [ 11.95441507800007, 36.842900701000076 ], [ 11.335755216000054, 37.747095883000036 ], [ 11.201618060000047, 37.965068762000044 ], [ 11.561384243000077, 38.098083557000052 ], [ 12.745270991000041, 38.558285738000052 ], [ 13.11477043800005, 38.824404195000056 ], [ 14.220363707000047, 38.43131330600005 ], [ 15.419612054000027, 38.469384682000054 ], [ 15.659937615000047, 38.348032170000074 ], [ 15.684921956000039, 38.290925106000039 ], [ 15.653751017000049, 38.253805515000074 ], [ 15.583318971000041, 38.208119863000036 ], [ 15.573801127000031, 38.116748561000072 ], [ 15.628302704000077, 37.860703295000064 ], [ 15.622052115000027, 37.858619765000071 ], [ 15.622052115000029, 37.651777851000077 ], [ 15.611015277000034, 37.653725528000052 ], [ 15.611015277000037, 37.518620080000055 ] ] ] } },
{ "type": "Feature", "properties": { "ANCHOR": 0, "TIME": 600.0, "FILE1": "Global_EarthByte_GPlates_PresentDay_StaticPlatePolygons.gpmlz", "RECONFILE1": "Zahirovic_etal_2022_OptimisedMantleRef_and_NNRMantleRef.rot", "OBJECTID_1": "167", "PLATEID1": 322, "FROMAGE": 600.0, "TOAGE": -999.0, "NAME": "Calabria", "PLATEID2": 0, "GPGIM_TYPE": "gpml:ClosedContinentalBoundary", "L_PLATE": 0, "R_PLATE": 0, "SPREAD_ASY": 0.0, "IMPORT_AGE": 0.0, "Shape_Leng": 15.149543769599999, "Shape_Area": 6.4579392539600002, "FEATURE_ID": "GPlates-4c8241d8-b71d-4a9b-9af1-f9b481de4955" }, "geometry": { "type": "Polygon", "coordinates": [ [ [ 18.333233409000059, 39.213939236000044 ], [ 18.244062164000074, 39.015780911000036 ], [ 18.009225753000067, 39.137942335000055 ], [ 18.064025529000052, 38.854394475000049 ], [ 17.930471035000036, 38.74440842100006 ], [ 17.536787188000066, 38.386514015000046 ], [ 17.286261104000062, 38.279145693000025 ], [ 16.955208778000042, 38.368619294000041 ], [ 16.949475355000075, 38.367185939000073 ], [ 16.94417194000005, 38.368619294000041 ], [ 16.657856415000026, 38.297040413000047 ], [ 16.602910770000051, 38.265261132000035 ], [ 16.302051487000028, 38.091251130000046 ], [ 16.198593412000037, 38.055040803000054 ], [ 16.183709845000067, 37.980621653000071 ], [ 16.073709938000036, 37.910610700000063 ], [ 15.904714963000059, 37.880805726000062 ], [ 15.733709008000062, 37.890621698000075 ], [ 15.72777221900003, 37.893859800000023 ], [ 15.628302704000077, 37.860703295000064 ], [ 15.573801127000031, 38.116748561000072 ], [ 15.583318971000041, 38.208119863000036 ], [ 15.653751017000049, 38.253805515000074 ], [ 15.684921956000039, 38.290925106000039 ], [ 15.659937615000047, 38.348032170000074 ], [ 15.419612054000027, 38.469384682000054 ], [ 14.220363707000047, 38.43131330600005 ], [ 13.11477043800005, 38.824404195000056 ], [ 13.32852404700003, 38.97835241000007 ], [ 13.708659978000071, 39.255897006000048 ], [ 13.708712337000064, 39.255935235000038 ], [ 13.711982047000051, 39.25168106600006 ], [ 13.704971487000027, 39.246524345000068 ], [ 13.743579609000051, 39.224535906000028 ], [ 13.84759338300006, 39.166836181000065 ], [ 13.837241646000052, 39.08061952300006 ], [ 13.834704118000047, 39.059485178000045 ], [ 13.873964625000044, 38.979612324000072 ], [ 13.972188133000031, 38.941888225000064 ], [ 14.015528666000023, 38.92524269300003 ], [ 14.198782382000049, 38.875337406000028 ], [ 14.225950258000063, 38.867938807000023 ], [ 14.281476796000049, 38.850981034000029 ], [ 14.381251878000059, 38.80877286500003 ], [ 14.409923182000059, 38.796643952000068 ], [ 14.418103700000072, 38.795329387000038 ], [ 14.534325547000037, 38.776653161000077 ], [ 14.545735987000057, 38.777861277000056 ], [ 14.547212590000074, 38.781001551000038 ], [ 14.718293028000064, 38.798019027000066 ], [ 14.741559855000052, 38.807660053000063 ], [ 14.859031076000067, 38.856336355000053 ], [ 14.870503446000034, 38.865427999000076 ], [ 14.931298396000045, 38.989895947000036 ], [ 14.952282245000053, 39.059443712000082 ], [ 14.962272991000077, 39.189052731000061 ], [ 14.940381702000025, 39.259607347000049 ], [ 14.933043791000044, 39.283257095000067 ], [ 14.931636666000033, 39.28779219300003 ], [ 14.917191124000057, 39.316166810000027 ], [ 14.917005355000072, 39.316412705000062 ], [ 14.880709153000053, 39.364456401000041 ], [ 14.745371973000033, 39.417103196000028 ], [ 14.560871680000046, 39.488874672000065 ], [ 14.553079443000058, 39.492908408000062 ], [ 14.363587170000073, 39.591001134000066 ], [ 14.356226109000033, 39.594811667000045 ], [ 14.313382208000066, 39.598289799000042 ], [ 14.191754778000075, 39.608163696000084 ], [ 14.353316091000067, 39.726572904000079 ], [ 14.829237539000076, 40.018968821000051 ], [ 15.00559332600006, 40.11726120700007 ], [ 15.104443550000044, 40.172355652000078 ], [ 15.211724660000066, 40.256989992000058 ], [ 15.451935292000032, 40.267525546000059 ], [ 16.024911293000059, 40.188881781000077 ], [ 16.619013454000026, 40.016546803000047 ], [ 17.895167644000026, 39.646364672000061 ], [ 18.476967713000022, 39.548231 ], [ 18.44235769200003, 39.523822906000078 ], [ 18.319220266000055, 39.246333676000063 ], [ 18.333233409000059, 39.213939236000044 ] ] ] } },
{ "type": "Feature", "properties": { "ANCHOR": 0, "TIME": 600.0, "FILE1": "Global_EarthByte_GPlates_PresentDay_StaticPlatePolygons.gpmlz", "RECONFILE1": "Zahirovic_etal_2022_OptimisedMantleRef_and_NNRMantleRef.rot", "OBJECTID_1": "171", "PLATEID1": 522, "FROMAGE": 600.0, "TOAGE": -999.0, "NAME": "Menderes-Taurides Block", "PLATEID2": 0, "GPGIM_TYPE": "gpml:ClosedContinentalBoundary", "L_PLATE": 0, "R_PLATE": 0, "SPREAD_ASY": 0.0, "IMPORT_AGE": 0.0, "Shape_Leng": 37.202043933900001, "Shape_Area": 40.134183292300001, "FEATURE_ID": "GPlates-63447570-57ec-4870-a412-ca14cfe63976" }, "geometry": { "type": "Polygon", "coordinates": [ [ [ 33.322245595000027, 39.879157700000064 ], [ 33.903655528000058, 39.136245007000078 ], [ 35.303572959000064, 38.684658739000049 ], [ 36.418378288000042, 38.684658739000049 ], [ 36.502, 38.7474 ], [ 38.0249, 39.3009 ], [ 38.2402, 39.3667 ], [ 38.49581308300003, 39.42160018800007 ], [ 38.7988, 39.4955 ], [ 39.0897, 39.5853 ], [ 39.322675469000046, 39.655163434000031 ], [ 39.502113663000046, 39.714717133000086 ], [ 39.513198833000047, 39.681098674000054 ], [ 39.510501988000058, 39.644100584000057 ], [ 39.571700870000022, 39.61360162200004 ], [ 39.617199001000081, 39.595600642000086 ], [ 39.667197995000024, 39.579399618000025 ], [ 39.730998894000038, 39.566600731000051 ], [ 39.774100909000026, 39.550300642000025 ], [ 39.856091030000073, 39.530300691000043 ], [ 40.119998979000066, 39.461200753000071 ], [ 40.27019886100004, 39.419399482000074 ], [ 40.372699801000067, 39.399200694000058 ], [ 40.422797861000035, 39.386398627000062 ], [ 40.472899982000044, 39.377201772000035 ], [ 40.552501933000023, 39.358898827000075 ], [ 40.68899897600005, 39.317211632000067 ], [ 40.868598915000064, 39.259109742000078 ], [ 40.99665789900007, 39.191230730000029 ], [ 40.96402964400005, 39.168629645000067 ], [ 40.282798911000043, 38.695610801000043 ], [ 39.925815735000072, 38.715415093000054 ], [ 39.651948072000039, 38.598353098000075 ], [ 39.46633656300002, 38.562556686000043 ], [ 39.182805501000075, 38.461458734000075 ], [ 38.836832733000051, 38.327766431000043 ], [ 38.697755924000035, 38.278967703000035 ], [ 38.530855806000034, 38.199478591000059 ], [ 38.195890270000064, 38.020430663000077 ], [ 38.055964957000072, 37.94972501500007 ], [ 37.836048848000075, 37.833881474000066 ], [ 37.566573976000022, 37.704287592000071 ], [ 36.989692349000052, 37.38459034400006 ], [ 36.832639459000063, 37.17725856800007 ], [ 36.831504074000065, 37.170405612000025 ], [ 36.1334, 36.818 ], [ 36.064010437000036, 36.607030834000057 ], [ 35.857291200000077, 36.394131265000055 ], [ 35.856868699000074, 36.399792773000058 ], [ 34.48494016800003, 35.684003974000063 ], [ 33.566344542000024, 35.457337521000056 ], [ 32.779869838000018, 35.445407708000062 ], [ 32.36232637300003, 36.006108934000061 ], [ 32.09987047900006, 36.387862960000056 ], [ 31.635649979000043, 36.590215486000034 ], [ 31.109695973000047, 36.566810160000045 ], [ 30.54178564200004, 36.365675250000031 ], [ 30.142488119000063, 36.471371653000062 ], [ 29.653365773000075, 36.67417848000008 ], [ 29.390909880000041, 36.662248666000039 ], [ 29.362419583000079, 35.988662131000069 ], [ 28.913717347000048, 35.39768845400004 ], [ 28.434019781000075, 35.164322071000072 ], [ 28.430461279000045, 35.16796018000008 ], [ 28.01987432400006, 34.968215175000068 ], [ 27.372530254000022, 34.814265618000036 ], [ 27.044771790000024, 34.907320453000068 ], [ 26.566745041000047, 34.838206909000064 ], [ 26.290018194000034, 34.80740088400006 ], [ 26.163636837000066, 34.790669634000039 ], [ 26.166822615000061, 35.499086819000063 ], [ 26.178559379000035, 37.083550047000074 ], [ 26.183623252000075, 37.08531139400003 ], [ 26.142798888000069, 37.131099823000056 ], [ 26.096099961000057, 37.207797616000057 ], [ 26.056699928000057, 37.284599772000036 ], [ 25.97749900600008, 37.411300621000073 ], [ 25.883218666000065, 37.538123222000024 ], [ 25.979169673000058, 37.754012989000046 ], [ 26.054663023000039, 37.955328588000036 ], [ 26.668675603000057, 38.096249508000028 ], [ 26.774366292000025, 38.136512628000041 ], [ 26.80456363200005, 38.23717042800007 ], [ 26.890122762000036, 38.262334878000047 ], [ 27.121635702000045, 38.398222908000037 ], [ 27.398444652000016, 38.493847818000063 ], [ 27.529299792000078, 38.519012268000033 ], [ 27.796042961000069, 38.700196308000038 ], [ 28.067819021000048, 38.916610577000021 ], [ 28.213772831000028, 39.067597277000061 ], [ 28.32721321300005, 39.179480281000053 ], [ 28.4315, 39.2785 ], [ 28.6113, 39.4826 ], [ 28.777084345000045, 39.579948644000069 ], [ 29.0507, 39.6356 ], [ 29.2346, 39.6442 ], [ 29.411048846000025, 39.625362234000079 ], [ 29.668052547000052, 39.624691517000031 ], [ 29.9618, 39.6469 ], [ 30.4973, 39.7172 ], [ 30.6695, 39.7436 ], [ 30.9723, 39.7369 ], [ 31.225598481000077, 39.696768090000035 ], [ 31.57165354700005, 39.662951626000059 ], [ 31.7825, 39.6694 ], [ 32.0659, 39.7454 ], [ 32.3625, 39.8002 ], [ 32.6086, 39.8302 ], [ 32.995371484000025, 39.853688664000067 ], [ 33.322245595000027, 39.879157700000064 ] ] ] } },
{ "type": "Feature", "properties": { "ANCHOR": 0, "TIME": 600.0, "FILE1": "Global_EarthByte_GPlates_PresentDay_StaticPlatePolygons.gpmlz", "RECONFILE1": "Zahirovic_etal_2022_OptimisedMantleRef_and_NNRMantleRef.rot", "OBJECTID_1": "172", "PLATEID1": 525, "FROMAGE": 600.0, "TOAGE": -999.0, "NAME": "Kirsehir", "PLATEID2": 0, "GPGIM_TYPE": "gpml:ClosedContinentalBoundary", "L_PLATE": 0, "R_PLATE": 0, "SPREAD_ASY": 0.0, "IMPORT_AGE": 0.0, "Shape_Leng": 13.3722278081, "Shape_Area": 7.0554283548400001, "FEATURE_ID": "GPlates-0118bea1-b6c2-4f63-8f38-8a5c39337945" }, "geometry": { "type": "Polygon", "coordinates": [ [ [ 39.502113663000046, 39.714717133000086 ], [ 39.322675469000046, 39.655163434000031 ], [ 39.0897, 39.5853 ], [ 38.7988, 39.4955 ], [ 38.49581308300003, 39.42160018800007 ], [ 38.2402, 39.3667 ], [ 38.0249, 39.3009 ], [ 36.502, 38.7474 ], [ 36.418378288000042, 38.684658739000049 ], [ 35.303572959000064, 38.684658739000049 ], [ 33.903655528000058, 39.136245007000078 ], [ 33.322245595000027, 39.879157700000064 ], [ 33.339425305000077, 39.88049629100005 ], [ 33.567, 39.9186 ], [ 33.9272, 39.9991 ], [ 34.213553042000065, 40.058439687000032 ], [ 34.612602816000049, 40.17772432500005 ], [ 34.897685695000064, 40.285165125000056 ], [ 35.243, 40.3906 ], [ 35.5982, 40.5589 ], [ 35.7589, 40.5805 ], [ 35.9735, 40.5426 ], [ 36.2007, 40.5877 ], [ 36.4201, 40.6999 ], [ 36.480191560000037, 40.729192798000042 ], [ 36.699901965000045, 40.540698532000079 ], [ 36.754298872000049, 40.512401616000041 ], [ 36.899699987000076, 40.457401662000052 ], [ 36.947300039000027, 40.423900712000034 ], [ 37.003898993000064, 40.390300519000057 ], [ 37.044800020000025, 40.369098713000028 ], [ 37.19229881900003, 40.299900769000033 ], [ 37.237701063000024, 40.282100570000075 ], [ 37.337810831000077, 40.251701732000072 ], [ 37.45170202000002, 40.22809974900008 ], [ 37.490298934000059, 40.213901581000073 ], [ 37.672501068000024, 40.177501770000049 ], [ 37.84559993800007, 40.146499533000046 ], [ 37.893500895000045, 40.146198627000047 ], [ 37.959801038000073, 40.156188714000052 ], [ 38.085400157000045, 40.160598811000057 ], [ 38.197399034000057, 40.168601581000068 ], [ 38.268100974000042, 40.166301529000066 ], [ 38.414002008000068, 40.147701741000049 ], [ 38.534499867000086, 40.108299764000037 ], [ 38.584598986000067, 40.09749967100003 ], [ 38.625599079000033, 40.086589740000079 ], [ 38.698298754000064, 40.05981077000007 ], [ 38.816607810000058, 40.027400777000032 ], [ 38.907599834000052, 40.007400826000044 ], [ 38.962199993000077, 39.991199627000071 ], [ 39.046397988000088, 39.964302520000039 ], [ 39.094100815000047, 39.944599589000063 ], [ 39.160098993000084, 39.928398743000059 ], [ 39.194198928000048, 39.915790746000027 ], [ 39.273498915000062, 39.871299694000086 ], [ 39.353001095000018, 39.839000774000048 ], [ 39.455101004000028, 39.782001674000071 ], [ 39.502113663000046, 39.714717133000086 ] ] ] } },
{ "type": "Feature", "properties": { "ANCHOR": 0, "TIME": 600.0, "FILE1": "Global_EarthByte_GPlates_PresentDay_StaticPlatePolygons.gpmlz", "RECONFILE1": "Zahirovic_etal_2022_OptimisedMantleRef_and_NNRMantleRef.rot", "OBJECTID_1": "208", "PLATEID1": 309, "FROMAGE": 600.0, "TOAGE": -999.0, "NAME": "West Svalbard", "PLATEID2": 0, "GPGIM_TYPE": "gpml:ClosedContinentalBoundary", "L_PLATE": 0, "R_PLATE": 0, "SPREAD_ASY": 0.0, "IMPORT_AGE": 0.0, "Shape_Leng": 34.871943649899997, "Shape_Area": 35.473562862000001, "FEATURE_ID": "GPlates-bed1b3d4-3cf7-40a0-94ed-380ef87fa1cf" }, "geometry": { "type": "Polygon", "coordinates": [ [ [ 19.327676970000027, 75.98089357700006 ], [ 19.096623095000041, 75.97481668000006 ], [ 19.17926500100004, 75.887787280000069 ], [ 19.375880915000039, 75.628611523000075 ], [ 19.486533312000063, 75.330200313000034 ], [ 19.579166718000067, 75.191250117000052 ], [ 19.793881088000042, 74.974097425000082 ], [ 19.926865098000068, 74.807385373000031 ], [ 20.083059773000059, 74.550410427000031 ], [ 20.350000083000058, 74.040000055000078 ], [ 20.563955305000036, 73.681033801000069 ], [ 20.525557321000065, 73.091005433000078 ], [ 20.365, 73.06334 ], [ 20.21841, 72.98206 ], [ 20.1023, 72.79339 ], [ 19.67483, 72.64455 ], [ 18.76766, 72.324380000000104 ], [ 18.2874, 72.13761 ], [ 17.88718, 72.0042 ], [ 17.43359, 71.73739 ], [ 17.07851437600004, 71.45444322700007 ], [ 17.077828458000059, 71.453896644000054 ], [ 16.901458116000072, 71.676359667000057 ], [ 16.609724375000042, 72.044335194000027 ], [ 16.310095396000065, 72.543039695000076 ], [ 16.186876781000016, 72.735634412000067 ], [ 16.917887632000031, 72.979304696000042 ], [ 17.455171097000061, 73.544866238000054 ], [ 17.548723309000032, 73.81410545500006 ], [ 17.510116436000033, 74.393208550000054 ], [ 17.566672590000053, 75.326385093000056 ], [ 16.350715276000077, 75.863668558000015 ], [ 14.738864883000076, 76.627176639000098 ], [ 11.317217557000053, 77.899690107000112 ], [ 9.931591780000076, 78.55008588000004 ], [ 8.683181469000033, 78.951360623000099 ], [ 9.367450310000033, 79.346336321000067 ], [ 12.147754677000023, 80.631167145000049 ], [ 13.881221943000071, 80.784484615000054 ], [ 14.252023060000054, 80.422953525000068 ], [ 15.198542222000071, 79.764505413000052 ], [ 15.800688670000056, 79.336664516000056 ], [ 15.980449356000063, 79.208939818000047 ], [ 16.502769558000068, 78.840243204000046 ], [ 16.680730990000029, 78.686549240000033 ], [ 16.70521457600006, 78.667388173000077 ], [ 16.730957190000026, 78.669241305000071 ], [ 17.480207475000036, 77.994233361000056 ], [ 17.943623612000067, 77.507247834000069 ], [ 17.966875338000033, 77.501991176000033 ], [ 18.689688985000032, 76.713467197000071 ], [ 19.327676970000027, 75.98089357700006 ] ] ] } },
{ "type": "Feature", "properties": { "ANCHOR": 0, "TIME": 600.0, "FILE1": "Global_EarthByte_GPlates_PresentDay_StaticPlatePolygons.gpmlz", "RECONFILE1": "Zahirovic_etal_2022_OptimisedMantleRef_and_NNRMantleRef.rot", "OBJECTID_1": "209", "PLATEID1": 505, "FROMAGE": 600.0, "TOAGE": -999.0, "NAME": "Sanand", "PLATEID2": 0, "GPGIM_TYPE": "gpml:ClosedContinentalBoundary", "L_PLATE": 0, "R_PLATE": 0, "SPREAD_ASY": 0.0, "IMPORT_AGE": 0.0, "Shape_Leng": 37.975117118500002, "Shape_Area": 31.7848574388, "FEATURE_ID": "GPlates-f1abebdc-cf0b-4269-8281-34b1a20534ec" }, "geometry": { "type": "Polygon", "coordinates": [ [ [ 57.67916870100003, 27.427249908000078 ], [ 57.591116422000034, 27.384771826000076 ], [ 57.572300100000064, 27.397699712000076 ], [ 57.275600023000038, 27.939201498000045 ], [ 56.943645811000067, 28.093641124000044 ], [ 56.304500854000075, 28.390998759000073 ], [ 55.989800150000065, 28.414701574000048 ], [ 54.776001019000034, 29.100500626000045 ], [ 54.447558979000043, 29.279600646000063 ], [ 54.410443105000077, 29.32615088600005 ], [ 54.190856861000043, 29.46166574800003 ], [ 53.256501497000038, 29.992850584000056 ], [ 53.149997141000028, 30.063913115000048 ], [ 52.636681551000038, 30.567368940000055 ], [ 52.551457405000065, 30.648485130000036 ], [ 52.047524088000067, 31.101970921000035 ], [ 51.967542296000033, 31.194104583000069 ], [ 51.765348688000074, 31.447492507000049 ], [ 51.534907961000037, 31.747573529000075 ], [ 51.486400955000079, 31.791229499000057 ], [ 51.269301946000049, 32.072200749000054 ], [ 50.936587901000053, 32.292900730000042 ], [ 50.309071034000048, 32.665309711000077 ], [ 50.282687798000048, 32.695144704000029 ], [ 50.123015937000048, 32.75833884900004 ], [ 50.044815031000041, 32.803076417000057 ], [ 49.934221968000024, 32.861776762000034 ], [ 49.24631163500004, 33.114255966000037 ], [ 48.618301030000055, 33.287713838000059 ], [ 47.843068339000055, 33.459443272000051 ], [ 47.547680836000026, 33.787114331000055 ], [ 47.216754740000042, 34.224252531000047 ], [ 46.991183591000038, 34.532527038000069 ], [ 46.762576549000052, 34.806940180000026 ], [ 46.451282395000078, 35.140419202000032 ], [ 46.013258255000025, 35.41106008100008 ], [ 45.681333556000027, 35.636866798000021 ], [ 45.472651062000068, 35.853643534000071 ], [ 45.21267200900008, 36.164024555000019 ], [ 45.030809982000051, 36.339991559000055 ], [ 44.839844516000014, 36.621536541000076 ], [ 44.698843432000047, 36.801060372000052 ], [ 44.640641064000086, 36.940606551000037 ], [ 44.527687555000064, 37.046215961000023 ], [ 44.422203345000064, 37.13320050800008 ], [ 44.312760573000055, 37.240630712000033 ], [ 44.181456263000022, 37.402443873000038 ], [ 44.15195943500003, 37.468247098000063 ], [ 44.099639198000041, 37.599605443000037 ], [ 44.063308962000072, 37.659000660000068 ], [ 43.962298950000033, 37.714462566000066 ], [ 43.909999904000081, 37.790000532000072 ], [ 43.900001871000036, 37.950000668000023 ], [ 43.930000031000084, 38.090000677000027 ], [ 44.044843345000054, 38.155622724000068 ], [ 44.070010988000035, 38.170001717000055 ], [ 44.290001088000054, 38.229999627000041 ], [ 44.570000047000079, 38.229999627000041 ], [ 45.00001099800005, 38.270000764000031 ], [ 45.489998138000026, 38.299999631000048 ], [ 46.100002113000059, 38.369998753000061 ], [ 46.741818928000029, 38.439121553000064 ], [ 46.98815155000004, 38.161670685000047 ], [ 47.161430359000072, 37.87173080400003 ], [ 47.206108093000061, 37.589340210000046 ], [ 47.30591964700006, 37.388179779000041 ], [ 47.45563888500002, 37.19808960000006 ], [ 47.685211182000039, 36.99974823000008 ], [ 47.874858856000067, 36.773548126000037 ], [ 48.259159088000047, 36.53099823000008 ], [ 48.578559875000053, 36.35446929900008 ], [ 48.810630798000034, 36.197219849000085 ], [ 49.239830017000017, 35.952838898000039 ], [ 49.489368439000039, 35.834320068000068 ], [ 49.688999176000031, 35.771041870000033 ], [ 49.966369629000063, 35.722698212000076 ], [ 50.150150299000067, 35.553871155000024 ], [ 50.542358398000033, 35.240638733000026 ], [ 50.736221313000037, 35.132778168000073 ], [ 51.436889648000033, 34.821239471000069 ], [ 52.009338379000049, 34.60409164400005 ], [ 52.64630889900009, 34.335758209000062 ], [ 52.818191528000057, 33.95433044400005 ], [ 52.875560760000056, 33.381141663000051 ], [ 52.994369507000044, 32.804161072000056 ], [ 53.069938660000041, 32.212429047000057 ], [ 53.399639130000047, 31.734359741000045 ], [ 53.745830536000028, 31.140890121000041 ], [ 54.207420349000067, 30.728759766000046 ], [ 55.114109039000027, 29.986919403000059 ], [ 55.740550995000028, 29.723159790000071 ], [ 56.416439056000051, 29.409940720000066 ], [ 56.818271637000066, 29.312360764000061 ], [ 57.631759644000063, 28.95429039000004 ], [ 57.74652862500006, 28.54780960100004 ], [ 57.776489258000019, 27.691209793000041 ], [ 57.67916870100003, 27.427249908000078 ] ] ] } },
{ "type": "Feature", "properties": { "ANCHOR": 0, "TIME": 600.0, "FILE1": "Global_EarthByte_GPlates_PresentDay_StaticPlatePolygons.gpmlz", "RECONFILE1": "Zahirovic_etal_2022_OptimisedMantleRef_and_NNRMantleRef.rot", "OBJECTID_1": "210", "PLATEID1": 505, "FROMAGE": 600.0, "TOAGE": -999.0, "NAME": "Alborz (Lut)", "PLATEID2": 0, "GPGIM_TYPE": "gpml:ClosedContinentalBoundary", "L_PLATE": 0, "R_PLATE": 0, "SPREAD_ASY": 0.0, "IMPORT_AGE": 0.0, "Shape_Leng": 27.361758937400001, "Shape_Area": 18.079212079200001, "FEATURE_ID": "GPlates-1d2f1b1d-401a-4356-984e-f03d794f72c6" }, "geometry": { "type": "Polygon", "coordinates": [ [ [ 51.34999891700005, 36.720001573000047 ], [ 51.86000101900003, 36.670001696000043 ], [ 52.249999883000044, 36.680000612000072 ], [ 52.540000759000066, 36.77999877700006 ], [ 52.810000802000047, 36.82999777100008 ], [ 53.380000990000042, 36.900001660000044 ], [ 53.720001037000031, 36.900001660000044 ], [ 54.209999126000071, 36.999999649000074 ], [ 54.650001929000041, 37.130001625000034 ], [ 55.119999008000036, 37.319999568000071 ], [ 55.499999839000047, 37.430000711000048 ], [ 56.49998890400007, 37.529998699000032 ], [ 56.860001087000043, 37.540000617000032 ], [ 57.180000123000049, 37.510002633000056 ], [ 57.427220319000071, 37.467006694000077 ], [ 57.692378998000031, 37.158329010000045 ], [ 58.041370392000033, 36.658908844000052 ], [ 56.835918427000081, 36.710010529000037 ], [ 55.998439789000045, 36.566848755000024 ], [ 56.328350067000024, 36.413158417000034 ], [ 56.518688202000078, 36.053359985000043 ], [ 54.209270477000075, 35.35995101900005 ], [ 53.918029785000044, 34.801059723000037 ], [ 52.64630889900009, 34.335758209000062 ], [ 52.009338379000049, 34.60409164400005 ], [ 51.436889648000033, 34.821239471000069 ], [ 50.736221313000037, 35.132778168000073 ], [ 50.542358398000033, 35.240638733000026 ], [ 50.150150299000067, 35.553871155000024 ], [ 49.966369629000063, 35.722698212000076 ], [ 49.688999176000031, 35.771041870000033 ], [ 49.489368439000039, 35.834320068000068 ], [ 49.239830017000017, 35.952838898000039 ], [ 48.810630798000034, 36.197219849000085 ], [ 48.578559875000053, 36.35446929900008 ], [ 48.259159088000047, 36.53099823000008 ], [ 47.874858856000067, 36.773548126000037 ], [ 47.685211182000039, 36.99974823000008 ], [ 47.45563888500002, 37.19808960000006 ], [ 47.30591964700006, 37.388179779000041 ], [ 47.206108093000061, 37.589340210000046 ], [ 47.161430359000072, 37.87173080400003 ], [ 46.98815155000004, 38.161670685000047 ], [ 46.741818928000029, 38.439121553000064 ], [ 47.529998773000024, 38.490009583000074 ], [ 48.18999909300004, 38.540000807000069 ], [ 48.569999916000029, 38.649998356000026 ], [ 48.790000973000076, 38.279998621000061 ], [ 48.869805171000039, 38.080485924000072 ], [ 48.959998789000053, 37.840000586000031 ], [ 49.059990067000051, 37.690002720000052 ], [ 49.209999058000029, 37.569999837000069 ], [ 49.380000935000055, 37.499999656000057 ], [ 49.814334749000047, 37.286278413000048 ], [ 50.138005217000057, 37.160773592000048 ], [ 50.320000037000071, 37.099998873000061 ], [ 50.419998025000041, 36.959999571000012 ], [ 50.639999074000059, 36.900001660000044 ], [ 51.049998772000023, 36.799999611000032 ], [ 51.34999891700005, 36.720001573000047 ] ] ] } },
{ "type": "Feature", "properties": { "ANCHOR": 0, "TIME": 600.0, "FILE1": "Global_EarthByte_GPlates_PresentDay_StaticPlatePolygons.gpmlz", "RECONFILE1": "Zahirovic_etal_2022_OptimisedMantleRef_and_NNRMantleRef.rot", "OBJECTID_1": "211", "PLATEID1": 315, "FROMAGE": 600.0, "TOAGE": -999.0, "NAME": "Northern Highlands", "PLATEID2": 0, "GPGIM_TYPE": "gpml:ClosedContinentalBoundary", "L_PLATE": 0, "R_PLATE": 0, "SPREAD_ASY": 0.0, "IMPORT_AGE": 0.0, "Shape_Leng": 52.461165198099998, "Shape_Area": 97.454046797999993, "FEATURE_ID": "GPlates-57891780-46d0-4e29-afa1-00e082449274" }, "geometry": { "type": "Polygon", "coordinates": [ [ [ -3.993567298999942, 60.23752107500006 ], [ -4.424883471999976, 60.093749018000025 ], [ -4.856199643999958, 59.92943809500008 ], [ -5.256707518999972, 59.888360364000036 ], [ -5.513443335999962, 59.867821499000058 ], [ -6.386345112999948, 59.837013201000055 ], [ -6.848469583999929, 59.744588307000072 ], [ -7.382480082999948, 59.570007951000022 ], [ -7.540372610999953, 59.512592486000074 ], [ -7.988376610999969, 59.128422345999979 ], [ -8.196332622999934, 59.005189154000057 ], [ -8.966540073999965, 58.766424844000035 ], [ -9.359345873999937, 58.635489578000033 ], [ -9.744449598999951, 58.442937715000028 ], [ -9.952405610999964, 58.350512821000052 ], [ -9.998618057999977, 58.242683778000078 ], [ -10.021724280999933, 57.534092923000067 ], [ -10.044830504999936, 56.910224888000073 ], [ -10.044830504999936, 56.14001743700004 ], [ -10.06793672799995, 55.469936955000037 ], [ -10.074236368999948, 55.148655265000052 ], [ -10.283594814999958, 55.131045676000035 ], [ -10.327406733999965, 55.129392396000085 ], [ -11.181314387999983, 54.62784347500007 ], [ -11.509936233999955, 54.395069668000062 ], [ -11.742710040999949, 54.080140399000065 ], [ -11.907020963999971, 53.765211130000068 ], [ -12.043946732999927, 53.395511554000052 ], [ -12.071331886999918, 52.929963939000061 ], [ -12.043946732999927, 52.49180147800007 ], [ -12.043946732999927, 52.286412824000081 ], [ -12.016561578999926, 51.944098402000066 ], [ -11.909106220999943, 51.366525849000027 ], [ -11.906628039999926, 51.355320359000061 ], [ -12.085592295999964, 51.243319887000027 ], [ -12.5666, 50.9282 ], [ -13.18041529999994, 50.607750490000065 ], [ -13.894253601999935, 50.179447509000056 ], [ -14.599253279999973, 49.760523212000066 ], [ -14.607001698999968, 49.766403750000052 ], [ -14.884328746999921, 49.606500366000027 ], [ -15.155871316999935, 49.85997830400003 ], [ -15.643172225999937, 50.387735717000055 ], [ -15.750444076999941, 50.765498821000051 ], [ -15.855640764999977, 51.050185399000028 ], [ -16.038501492999956, 51.2433 ], [ -16.147470676999944, 51.338052897000061 ], [ -16.496713788999962, 51.488149032000081 ], [ -16.718765539999957, 51.663035085000047 ], [ -16.995168213999943, 51.896504752000062 ], [ -17.214576286999943, 52.144005979000049 ], [ -17.231984991999976, 52.144392654000058 ], [ -17.287876931999968, 52.199963792000062 ], [ -17.65786663199998, 52.391619311000049 ], [ -17.757208782999953, 52.44307877500006 ], [ -17.900423715999985, 52.472854712000064 ], [ -18.506998756999963, 52.598968238000054 ], [ -18.597084845999984, 52.586652814000061 ], [ -19.256046490999957, 52.496567963000075 ], [ -19.694651618999963, 52.436607450000047 ], [ -19.792453511999959, 52.423237220000033 ], [ -19.82665909799994, 52.441888506000048 ], [ -20.75353923899997, 52.947288610000037 ], [ -21.040320637999972, 53.103661956000046 ], [ -21.585192529999965, 54.125511815000038 ], [ -21.843118739999966, 54.267347467000036 ], [ -21.927027719999959, 54.313489675000021 ], [ -22.042300617999949, 54.423489581000069 ], [ -22.172827111999936, 54.548045330000029 ], [ -22.198600151999983, 54.594192256000042 ], [ -22.32505641099992, 54.820613654000049 ], [ -22.397417431999941, 54.950176900000031 ], [ -22.382732708999981, 55.333421164000072 ], [ -22.382421837999971, 55.341534325000048 ], [ -22.432662670999942, 55.457484221000065 ], [ -22.437937146999968, 55.469657086000034 ], [ -22.279069093999968, 55.570796330000064 ], [ -22.139488184999951, 55.65965691100007 ], [ -21.952253855999952, 55.80898407300004 ], [ -21.813358737999966, 55.918942454000046 ], [ -21.614358202999941, 56.046242531000068 ], [ -21.366217988999949, 56.204977122000052 ], [ -21.046631379999951, 56.50811542700005 ], [ -20.806595087999938, 56.779754870000033 ], [ -20.259260830999935, 57.049825464000023 ], [ -20.023562771999945, 57.283390956000055 ], [ -19.964599613999951, 57.34182062200005 ], [ -19.921004768999982, 57.385021026000068 ], [ -19.567537812999959, 57.574846669000067 ], [ -18.926997011999958, 58.029218298000053 ], [ -18.208724575999955, 58.738877468000055 ], [ -18.201756196999963, 58.744391534000037 ], [ -17.598959495999964, 59.221383526000075 ], [ -17.439888771999961, 59.289624640000056 ], [ -17.04528703099993, 59.455453337000051 ], [ -16.97573061099996, 59.484683948000054 ], [ -16.41636011799994, 59.747052621000066 ], [ -15.743394066999942, 59.772311139000074 ], [ -15.183744838999914, 59.806575378000048 ], [ -14.635596761999981, 59.847287189000035 ], [ -13.753054396999973, 60.228853408000063 ], [ -13.750798207999935, 60.228104534000074 ], [ -12.82457955199992, 60.338319402000081 ], [ -12.142220771999975, 60.789143309000039 ], [ -11.645906539999942, 61.082051094000072 ], [ -9.527170190999925, 61.660281393000048 ], [ -5.973059194999962, 61.252641422000082 ], [ -2.209993755999964, 61.002345785000045 ], [ -2.319649772999981, 60.946111930000029 ], [ -2.586655022999935, 60.781801007000055 ], [ -2.894738002999929, 60.566142921000051 ], [ -3.192551550999951, 60.422370864000072 ], [ -3.572520559999933, 60.329945969 ], [ -3.993567298999942, 60.23752107500006 ] ] ] } },
{ "type": "Feature", "properties": { "ANCHOR": 0, "TIME": 600.0, "FILE1": "Global_EarthByte_GPlates_PresentDay_StaticPlatePolygons.gpmlz", "RECONFILE1": "Zahirovic_etal_2022_OptimisedMantleRef_and_NNRMantleRef.rot", "OBJECTID_1": "212", "PLATEID1": 501, "FROMAGE": 600.0, "TOAGE": -999.0, "NAME": "Tethyan Himalayan microcontinent of Greater India", "PLATEID2": 0, "GPGIM_TYPE": "gpml:ClosedContinentalBoundary", "L_PLATE": 0, "R_PLATE": 0, "SPREAD_ASY": 0.0, "IMPORT_AGE": 0.0, "Shape_Leng": 62.711943126999998, "Shape_Area": 48.3303862462, "FEATURE_ID": "GPlates-866e2f01-162d-4bf2-a7cf-f7b8bc3e7f1c" }, "geometry": { "type": "Polygon", "coordinates": [ [ [ 96.188604923000071, 28.088392879000025 ], [ 95.972128543000053, 28.474566934000052 ], [ 95.811957083000038, 28.504684759000043 ], [ 95.499227544000064, 28.595028848000027 ], [ 94.748676651000039, 28.92165747700005 ], [ 94.366451659000063, 27.976519315000079 ], [ 94.012024848000067, 27.615142959000032 ], [ 93.76184121700004, 27.503950235000051 ], [ 93.094684868000058, 27.267665694000073 ], [ 92.649913968000078, 27.198170241000071 ], [ 91.927161256000034, 27.093927061000045 ], [ 91.162711272000081, 27.010532518000048 ], [ 90.287068563000048, 26.941037065000053 ], [ 89.675508576000084, 26.836793885000077 ], [ 88.32034724100005, 26.989683882000065 ], [ 87.048580449000042, 26.954936155000041 ], [ 86.284130466000079, 27.052229789000027 ], [ 85.894955928000059, 27.156472969000056 ], [ 84.984565493000048, 27.559546597000065 ], [ 84.678785499000085, 27.79583113700005 ], [ 84.393854142000066, 28.052964314000072 ], [ 83.719748247000041, 28.094661586000029 ], [ 83.066490988000055, 28.344845217000056 ], [ 82.753761449000081, 28.532482940000079 ], [ 82.253394187000083, 28.636726120000048 ], [ 81.850320559000068, 28.740969299000028 ], [ 81.551490111000078, 28.873010660000038 ], [ 81.273508298000081, 29.03285020200008 ], [ 80.68974649200004, 29.08844656500003 ], [ 80.231076502000064, 29.16489156300003 ], [ 79.709860604000085, 29.338630196000057 ], [ 79.126098798000044, 29.567965191000042 ], [ 78.681327898000063, 29.797300186000029 ], [ 78.257405635000055, 30.137827906000048 ], [ 78.00027245800004, 30.638195169000028 ], [ 77.868231097000034, 31.020420160000072 ], [ 77.611097921000066, 31.159411067000072 ], [ 77.187175657000068, 31.326200154000052 ], [ 76.811900211000079, 31.88911332400005 ], [ 75.65827568900005, 32.952393756000042 ], [ 74.574146621000068, 33.404114201000027 ], [ 73.46221937200005, 34.738426900000029 ], [ 73.16338892400006, 34.731477355000045 ], [ 73.246783467000057, 34.404848726000068 ], [ 73.031347563000054, 34.140766004000056 ], [ 72.739466660000062, 34.161614640000039 ], [ 72.496232574000047, 34.397899180000024 ], [ 72.079259856000078, 34.613335085000074 ], [ 71.738732136000067, 34.52994054100003 ], [ 71.026856923000082, 34.299404755000069 ], [ 71.007011050000074, 34.391756655000052 ], [ 70.772373971000036, 34.43979765000006 ], [ 70.761088930000028, 34.449746249000043 ], [ 70.8936, 34.478 ], [ 71.483252199000049, 34.631548998000028 ], [ 71.8723, 34.7551 ], [ 72.238, 34.8429 ], [ 72.445422847000032, 34.932683250000032 ], [ 72.632177402000082, 35.246589843000038 ], [ 72.669092181000053, 35.308638089000048 ], [ 72.766650082000069, 35.389539763000073 ], [ 72.997457800000063, 35.427611139000078 ], [ 73.085497857000064, 35.420472756000031 ], [ 73.156881687000066, 35.375262997000057 ], [ 73.159261148000041, 35.299120245000047 ], [ 73.15530418000003, 35.210594299000043 ], [ 73.203607763000036, 35.053769904000035 ], [ 73.342479646000072, 34.956477860000071 ], [ 73.4995, 34.9494 ], [ 73.677742428000045, 35.038084734000051 ], [ 73.795772268000064, 35.099928168000076 ], [ 74.190338116000078, 35.340842147000046 ], [ 74.441790630000071, 35.434749522000061 ], [ 74.605973440000071, 35.520410118000029 ], [ 74.788867355000036, 35.523563462000027 ], [ 74.790000975000055, 35.520000639000045 ], [ 74.842468901000075, 35.470030707000035 ], [ 74.721137835000036, 35.358783658000057 ], [ 74.728277735000063, 35.095200437000074 ], [ 74.865096743000038, 34.90484355600006 ], [ 74.978121141000031, 34.631205540000046 ], [ 75.251759157000038, 34.530078448000047 ], [ 75.578935045000037, 34.452745965000076 ], [ 75.965232534000052, 34.421757964000051 ], [ 76.387951787000077, 34.381362135000074 ], [ 76.667538455000056, 34.339721567000019 ], [ 77.020364629000085, 34.299627684000029 ], [ 77.809998141000051, 33.72000170900003 ], [ 79.068176015000063, 32.868988774000051 ], [ 80.533751885000072, 31.605560599000061 ], [ 81.08966091800005, 30.948579749000032 ], [ 81.847710053000071, 30.645360767000064 ], [ 84.222953997000047, 29.685150692000036 ], [ 85.941208085000085, 29.331399774000033 ], [ 88.114296034000063, 29.078708488000078 ], [ 90.59062203700006, 29.230319657000052 ], [ 93.673369936000086, 29.179780658000027 ], [ 94.431427018000079, 29.634620523000024 ], [ 94.531854342000031, 29.65940344500007 ], [ 94.761901855000076, 29.730617523000035 ], [ 95.154708862000064, 29.857192993000073 ], [ 95.408523560000049, 29.804471970000069 ], [ 96.169141570000079, 29.220650035000066 ], [ 96.698118620000059, 28.587758424000071 ], [ 96.895156860000043, 28.204593658000082 ], [ 96.884479599000088, 27.639307012000074 ], [ 97.021718514000042, 27.286190716000078 ], [ 96.8463, 27.4724 ], [ 96.7507, 27.5286 ], [ 96.509143245000075, 27.555962136000062 ], [ 96.387258156000101, 27.574462724000057 ], [ 96.188604923000071, 28.088392879000025 ] ] ] } },
{ "type": "Feature", "properties": { "ANCHOR": 0, "TIME": 600.0, "FILE1": "Global_EarthByte_GPlates_PresentDay_StaticPlatePolygons.gpmlz", "RECONFILE1": "Zahirovic_etal_2022_OptimisedMantleRef_and_NNRMantleRef.rot", "OBJECTID_1": "214", "PLATEID1": 305, "FROMAGE": 600.0, "TOAGE": -999.0, "NAME": "Moldanubia", "PLATEID2": 0, "GPGIM_TYPE": "gpml:ClosedContinentalBoundary", "L_PLATE": 0, "R_PLATE": 0, "SPREAD_ASY": 0.0, "IMPORT_AGE": 0.0, "Shape_Leng": 25.179315387900001, "Shape_Area": 14.662090275600001, "FEATURE_ID": "GPlates-86c407b1-848f-4216-8048-5b29c3f8364f" }, "geometry": { "type": "Polygon", "coordinates": [ [ [ 13.519096523000037, 48.590611899000066 ], [ 13.85877722200007, 48.477342816000032 ], [ 14.068476387000031, 48.428020406000023 ], [ 14.165524734000028, 48.40757332000004 ], [ 14.475093321000031, 48.369571556000047 ], [ 14.776121995000041, 48.265021486000073 ], [ 14.838876040000059, 48.250465886000036 ], [ 15.011088697000044, 48.226429576000051 ], [ 15.093790060000062, 48.221424962000079 ], [ 15.328960232000044, 48.244627383000072 ], [ 15.176393748000066, 48.111072962000037 ], [ 14.185512685000045, 48.067338003000032 ], [ 14.014054038000042, 47.99424583100005 ], [ 13.733380374000033, 47.976779968000081 ], [ 13.538786233000053, 47.986642111000037 ], [ 13.21717060000003, 47.99133958700002 ], [ 12.987357607000035, 48.003798367000051 ], [ 12.777780804000033, 47.889676714000075 ], [ 12.630141437000077, 47.854542222000084 ], [ 12.483554803000072, 47.808138266000071 ], [ 12.459492695000051, 47.830797147000062 ], [ 12.304704679000054, 47.829207574000058 ], [ 12.042645171000061, 47.844198078000026 ], [ 11.939969605000044, 47.840531810000066 ], [ 11.837312069000063, 47.836775417000069 ], [ 11.712876061000031, 47.837573808000052 ], [ 11.506427448000061, 47.83704005500006 ], [ 11.358521027000053, 47.841763186000037 ], [ 11.288152351000065, 47.815538965000023 ], [ 11.157437558000025, 47.79738428600006 ], [ 10.918885383000031, 47.830090243000029 ], [ 10.822362166000065, 47.783808324000063 ], [ 10.645032099000048, 47.768088085000045 ], [ 10.519358104000048, 47.751272090000043 ], [ 10.373297617000059, 47.734156751000057 ], [ 10.27065906100006, 47.750801498000037 ], [ 10.107251103000067, 47.666631776000024 ], [ 9.98908387000006, 47.637755988000023 ], [ 9.847478482000055, 47.516865720000055 ], [ 9.681464565000056, 47.485080272000069 ], [ 9.504872533000025, 47.453914932000032 ], [ 9.408634371000062, 47.429617546000031 ], [ 9.283138853000025, 47.390873818000038 ], [ 9.199643471000059, 47.355197730000043 ], [ 9.047777468000049, 47.286962450000033 ], [ 8.864244584000062, 47.24301705400007 ], [ 8.727964536000059, 47.182723648000035 ], [ 8.482227485000067, 47.154856352000081 ], [ 8.30981405200003, 47.043929192000057 ], [ 8.141830259000074, 47.038856439000014 ], [ 8.028102849000062, 46.979831255000079 ], [ 7.806280469000063, 46.852341898000077 ], [ 7.674570697000037, 46.846310019000043 ], [ 7.625258816000041, 46.794515425000029 ], [ 7.429014959000033, 46.837440371000071 ], [ 7.207921444000021, 46.751166314000059 ], [ 6.937805942000067, 46.677483060000043 ], [ 6.744286731000045, 46.609566267000041 ], [ 6.574427517000061, 46.511896150000027 ], [ 6.119946003000053, 46.736610413000072 ], [ 4.384243884000057, 48.069529057000068 ], [ 3.57645164500002, 48.689867167000045 ], [ 3.592455851000068, 48.687340261000038 ], [ 4.116811276000021, 48.604550362000047 ], [ 5.128323079000038, 48.48194217700005 ], [ 6.170484305000061, 48.573899269000037 ], [ 7.181996107000031, 48.788460732000033 ], [ 8.193506241000025, 48.849762917000078 ], [ 9.756750107000073, 49.156281472000053 ], [ 11.105431557000031, 49.462800026000089 ], [ 11.536861657000031, 49.629301751000064 ], [ 11.608037344000024, 49.656770537000064 ], [ 11.757902046000028, 49.47663639700005 ], [ 11.919973172000027, 49.313457814000067 ], [ 12.095645811000056, 49.165021216000071 ], [ 12.287238537000054, 49.030113684000057 ], [ 12.667370533000055, 48.93411382000005 ], [ 13.36219027100003, 48.646369083000074 ], [ 13.519096523000037, 48.590611899000066 ] ] ] } },
{ "type": "Feature", "properties": { "ANCHOR": 0, "TIME": 600.0, "FILE1": "Global_EarthByte_GPlates_PresentDay_StaticPlatePolygons.gpmlz", "RECONFILE1": "Zahirovic_etal_2022_OptimisedMantleRef_and_NNRMantleRef.rot", "OBJECTID_1": "215", "PLATEID1": 305, "FROMAGE": 600.0, "TOAGE": -999.0, "NAME": "Armorica", "PLATEID2": 0, "GPGIM_TYPE": "gpml:ClosedContinentalBoundary", "L_PLATE": 0, "R_PLATE": 0, "SPREAD_ASY": 0.0, "IMPORT_AGE": 0.0, "Shape_Leng": 50.107921110900001, "Shape_Area": 87.859333657999997, "FEATURE_ID": "GPlates-2a87c2f5-2ca6-410f-b624-829ee950ec34" }, "geometry": { "type": "Polygon", "coordinates": [ [ [ 2.653764220000029, 49.381242959000076 ], [ 3.57645164500002, 48.689867167000045 ], [ 4.384243884000057, 48.069529057000068 ], [ 6.119946003000053, 46.736610413000072 ], [ 6.574427517000061, 46.511896150000027 ], [ 6.40740870700006, 46.404982468000057 ], [ 6.286287065000066, 46.260349813000069 ], [ 6.298295652000034, 46.14567116000007 ], [ 6.33761363800005, 46.026367714000045 ], [ 6.241428102000043, 45.900786330000074 ], [ 6.093302658000034, 45.763453690000063 ], [ 5.983519853000075, 45.669178941000041 ], [ 5.576976833000065, 45.352083476000082 ], [ 5.57512969900006, 45.350524760000035 ], [ 5.415424383000072, 45.215756373000033 ], [ 5.237711302000038, 45.064435630000048 ], [ 5.152634453000074, 44.856370266000056 ], [ 5.182765919000076, 44.62408133800006 ], [ 5.223534340000072, 44.50402288600003 ], [ 5.237977046000025, 44.303112975000047 ], [ 5.22746348900006, 44.123266830000027 ], [ 5.249025543000073, 43.991309726000054 ], [ 5.329360505000068, 43.873702679000075 ], [ 5.654112724000074, 44.000157553000065 ], [ 6.315933595000047, 44.20614456800007 ], [ 6.406122594000077, 43.990219778000039 ], [ 6.327317853000066, 43.900145237000061 ], [ 6.08162396900002, 43.935070717000031 ], [ 5.899591853000061, 43.893649317000033 ], [ 5.964339163000034, 43.785520799000039 ], [ 6.250995197000066, 43.779402234000024 ], [ 6.311961291000046, 43.771113398000068 ], [ 6.536059649000038, 43.729057828000066 ], [ 6.771802364000056, 43.706046765000039 ], [ 6.944008646000042, 43.717090968000036 ], [ 7.147840808000069, 43.732112624000081 ], [ 7.187417, 43.687944 ], [ 7.283644418000052, 43.557057580000048 ], [ 7.309638192000023, 43.521701419000067 ], [ 7.214459752000039, 43.432471631000055 ], [ 6.078267122000057, 42.87924694700007 ], [ 5.452990093000039, 43.184956698000065 ], [ 4.94686735800002, 42.764059229000054 ], [ 4.946867358000022, 42.565496099000029 ], [ 4.961205565000059, 42.460349248000057 ], [ 5.014719288000039, 42.067915278000036 ], [ 5.002780646000076, 42.06315068400005 ], [ 4.527549977000035, 41.873489583000037 ], [ 3.004999905000035, 42.927101572000026 ], [ 2.980901004000033, 42.890399619000043 ], [ 2.847600020000074, 42.869399653000073 ], [ 2.804200985000023, 42.855701581000055 ], [ 2.763500031000035, 42.839908652000076 ], [ 2.706999790000054, 42.829399751000047 ], [ 2.609999905000052, 42.824298667000051 ], [ 2.565200884000034, 42.829799722000075 ], [ 2.517299750000062, 42.815010516000022 ], [ 2.45219987300004, 42.80659859200005 ], [ 2.372609929000018, 42.813301678000073 ], [ 2.3061, 42.832599694000081 ], [ 2.261300979000059, 42.854000690000078 ], [ 2.215100913000072, 42.86270168800008 ], [ 2.11659985700004, 42.864002784000036 ], [ 1.981899946000055, 42.84099960900005 ], [ 1.916709833000026, 42.835800696000035 ], [ 1.874801020000064, 42.839099704000041 ], [ 1.773600824000028, 42.862899819000063 ], [ 1.686900054000034, 42.903598654000064 ], [ 1.621899772000063, 42.918598529000072 ], [ 1.535099759000047, 42.941200850000037 ], [ 1.497489970000061, 42.940299547000052 ], [ 1.433900976000075, 42.952098596000042 ], [ 1.224299874000053, 43.010101774000077 ], [ 1.098599923000051, 43.049800594000033 ], [ 1.017599928000038, 43.068000764000033 ], [ 0.919200940000052, 43.08100166800007 ], [ 0.851300031000051, 43.09930072800006 ], [ 0.803599854000026, 43.107898775000088 ], [ 0.689301101000069, 43.124099622000074 ], [ 0.595200076000026, 43.124401586000033 ], [ 0.532999767000035, 43.118198596000063 ], [ 0.495299918000058, 43.11188859400005 ], [ 0.456199730000037, 43.111000712000077 ], [ 0.380800914000019, 43.088897603000071 ], [ 0.311400071000037, 43.093299577000032 ], [ 0.266500749000045, 43.091300783000079 ], [ 0.195500906000063, 43.084098484000037 ], [ 0.008789962000037, 43.086799743000029 ], [ -0.090998945999957, 43.097598777000037 ], [ -0.209600077999937, 43.118099530000052 ], [ -0.290599189999967, 43.135299686000053 ], [ -0.367200036999975, 43.145088816000055 ], [ -0.403399067999942, 43.147300751000046 ], [ -0.50169916699997, 43.168800637000061 ], [ -0.58279999399997, 43.177398684000025 ], [ -0.654900153999961, 43.220001485000068 ], [ -0.810700155999939, 43.317798840000073 ], [ -0.859800142999973, 43.339000645000056 ], [ -1.027400076999925, 43.40390062500007 ], [ -1.11559919299998, 43.426300754000067 ], [ -1.213899114999947, 43.445598593000049 ], [ -1.293500006999977, 43.45629856100004 ], [ -1.396200137999926, 43.458698739000063 ], [ -1.452698965999957, 43.462001632000067 ], [ -1.533799968999973, 43.445400638000088 ], [ -1.581920071999946, 43.439159682000032 ], [ -1.927992257999961, 43.644119710000034 ], [ -3.632629151999935, 44.095619774000063 ], [ -5.105307875999927, 44.712087947000043 ], [ -5.369760093999957, 44.822788518000038 ], [ -5.805238371999963, 44.880134613000052 ], [ -6.076936221999973, 44.725598579000064 ], [ -6.269511323999949, 44.723472891000029 ], [ -5.920620756999939, 44.952845010000033 ], [ -5.853913054999961, 45.161631710000051 ], [ -5.856005885999934, 45.173234810000061 ], [ -5.85872491899994, 45.188309713000073 ], [ -5.863764831999959, 45.216252065000035 ], [ -5.893189121999967, 45.379386597000064 ], [ -5.931881872999953, 45.45283822500005 ], [ -6.011865189999981, 45.604672992000062 ], [ -6.013781606999941, 45.608310984000077 ], [ -6.018081874999951, 45.611317142000075 ], [ -6.317329975999939, 45.820510397000071 ], [ -6.779195300999955, 45.980989202000032 ], [ -7.524605275999932, 46.228761315000042 ], [ -7.890983825999967, 46.350544482000032 ], [ -8.144711572999938, 46.385120874000037 ], [ -8.202705461999928, 46.393023910000061 ], [ -8.346682289999935, 46.412644150000055 ], [ -8.754711420999969, 46.455413249000067 ], [ -8.757086233999923, 46.455662174000061 ], [ -8.818969898999969, 46.486982376000071 ], [ -9.433822134999964, 46.798167826000054 ], [ -9.871504779999952, 46.907724560000077 ], [ -10.262773658999949, 47.005663422000055 ], [ -11.150576950999946, 47.114211902000072 ], [ -11.161951753999974, 47.120912053000033 ], [ -11.516817255999971, 47.329940052000033 ], [ -11.983969956999941, 47.580151553000064 ], [ -11.442340965999959, 48.182674530000028 ], [ -11.014948359999945, 48.467882382000028 ], [ -10.6784, 48.6326 ], [ -9.969782821999958, 48.848292343000026 ], [ -9.374155726999957, 49.12556702500008 ], [ -8.645026006999956, 49.289877948000026 ], [ -7.977512882999974, 49.392572274000024 ], [ -7.412694084999941, 49.526074899000029 ], [ -6.447367413999928, 49.690385822000046 ], [ -5.595004500999949, 49.80334958200006 ], [ -5.009646838999978, 49.84442731200005 ], [ -4.516714069999979, 49.916313341000034 ], [ -3.838931512999978, 50.080624264000051 ], [ -3.500040234999972, 50.121701995000087 ], [ -3.253573850999941, 50.121701995000087 ], [ -2.647677322999926, 50.203857456000037 ], [ -2.072589092999977, 50.275743485000085 ], [ -1.86720043899993, 50.306551783000032 ], [ -1.610464621999938, 50.316821215000061 ], [ -0.932682065999927, 50.316821215000061 ], [ -0.439749296999935, 50.337360081000043 ], [ -0.244630075999965, 50.337360081000043 ], [ 0.012105741000028, 50.296282350000062 ], [ 0.10453063500006, 50.162779725000064 ], [ 0.26884155800002, 50.03954653300007 ], [ 0.402344183000025, 49.95739107200005 ], [ 0.649752, 49.85683 ], [ 0.908023, 49.74088 ], [ 2.653764220000029, 49.381242959000076 ] ] ] } },
{ "type": "Feature", "properties": { "ANCHOR": 0, "TIME": 600.0, "FILE1": "Global_EarthByte_GPlates_PresentDay_StaticPlatePolygons.gpmlz", "RECONFILE1": "Zahirovic_etal_2022_OptimisedMantleRef_and_NNRMantleRef.rot", "OBJECTID_1": "216", "PLATEID1": 374, "FROMAGE": 600.0, "TOAGE": -999.0, "NAME": "Perunica", "PLATEID2": 0, "GPGIM_TYPE": "gpml:ClosedContinentalBoundary", "L_PLATE": 0, "R_PLATE": 0, "SPREAD_ASY": 0.0, "IMPORT_AGE": 0.0, "Shape_Leng": 12.1438716076, "Shape_Area": 8.4756233058399992, "FEATURE_ID": "GPlates-6c4103c5-5d34-46fe-87d4-5a91bdbfc3da" }, "geometry": { "type": "Polygon", "coordinates": [ [ [ 16.788602862000062, 49.509298542000067 ], [ 16.123043775000042, 48.942128153000048 ], [ 16.127757339000027, 48.932989610000035 ], [ 15.459442037000032, 48.362071002000043 ], [ 15.328960232000044, 48.244627383000072 ], [ 15.093790060000062, 48.221424962000079 ], [ 15.011088697000044, 48.226429576000051 ], [ 14.838876040000059, 48.250465886000036 ], [ 14.776121995000041, 48.265021486000073 ], [ 14.475093321000031, 48.369571556000047 ], [ 14.165524734000028, 48.40757332000004 ], [ 14.068476387000031, 48.428020406000023 ], [ 13.85877722200007, 48.477342816000032 ], [ 13.519096523000037, 48.590611899000066 ], [ 13.36219027100003, 48.646369083000074 ], [ 12.667370533000055, 48.93411382000005 ], [ 12.287238537000054, 49.030113684000057 ], [ 12.095645811000056, 49.165021216000071 ], [ 11.919973172000027, 49.313457814000067 ], [ 11.757902046000028, 49.47663639700005 ], [ 11.608037344000024, 49.656770537000064 ], [ 11.637495427000037, 49.665292193000013 ], [ 12.051286221000055, 49.784993172000043 ], [ 12.41374349600005, 49.958764077000069 ], [ 13.101159573000075, 50.232285500000032 ], [ 14.719715596000073, 50.934914589000073 ], [ 15.397656698000045, 50.862939428000075 ], [ 15.471272322000061, 50.819688861000031 ], [ 15.601326683000027, 50.66661966000003 ], [ 15.75708913800004, 50.552063942000082 ], [ 15.825830937000042, 50.520184517000075 ], [ 16.14454364800002, 50.432400704000031 ], [ 16.313272476000066, 50.35245609300005 ], [ 16.494500161000079, 50.16405201000002 ], [ 16.600736618000042, 49.978932381000043 ], [ 16.713224411000056, 49.756646157000013 ], [ 16.783871117000047, 49.524825093000061 ], [ 16.788602862000062, 49.509298542000067 ] ] ] } },
{ "type": "Feature", "properties": { "ANCHOR": 0, "TIME": 600.0, "FILE1": "Global_EarthByte_GPlates_PresentDay_StaticPlatePolygons.gpmlz", "RECONFILE1": "Zahirovic_etal_2022_OptimisedMantleRef_and_NNRMantleRef.rot", "OBJECTID_1": "217", "PLATEID1": 202, "FROMAGE": 600.0, "TOAGE": -999.0, "NAME": "Parana Basin", "PLATEID2": 0, "GPGIM_TYPE": "gpml:ClosedContinentalBoundary", "L_PLATE": 0, "R_PLATE": 0, "SPREAD_ASY": 0.0, "IMPORT_AGE": 0.0, "Shape_Leng": 54.900071363400002, "Shape_Area": 149.06950931599999, "FEATURE_ID": "GPlates-80575378-6158-45fd-a482-1e7f8ecd9e6a" }, "geometry": { "type": "Polygon", "coordinates": [ [ [ -47.263527515999961, -29.350542142999984 ], [ -47.2789, -29.36 ], [ -47.3471, -29.5305 ], [ -47.437032513999945, -29.96978912599997 ], [ -47.439536260999951, -29.982019058999981 ], [ -47.4494, -30.0302 ], [ -47.569086805999973, -30.194725484999946 ], [ -47.5858, -30.2177 ], [ -47.7223, -30.3882 ], [ -47.865344225999912, -30.499539507999945 ], [ -47.8757, -30.5076 ], [ -48.1076, -30.5872 ], [ -48.4968, -30.6056 ], [ -48.7023, -30.7932 ], [ -48.8586, -30.9314 ], [ -48.9931, -31.041 ], [ -49.1391, -31.1578 ], [ -49.4978, -31.3925 ], [ -49.7186, -31.7098 ], [ -49.8165, -32.0411 ], [ -50.0594, -32.4865 ], [ -50.2416, -32.7498 ], [ -50.2821, -32.9927 ], [ -50.5251, -33.3976 ], [ -50.6111, -33.8023 ], [ -50.7817, -33.9908 ], [ -50.8597, -34.1225 ], [ -50.9856, -34.3884 ], [ -51.3036, -34.4523 ], [ -51.4712, -34.6764 ], [ -51.5957, -34.9609 ], [ -51.7771, -35.6412 ], [ -52.0054, -35.8398 ], [ -52.2587, -36.2206 ], [ -52.7322, -36.3864 ], [ -52.8422, -36.7554 ], [ -52.5481, -36.9765 ], [ -52.5887, -37.367 ], [ -52.7881, -37.5555 ], [ -52.7714, -37.7541 ], [ -52.8913, -38.0526 ], [ -53.0998, -38.2543 ], [ -53.197816082999964, -38.406203243999983 ], [ -53.218265017999961, -38.371649898999976 ], [ -53.614827661999975, -37.931024738999952 ], [ -56.400546048999956, -36.672958369999947 ], [ -60.489261744999972, -35.10037540999997 ], [ -64.080410221999955, -34.708065071999954 ], [ -64.080400349999934, -34.96003240899995 ], [ -64.114883735999967, -35.37621993199997 ], [ -65.540202758999953, -34.901113590999948 ], [ -65.439594818999979, -34.383108184999969 ], [ -65.388942528999962, -32.926013275999935 ], [ -65.28763794799994, -31.808346602999968 ], [ -65.28763794799994, -30.194056818999968 ], [ -65.236985656999948, -28.659869571999931 ], [ -64.983724205999977, -26.174073979999946 ], [ -64.946356525999988, -24.308393849999959 ], [ -64.942936, -24.306223595999938 ], [ -60.617314938999968, -25.685803495999949 ], [ -57.867864709999928, -26.468959375999933 ], [ -55.072590310999949, -27.124231581999936 ], [ -52.414788421999951, -27.653747931999931 ], [ -49.665338192999968, -28.261460648999957 ], [ -48.868987789999956, -28.410886504999951 ], [ -47.263527515999961, -29.350542142999984 ] ] ] } },
{ "type": "Feature", "properties": { "ANCHOR": 0, "TIME": 600.0, "FILE1": "Global_EarthByte_GPlates_PresentDay_StaticPlatePolygons.gpmlz", "RECONFILE1": "Zahirovic_etal_2022_OptimisedMantleRef_and_NNRMantleRef.rot", "OBJECTID_1": "219", "PLATEID1": 718, "FROMAGE": 600.0, "TOAGE": -999.0, "NAME": "Atlas", "PLATEID2": 0, "GPGIM_TYPE": "gpml:ClosedContinentalBoundary", "L_PLATE": 0, "R_PLATE": 0, "SPREAD_ASY": 0.0, "IMPORT_AGE": 0.0, "Shape_Leng": 17.97124737, "Shape_Area": 5.3923302366200003, "FEATURE_ID": "GPlates-1821c208-a655-4108-96f8-2aa8969b3393" }, "geometry": { "type": "Polygon", "coordinates": [ [ [ 2.272340518000021, 36.401374725000039 ], [ 2.443661710000072, 36.215776767000087 ], [ 2.600706137000032, 36.272883831000058 ], [ 2.843411159000027, 36.287160597000025 ], [ 3.143410709000023, 36.332812702000062 ], [ 3.500142397000047, 36.387097959000073 ], [ 3.686699883000073, 36.364347046000034 ], [ 4.085489804000078, 36.315714129000071 ], [ 4.392750639000042, 36.358094934000071 ], [ 4.499516019000059, 36.37282119300005 ], [ 5.505073243000028, 36.297208169000044 ], [ 6.489610388000075, 35.829204222000044 ], [ 6.41689089700003, 35.798900693000078 ], [ 6.266059891000055, 35.666641752000025 ], [ 6.132314966000023, 35.622116794000085 ], [ 6.045671763000032, 35.629569671000077 ], [ 6.045735213000061, 35.627613144000073 ], [ 6.015711016000068, 35.635266371000057 ], [ 5.550591837000071, 35.781925571000038 ], [ 5.540227752000023, 35.785193526000064 ], [ 5.317478836000021, 35.883717085000058 ], [ 5.11614808400003, 35.909418883000058 ], [ 4.91053370000003, 36.003658810000054 ], [ 4.19088335500004, 35.973673379000054 ], [ 3.441247579000053, 35.656684536000057 ], [ 3.222782295000059, 35.639550004000057 ], [ 2.978615214000058, 35.699520866000057 ], [ 2.485997418000067, 35.59243004100005 ], [ 2.233263071000067, 35.648117270000064 ], [ 1.106667590000029, 35.365397492000049 ], [ 0.883918674000029, 35.455353785000057 ], [ 0.220491012000025, 35.369279534000043 ], [ -0.295151311999973, 35.311450488000048 ], [ -0.46622890499998, 35.159649244000036 ], [ -0.67585919499993, 35.104229742000037 ], [ -0.928861268999924, 35.118687003000048 ], [ -1.338483675999953, 35.154830157000049 ], [ -1.639676621999968, 35.183744679000029 ], [ -1.789068322999981, 35.130734721000067 ], [ -1.872512423999978, 35.106893549000063 ], [ -1.893624432999957, 35.341471461000026 ], [ -1.659336222999968, 35.372848658000073 ], [ -1.505520181999941, 35.565929643000054 ], [ -1.292090131999941, 35.685981618000035 ], [ -0.641160054999943, 35.826209602000056 ], [ -0.485040075999962, 35.893386678000077 ], [ 0.956810313000062, 36.514835373000039 ], [ 1.031969915000048, 36.547229744000049 ], [ 1.717169371000068, 36.611555262000024 ], [ 1.779035726000075, 36.619163749000059 ], [ 2.051864755000055, 36.652716980000029 ], [ 2.219156953000037, 36.46200396200004 ], [ 2.272340518000021, 36.401374725000039 ] ] ] } },
{ "type": "Feature", "properties": { "ANCHOR": 0, "TIME": 600.0, "FILE1": "Global_EarthByte_GPlates_PresentDay_StaticPlatePolygons.gpmlz", "RECONFILE1": "Zahirovic_etal_2022_OptimisedMantleRef_and_NNRMantleRef.rot", "OBJECTID_1": "220", "PLATEID1": 721, "FROMAGE": 600.0, "TOAGE": -999.0, "NAME": "Rif", "PLATEID2": 0, "GPGIM_TYPE": "gpml:ClosedContinentalBoundary", "L_PLATE": 0, "R_PLATE": 0, "SPREAD_ASY": 0.0, "IMPORT_AGE": 0.0, "Shape_Leng": 20.4309460638, "Shape_Area": 6.5967390078400001, "FEATURE_ID": "GPlates-7f067c38-df8e-4645-b480-54ca411570da" }, "geometry": { "type": "Polygon", "coordinates": [ [ [ -6.288799138999934, 36.265300860000025 ], [ -6.235799039999961, 36.213500673000063 ], [ -6.18359905799997, 36.176399632000027 ], [ -6.109698941999966, 36.117889649000062 ], [ -6.062300198999935, 36.084400883000058 ], [ -5.967900034999959, 36.028301672000062 ], [ -5.911499036999942, 35.998699774000038 ], [ -5.823549085999956, 35.947250643000075 ], [ -5.724319076999961, 35.833679784000026 ], [ -5.721519020999949, 35.833679784000026 ], [ -5.571516267999925, 35.601711246000036 ], [ -5.411593968999966, 35.247597584000061 ], [ -5.126018434999933, 35.019137157000046 ], [ -4.954673114999931, 35.104809817000046 ], [ -4.686232112999962, 35.024848668000061 ], [ -4.400656578999928, 35.059117732000054 ], [ -4.389233557999944, 34.96202205000003 ], [ -4.063677448999954, 35.007714136000075 ], [ -3.828702329999949, 35.196695976000058 ], [ -3.726559188999942, 35.336777998000059 ], [ -3.005317126999956, 35.521491744000066 ], [ -2.855710225999928, 35.516811644000029 ], [ -2.775998966999965, 35.441959544000042 ], [ -2.712130257999945, 35.279170561000051 ], [ -2.512299920999965, 35.274150707000047 ], [ -2.31516007099998, 35.28012854800005 ], [ -1.893624432999957, 35.341471461000026 ], [ -1.872512423999978, 35.106893549000063 ], [ -1.872300475999964, 35.104538569000056 ], [ -1.945063957999934, 35.077858626000079 ], [ -2.214932836999935, 35.082142259000079 ], [ -2.334874561999925, 35.129262222000079 ], [ -2.741819696999926, 34.936498737000072 ], [ -3.007404943999973, 34.919364205000079 ], [ -3.213019327999973, 34.833691545000079 ], [ -3.367230115999974, 34.670913490000046 ], [ -3.577128133999963, 34.538120867000032 ], [ -3.727055288999963, 34.388193712000032 ], [ -4.048327763999963, 34.238266557000031 ], [ -4.395302037999954, 34.144026631000031 ], [ -4.789396273999954, 34.131175732000031 ], [ -5.136370547999945, 34.148310264000031 ], [ -5.453359390999935, 34.062637603000042 ], [ -5.611853811999936, 34.041219438000034 ], [ -6.138740671999925, 34.186862961000031 ], [ -6.592805769999925, 34.281102887000031 ], [ -6.622745869999958, 34.295192345000032 ], [ -6.630204620999959, 34.284637438000054 ], [ -8.289170320999975, 34.404852344000062 ], [ -9.528531343999932, 34.424409056000052 ], [ -9.530348950999951, 34.424437737000062 ], [ -9.52673638899995, 34.430197864000036 ], [ -9.526400716999945, 34.431280420000064 ], [ -9.492720989999951, 34.486323069000029 ], [ -9.481863636999947, 34.501746185000059 ], [ -9.428105151999944, 34.587462551000044 ], [ -9.149288629999944, 34.832579824000042 ], [ -9.139373562999936, 34.860574851000024 ], [ -9.124418705999972, 34.867664164000075 ], [ -8.896126778999927, 34.975885384000037 ], [ -8.753943207999953, 34.984730747000071 ], [ -8.211995827999939, 35.018445764000028 ], [ -7.649894908999952, 35.048949206000017 ], [ -7.531512269999951, 35.040291639000024 ], [ -6.929107699999974, 34.996236551000038 ], [ -6.690076160999986, 34.978755682000042 ], [ -6.586156087999945, 35.213278960000025 ], [ -6.53879318299994, 35.53004751900005 ], [ -6.569737471999928, 35.711101795000047 ], [ -6.610995861999926, 35.71528341100003 ], [ -6.913750945999936, 35.745968211000047 ], [ -6.914164342999934, 35.867606438000053 ], [ -7.085384438999938, 35.882959961000033 ], [ -7.637457445999928, 35.932465049000022 ], [ -7.703412937999929, 35.938486098000055 ], [ -7.800951215999931, 36.056574628000085 ], [ -7.800898110999981, 36.05658212600008 ], [ -6.29317739399994, 36.269453240000075 ], [ -6.288799138999934, 36.265300860000025 ] ] ] } },
{ "type": "Feature", "properties": { "ANCHOR": 0, "TIME": 600.0, "FILE1": "Global_EarthByte_GPlates_PresentDay_StaticPlatePolygons.gpmlz", "RECONFILE1": "Zahirovic_etal_2022_OptimisedMantleRef_and_NNRMantleRef.rot", "OBJECTID_1": "228", "PLATEID1": 375, "FROMAGE": 600.0, "TOAGE": -999.0, "NAME": "Saxothuringia", "PLATEID2": 0, "GPGIM_TYPE": "gpml:ClosedContinentalBoundary", "L_PLATE": 0, "R_PLATE": 0, "SPREAD_ASY": 0.0, "IMPORT_AGE": 0.0, "Shape_Leng": 33.091930655799999, "Shape_Area": 17.2415362781, "FEATURE_ID": "GPlates-7e63f012-6a0e-45fe-877e-f58166d114e3" }, "geometry": { "type": "Polygon", "coordinates": [ [ [ 17.313776016000077, 51.589109421000039 ], [ 17.321256638000023, 51.530973434000032 ], [ 17.361707687000035, 50.974130630000047 ], [ 17.358598709000034, 51.08168220500005 ], [ 17.363504410000079, 51.00273704500006 ], [ 17.365259171000048, 50.925230026000065 ], [ 17.365552902000051, 50.757257462000027 ], [ 17.343538284000033, 50.531278610000065 ], [ 17.26775550800005, 50.265661240000043 ], [ 17.14834404000004, 49.964036942000064 ], [ 17.006235123000067, 49.705198288000076 ], [ 16.788602862000062, 49.509298542000067 ], [ 16.783871117000047, 49.524825093000061 ], [ 16.713224411000056, 49.756646157000013 ], [ 16.600736618000042, 49.978932381000043 ], [ 16.494500161000079, 50.16405201000002 ], [ 16.313272476000066, 50.35245609300005 ], [ 16.14454364800002, 50.432400704000031 ], [ 15.825830937000042, 50.520184517000075 ], [ 15.75708913800004, 50.552063942000082 ], [ 15.601326683000027, 50.66661966000003 ], [ 15.471272322000061, 50.819688861000031 ], [ 15.397656698000045, 50.862939428000075 ], [ 14.719715596000073, 50.934914589000073 ], [ 13.101159573000075, 50.232285500000032 ], [ 12.41374349600005, 49.958764077000069 ], [ 12.051286221000055, 49.784993172000043 ], [ 11.637495427000037, 49.665292193000013 ], [ 11.608037344000024, 49.656770537000064 ], [ 11.536861657000031, 49.629301751000064 ], [ 11.105431557000031, 49.462800026000089 ], [ 9.756750107000073, 49.156281472000053 ], [ 8.193506241000025, 48.849762917000078 ], [ 7.181996107000031, 48.788460732000033 ], [ 6.170484305000061, 48.573899269000037 ], [ 5.128323079000038, 48.48194217700005 ], [ 4.116811276000021, 48.604550362000047 ], [ 3.592455851000068, 48.687340261000038 ], [ 3.57645164500002, 48.689867167000045 ], [ 2.653764220000029, 49.381242959000076 ], [ 2.734471039000031, 49.37390577900004 ], [ 3.442471266000038, 49.309540749000078 ], [ 4.423329830000058, 49.278889656000054 ], [ 5.588098765000038, 49.278889656000054 ], [ 6.599610567000071, 49.370846749000066 ], [ 7.856336117000076, 49.677365303000045 ], [ 9.379396439000061, 50.581746102000068 ], [ 10.347046852000064, 50.963711739000075 ], [ 12.384202480000056, 51.625786782000034 ], [ 13.173600674000056, 51.829503060000043 ], [ 14.166714669000044, 51.931363106000049 ], [ 14.879719735000039, 51.98228931500006 ], [ 17.313776016000077, 51.589109421000039 ] ] ] } },
{ "type": "Feature", "properties": { "ANCHOR": 0, "TIME": 600.0, "FILE1": "Global_EarthByte_GPlates_PresentDay_StaticPlatePolygons.gpmlz", "RECONFILE1": "Zahirovic_etal_2022_OptimisedMantleRef_and_NNRMantleRef.rot", "OBJECTID_1": "347", "PLATEID1": 103, "FROMAGE": 600.0, "TOAGE": -999.0, "NAME": "North Slope Alaska", "PLATEID2": 0, "GPGIM_TYPE": "gpml:ClosedContinentalBoundary", "L_PLATE": 0, "R_PLATE": 0, "SPREAD_ASY": 0.0, "IMPORT_AGE": 0.0, "Shape_Leng": 69.846254415100006, "Shape_Area": 71.331215709600002, "FEATURE_ID": "GPlates-da562bb5-3f52-4cae-9c8f-6de364a546d9" }, "geometry": { "type": "Polygon", "coordinates": [ [ [ -160.624803162999967, 73.07608084500005 ], [ -160.474374034999983, 72.997958067000056 ], [ -159.522634868999972, 72.834437008000052 ], [ -158.457760820999965, 72.655073679000068 ], [ -157.912818154999968, 72.563285612000087 ], [ -156.129964997999963, 72.26298861700009 ], [ -153.663209464999966, 71.971725806000066 ], [ -152.23701163299998, 71.451051400000054 ], [ -150.777244902999968, 71.164082295000071 ], [ -149.442213571999957, 71.04849332200007 ], [ -146.216709665999957, 71.036295651000046 ], [ -145.589819714999976, 71.061644449000084 ], [ -145.333698016999961, 71.10614797500007 ], [ -145.228618975999979, 71.099963063000075 ], [ -142.424115033999954, 70.934891039000036 ], [ -139.054893207999953, 70.849559506000048 ], [ -138.752927808999971, 70.811823762000088 ], [ -138.341993927999965, 70.758513754000035 ], [ -138.047805214, 70.743572100000051 ], [ -137.166283008, 70.698800158000054 ], [ -136.954226343999977, 70.688029938000057 ], [ -136.668992189999983, 70.727174667000043 ], [ -136.625978165999982, 70.733077790000038 ], [ -136.677984414999969, 70.552545181000028 ], [ -136.684639874999959, 70.537146598000049 ], [ -136.684665049999978, 70.537149748000047 ], [ -136.685199428999965, 70.535851971000056 ], [ -137.314843555999971, 69.006716233000077 ], [ -140.703300475999981, 69.466901779000068 ], [ -146.146099091, 69.695802689000075 ], [ -147.932800292999957, 69.34230232200008 ], [ -150.270599364999981, 68.993200302000076 ], [ -153.65309905999996, 69.124399185000087 ], [ -159.13339996299996, 69.441701889000058 ], [ -163.066398620999962, 69.158700943000042 ], [ -165.712099074999969, 68.745302200000083 ], [ -165.889021171999985, 68.687447691000045 ], [ -166.01266358899997, 68.788370575000044 ], [ -166.921415734999982, 69.140040069000051 ], [ -167.495744984999959, 69.35343105000004 ], [ -168.132246307999964, 69.71571180400008 ], [ -168.700354905999973, 69.989012167000055 ], [ -169.257444299999975, 70.162003452000093 ], [ -168.026266368999984, 70.145788615000072 ], [ -165.923266512999959, 70.033995402000073 ], [ -165.116197246999974, 70.498478090000091 ], [ -164.977794124999974, 71.096037926000051 ], [ -165.103119626999984, 71.565362383000036 ], [ -165.520039794999974, 72.142446258000064 ], [ -165.526223191999975, 72.15100506400006 ], [ -165.540545442999985, 72.15521241600004 ], [ -165.148243508999968, 72.238674237000055 ], [ -164.93353846399998, 72.349669034000044 ], [ -164.428937184999967, 72.504416235000065 ], [ -161.350031313999978, 73.442868227000062 ], [ -161.345935353999977, 73.444116678000057 ], [ -160.661749584999967, 73.068508684000051 ], [ -160.624803162999967, 73.07608084500005 ] ] ] } },
{ "type": "Feature", "properties": { "ANCHOR": 0, "TIME": 600.0, "FILE1": "Global_EarthByte_GPlates_PresentDay_StaticPlatePolygons.gpmlz", "RECONFILE1": "Zahirovic_etal_2022_OptimisedMantleRef_and_NNRMantleRef.rot", "OBJECTID_1": "392", "PLATEID1": 154, "FROMAGE": 600.0, "TOAGE": -999.0, "NAME": "Laurentia Parautochthon", "PLATEID2": 0, "GPGIM_TYPE": "gpml:ClosedContinentalBoundary", "L_PLATE": 0, "R_PLATE": 0, "SPREAD_ASY": 0.0, "IMPORT_AGE": 0.0, "Shape_Leng": 41.322835023700001, "Shape_Area": 32.077112599199999, "FEATURE_ID": "GPlates-8562fb98-abcf-4af4-8ea9-8d2d1d542a4b" }, "geometry": { "type": "Polygon", "coordinates": [ [ [ -132.60890571799996, 64.852510694000046 ], [ -132.936199187999989, 64.796201706000019 ], [ -133.445999145999963, 64.867601395000065 ], [ -133.812999724999941, 64.928800583000083 ], [ -134.312700271999972, 64.979700089000062 ], [ -134.68989944499998, 65.051099777000061 ], [ -135.148799895999957, 65.040899277000051 ], [ -135.587200164999956, 64.989900589000072 ], [ -136.066398620999962, 64.969499588000076 ], [ -136.535499572999981, 64.928800583000083 ], [ -137.096300124999971, 64.908399582000072 ], [ -137.565299988, 64.89819908100003 ], [ -138.115900039999985, 64.877801895000061 ], [ -138.727699279999968, 64.89819908100003 ], [ -140.298000335999973, 64.765600204000066 ], [ -140.883098601999961, 64.731599808000055 ], [ -141.108270455999985, 64.807005939000078 ], [ -142.484298705999947, 65.24910163900006 ], [ -143.190850736999948, 65.404100141000072 ], [ -143.275541842, 65.426104476000035 ], [ -143.8204, 65.3556 ], [ -145.968674633999967, 65.691250105000051 ], [ -146.900602712999984, 65.815094191000071 ], [ -147.293413167999972, 65.782911013000046 ], [ -147.77500338599998, 65.916912444000047 ], [ -149.687870775999983, 65.998567011000034 ], [ -150.237565674999956, 65.927170475000082 ], [ -149.34650120699996, 66.079713346000062 ], [ -149.128927774999966, 66.205892635000055 ], [ -149.173083258999981, 66.204530684000076 ], [ -149.080225866999967, 66.270718417000069 ], [ -148.551246769999977, 66.41350622300007 ], [ -148.320750781999976, 66.317629318000058 ], [ -147.68751809, 66.288550283000063 ], [ -147.106730131999967, 66.513868955000078 ], [ -147.221582977999958, 66.751165836000041 ], [ -147.510781366999964, 66.840854943000068 ], [ -147.382409743999972, 66.955057956000076 ], [ -147.259954378999964, 66.957165302000092 ], [ -147.087117111999959, 67.042417245000081 ], [ -147.78786432299998, 67.150131477000087 ], [ -147.95279911999998, 67.19026720200003 ], [ -147.734597806999972, 67.17378578000006 ], [ -147.243385775999968, 67.230560629000081 ], [ -147.175922957999973, 67.229429182000047 ], [ -146.986467979999958, 67.226072789000057 ], [ -146.58225072999997, 67.240604965000045 ], [ -146.57321578899996, 67.24482994400006 ], [ -145.088519991999959, 67.290209688000061 ], [ -144.264235577999983, 67.308388042000047 ], [ -142.086230232, 67.29086148100005 ], [ -140.091141415999971, 67.507591452000042 ], [ -139.536100387999966, 67.663999557000082 ], [ -138.777299880999976, 67.685102463000078 ], [ -137.681400298999989, 67.980100632000088 ], [ -137.148899077999943, 68.358102798000061 ], [ -137.079500197999948, 68.596601486000054 ], [ -137.079500197999948, 68.815999985000076 ], [ -136.906099318999964, 68.708101273000054 ], [ -136.685899733999975, 68.637102127000034 ], [ -135.723199843999964, 68.353002548000063 ], [ -135.590599059999988, 68.248800278000033 ], [ -135.467498778999982, 68.050001144000078 ], [ -135.505399703999956, 67.870000839000056 ], [ -135.742099761999953, 67.652200699000076 ], [ -135.760999679999941, 67.415502548000063 ], [ -135.704198836999979, 67.22610282900007 ], [ -135.4958992, 67.074602127000034 ], [ -135.325399399, 66.932500839000042 ], [ -135.1833992, 66.714700699000048 ], [ -134.975099563999947, 66.534799576000069 ], [ -134.700399399, 66.354902267000057 ], [ -134.331100463999974, 66.080301285000075 ], [ -134.151199341, 65.909799576000069 ], [ -133.630399703999956, 65.426900864000075 ], [ -133.231970368999953, 65.149504179000076 ], [ -132.775113855999962, 64.935352689000069 ], [ -132.60890571799996, 64.852510694000046 ] ] ] } },
{ "type": "Feature", "properties": { "ANCHOR": 0, "TIME": 600.0, "FILE1": "Global_EarthByte_GPlates_PresentDay_StaticPlatePolygons.gpmlz", "RECONFILE1": "Zahirovic_etal_2022_OptimisedMantleRef_and_NNRMantleRef.rot", "OBJECTID_1": "393", "PLATEID1": 178, "FROMAGE": 600.0, "TOAGE": -999.0, "NAME": "Roberts Mountain and Golkonda", "PLATEID2": 0, "GPGIM_TYPE": "gpml:ClosedContinentalBoundary", "L_PLATE": 0, "R_PLATE": 0, "SPREAD_ASY": 0.0, "IMPORT_AGE": 0.0, "Shape_Leng": 39.586794185700001, "Shape_Area": 62.339446535100002, "FEATURE_ID": "GPlates-85908b02-0408-4613-a9a8-a68b4ad78418" }, "geometry": { "type": "Polygon", "coordinates": [ [ [ -110.438299178999955, 41.991300583000054 ], [ -110.736598968999942, 41.344999313000073 ], [ -111.056200027, 40.79810142500002 ], [ -111.212499618999971, 40.343599319000084 ], [ -111.217199325999957, 40.223402023000062 ], [ -111.348098754999981, 40.172399521000045 ], [ -111.409198760999971, 39.939302444000077 ], [ -111.448799132999966, 39.662302017000059 ], [ -111.527599335, 39.391801834000042 ], [ -111.656999587999962, 39.149702072000032 ], [ -111.844598769999948, 38.910299301000066 ], [ -112.187599182, 38.738801956000039 ], [ -112.359100341999977, 38.646402359000035 ], [ -112.596599578999985, 38.474901199000044 ], [ -112.847200393999984, 38.131902695000065 ], [ -113.07149887099996, 37.736101151000071 ], [ -113.111099242999956, 37.524999619000027 ], [ -113.163900374999983, 37.274400711000048 ], [ -113.203399657999967, 37.063299179000069 ], [ -113.216600417999985, 36.82579994200006 ], [ -113.203399657999967, 36.535600662000036 ], [ -113.203399657999967, 36.377302170000064 ], [ -113.190198897999949, 36.166200638000078 ], [ -113.229799271, 35.65170097400005 ], [ -113.269399642999986, 35.308599472000026 ], [ -113.269399642999986, 35.018400192000065 ], [ -113.177099227999975, 34.662202835000087 ], [ -113.058300017999954, 34.371999741000025 ], [ -112.926399230999948, 34.200399399000048 ], [ -112.736900329999969, 34.054002762000046 ], [ -112.979200362999961, 34.081701279000072 ], [ -113.374898910999946, 34.226800919000027 ], [ -113.691598891999945, 34.306001663000075 ], [ -114.166500091999978, 34.74139976500004 ], [ -114.443599701, 34.899702072000018 ], [ -114.575498581, 35.058000565000043 ], [ -114.707399367999983, 35.189901352000049 ], [ -114.944898605, 35.414201736000052 ], [ -115.169198989999984, 35.506502151000063 ], [ -115.380298614999973, 35.598901749000049 ], [ -115.881599426, 35.65170097400005 ], [ -116.092699050999954, 35.65170097400005 ], [ -116.527999877999932, 35.677999496000041 ], [ -117.266799926999965, 35.625299454000071 ], [ -117.649398804, 35.546102524000048 ], [ -117.913299560999988, 35.414201736000052 ], [ -118.243099213, 35.176702499000044 ], [ -118.357198715, 35.078901291000079 ], [ -118.364898682, 35.319200516000031 ], [ -118.32439994799995, 35.738000870000057 ], [ -118.378499984999962, 36.156900406000041 ], [ -118.594598769999934, 36.670301437000035 ], [ -118.824298858999938, 37.021600723000063 ], [ -119.202598571999943, 37.535001755000053 ], [ -119.567399978999958, 37.899801254000067 ], [ -119.959299087999966, 38.278100967000057 ], [ -120.32409858699998, 38.724000931000035 ], [ -120.661899566999978, 39.250902176000068 ], [ -121.053699492999968, 39.791402817000069 ], [ -121.337400435999939, 40.034601212000034 ], [ -121.634698867999987, 40.129201889000065 ], [ -122.134599685999945, 40.183202744000027 ], [ -122.539899825999967, 40.210199356000032 ], [ -122.945299149, 40.38590049700008 ], [ -123.174900054999966, 40.561502457000067 ], [ -123.323598861999983, 40.966901779000068 ], [ -123.080400466999961, 41.426202774000046 ], [ -122.742599486999964, 41.804601669000078 ], [ -122.458900451999966, 42.088300705000051 ], [ -122.311199188, 42.27179908800008 ], [ -121.949998855999979, 42.094999313000073 ], [ -121.277799605999974, 41.985300064000057 ], [ -120.070699691999948, 41.916700363000075 ], [ -118.932100295999987, 42.094999313000073 ], [ -117.958200454999954, 41.957899094000027 ], [ -117.381999969, 41.971601486000054 ], [ -116.31200027499996, 42.122499466000079 ], [ -115.255800246999982, 42.369401932000066 ], [ -114.240699767999956, 42.575101852000046 ], [ -113.779100417999985, 42.759801865000043 ], [ -113.417598723999973, 42.904401779000068 ], [ -112.663099288999945, 43.192399979000079 ], [ -111.606899260999967, 43.768602371000043 ], [ -111.291999816999976, 43.999502182000079 ], [ -111.127199172999951, 43.931600571000033 ], [ -110.899999618999985, 43.860601425000027 ], [ -110.715299605999974, 43.775400162000039 ], [ -110.523500442999989, 43.647500992000062 ], [ -110.421400069999947, 43.558099747000021 ], [ -110.222499846999938, 43.404699326000078 ], [ -110.341999053999984, 42.943601608000058 ], [ -110.438299178999955, 41.991300583000054 ] ] ] } },
{ "type": "Feature", "properties": { "ANCHOR": 0, "TIME": 600.0, "FILE1": "Global_EarthByte_GPlates_PresentDay_StaticPlatePolygons.gpmlz", "RECONFILE1": "Zahirovic_etal_2022_OptimisedMantleRef_and_NNRMantleRef.rot", "OBJECTID_1": "394", "PLATEID1": 101, "FROMAGE": 600.0, "TOAGE": -999.0, "NAME": "North America Craton", "PLATEID2": 0, "GPGIM_TYPE": "gpml:ClosedContinentalBoundary", "L_PLATE": 0, "R_PLATE": 0, "SPREAD_ASY": 0.0, "IMPORT_AGE": 0.0, "Shape_Leng": 12.9345073434, "Shape_Area": 5.7503020875099997, "FEATURE_ID": "GPlates-99fcc2ac-86f2-4a93-ab07-bbc35964aa45" }, "geometry": { "type": "Polygon", "coordinates": [ [ [ -111.291999816999976, 43.999502182000079 ], [ -111.503427496999961, 44.077393021000034 ], [ -111.595998763999944, 44.109201431000031 ], [ -111.944000243999938, 44.201501846000056 ], [ -112.17129898099995, 44.300901413000069 ], [ -112.313299178999955, 44.414602280000061 ], [ -112.512199401999965, 44.499799728000028 ], [ -112.654199599999984, 44.641801834000034 ], [ -112.767900466999947, 44.847799301000059 ], [ -112.84700012199994, 45.126901627000052 ], [ -112.761098861999983, 45.233999252000046 ], [ -112.611598968999942, 45.416002274000057 ], [ -112.242300033999982, 45.856302261000067 ], [ -111.936899184999959, 46.204301834000042 ], [ -111.579572733999953, 46.588125942000033 ], [ -111.499300002999973, 46.432600021000042 ], [ -111.313899993999939, 46.217401505000055 ], [ -111.230899810999972, 45.96840095500005 ], [ -110.927000046, 45.480901718000041 ], [ -110.875299453999958, 45.228502274000043 ], [ -110.783599853999988, 45.102300644000074 ], [ -110.571399688999975, 44.953199387000041 ], [ -110.46809959399998, 44.746702194000079 ], [ -110.192798614999958, 44.437002182000072 ], [ -109.481599807999942, 43.811899185000073 ], [ -108.804800033999982, 43.347299576000069 ], [ -108.418951, 43.006240059000049 ], [ -108.138999938999973, 42.653200150000032 ], [ -108.644100188999971, 42.619501114000066 ], [ -109.014398574999973, 42.602701187000036 ], [ -109.43529891999998, 42.720502853000028 ], [ -109.771999358999949, 43.057199478000022 ], [ -110.222499846999938, 43.404699326000078 ], [ -110.421400069999947, 43.558099747000021 ], [ -110.523500442999989, 43.647500992000062 ], [ -110.715299605999974, 43.775400162000039 ], [ -110.899999618999985, 43.860601425000027 ], [ -111.127199172999951, 43.931600571000033 ], [ -111.291999816999976, 43.999502182000079 ] ] ] } },
{ "type": "Feature", "properties": { "ANCHOR": 0, "TIME": 600.0, "FILE1": "Global_EarthByte_GPlates_PresentDay_StaticPlatePolygons.gpmlz", "RECONFILE1": "Zahirovic_etal_2022_OptimisedMantleRef_and_NNRMantleRef.rot", "OBJECTID_1": "395", "PLATEID1": 101, "FROMAGE": 600.0, "TOAGE": -999.0, "NAME": "North America Craton", "PLATEID2": 0, "GPGIM_TYPE": "gpml:ClosedContinentalBoundary", "L_PLATE": 0, "R_PLATE": 0, "SPREAD_ASY": 0.0, "IMPORT_AGE": 0.0, "Shape_Leng": 39.778418069300002, "Shape_Area": 46.734834725, "FEATURE_ID": "GPlates-9bdf10f1-1696-4bdf-a31a-13395ee592de" }, "geometry": { "type": "Polygon", "coordinates": [ [ [ -112.736900329999969, 34.054002762000046 ], [ -112.517398833999948, 34.028902054000071 ], [ -112.227199553999981, 33.93660163900006 ], [ -111.950099944999977, 33.870599747000028 ], [ -111.686300277999976, 33.725500107000066 ], [ -111.409198760999971, 33.567201614000041 ], [ -111.250900268999942, 33.435300827000049 ], [ -110.868299483999976, 33.184602737000027 ], [ -110.65719986, 32.960302353000031 ], [ -110.393400191999945, 32.696500778000029 ], [ -110.235099791999971, 32.511800766000079 ], [ -110.024000167999986, 32.366601944000024 ], [ -109.77330017099996, 32.327100754000071 ], [ -109.311599730999944, 32.27430152900007 ], [ -108.915800094999952, 32.221502304000069 ], [ -108.586000442999989, 32.221502304000069 ], [ -108.15060043299998, 32.155599594000073 ], [ -107.258798599, 32.150499344000025 ], [ -106.977399825999953, 31.962999344000025 ], [ -106.607000350999954, 31.710500717000066 ], [ -106.202999114999969, 31.508401871000046 ], [ -106.006703547999962, 31.437068897000074 ], [ -105.580099105999977, 31.222299576000069 ], [ -105.142398833999948, 30.969701767000064 ], [ -104.825498580999977, 30.745199203000031 ], [ -104.565198897999949, 30.379102707000072 ], [ -104.362400054999966, 29.855302811000058 ], [ -104.328599929999939, 29.399099350000029 ], [ -104.31396478399995, 28.755278463000028 ], [ -104.265937604999976, 28.209495917000027 ], [ -104.198374337999951, 27.801150380000028 ], [ -103.956899642999986, 26.763101578000033 ], [ -103.737199782999937, 26.188501358000046 ], [ -103.571229278999965, 25.998815428000057 ], [ -103.319480218999956, 25.614569864000032 ], [ -104.933905637999942, 26.300700696000035 ], [ -105.764262775999953, 26.789146051000046 ], [ -106.692308843999967, 27.472969442000082 ], [ -108.841468475999989, 28.523127025000058 ], [ -109.76951472099995, 28.91388327400006 ], [ -110.735946326999965, 29.447446743000057 ], [ -111.089561095999954, 29.653108707000062 ], [ -111.999656334999941, 30.592559681000068 ], [ -112.845947142999989, 31.206710814000076 ], [ -114.452560120999976, 31.251630798000068 ], [ -114.935280332, 31.935480676000054 ], [ -115.216858158999969, 32.156719603000056 ], [ -115.334198102999963, 32.422069743000073 ], [ -115.215591143999973, 32.51557160600003 ], [ -115.519096197999943, 32.810958755000058 ], [ -115.582886149, 32.875698570000054 ], [ -115.508499179999944, 32.959300582000026 ], [ -115.7180021, 33.130699797000034 ], [ -115.594902223999952, 33.23550079000006 ], [ -115.734199237999974, 33.366001802000028 ], [ -115.835701045999954, 33.433200599000031 ], [ -115.927101339999979, 33.509201754000067 ], [ -115.957817328999965, 33.608077705000035 ], [ -116.13394909, 33.706539735000035 ], [ -116.37860122799998, 33.840301613000058 ], [ -116.884598147999952, 34.064399668000078 ], [ -117.800003196999953, 34.579997652000031 ], [ -118.562474686999948, 34.898641948000034 ], [ -118.520099639999955, 34.93919944800006 ], [ -118.357198715, 35.078901291000079 ], [ -118.243099213, 35.176702499000044 ], [ -117.913299560999988, 35.414201736000052 ], [ -117.649398804, 35.546102524000048 ], [ -117.266799926999965, 35.625299454000071 ], [ -116.527999877999932, 35.677999496000041 ], [ -116.092699050999954, 35.65170097400005 ], [ -115.881599426, 35.65170097400005 ], [ -115.380298614999973, 35.598901749000049 ], [ -115.169198989999984, 35.506502151000063 ], [ -114.944898605, 35.414201736000052 ], [ -114.707399367999983, 35.189901352000049 ], [ -114.575498581, 35.058000565000043 ], [ -114.443599701, 34.899702072000018 ], [ -114.166500091999978, 34.74139976500004 ], [ -113.691598891999945, 34.306001663000075 ], [ -113.374898910999946, 34.226800919000027 ], [ -112.979200362999961, 34.081701279000072 ], [ -112.736900329999969, 34.054002762000046 ] ] ] } },
{ "type": "Feature", "properties": { "ANCHOR": 0, "TIME": 600.0, "FILE1": "Global_EarthByte_GPlates_PresentDay_StaticPlatePolygons.gpmlz", "RECONFILE1": "Zahirovic_etal_2022_OptimisedMantleRef_and_NNRMantleRef.rot", "OBJECTID_1": "396", "PLATEID1": 101, "FROMAGE": 600.0, "TOAGE": -999.0, "NAME": "North America Craton", "PLATEID2": 0, "GPGIM_TYPE": "gpml:ClosedContinentalBoundary", "L_PLATE": 0, "R_PLATE": 0, "SPREAD_ASY": 0.0, "IMPORT_AGE": 0.0, "Shape_Leng": 30.7085440016, "Shape_Area": 55.404628195599997, "FEATURE_ID": "GPlates-3e747ad6-2d34-4877-8e2b-7aebc167b70b" }, "geometry": { "type": "Polygon", "coordinates": [ [ [ -109.43529891999998, 42.720502853000028 ], [ -109.014398574999973, 42.602701187000036 ], [ -108.644100188999971, 42.619501114000066 ], [ -108.138999938999973, 42.653200150000032 ], [ -107.751798629999939, 42.215501785000079 ], [ -107.381500243999938, 41.508401871000054 ], [ -107.192600249999941, 41.152502060000081 ], [ -107.057600020999985, 40.854200363000082 ], [ -106.709600449, 40.222101212000048 ], [ -106.47239875799994, 39.723901749000049 ], [ -106.152500152999949, 38.86530113200007 ], [ -106.01779937699996, 38.62960243200007 ], [ -105.765298842999982, 38.05719947800003 ], [ -105.411800385, 37.43440055800005 ], [ -105.462299346999941, 37.198701859000039 ], [ -105.613800048999963, 36.979799271000047 ], [ -105.69698208799997, 36.718248788000039 ], [ -105.784859581999967, 36.526861144000065 ], [ -106.068300246999968, 36.08760261500003 ], [ -106.253499984999962, 35.599302292000061 ], [ -106.473962356999948, 35.301706564000028 ], [ -106.688417744, 35.02553959100004 ], [ -106.912438184999985, 34.731654860000042 ], [ -107.078399657999967, 34.488199234000035 ], [ -107.246799468999953, 34.050500870000064 ], [ -107.415100097999982, 33.747499466000079 ], [ -107.415100097999982, 33.293001175000029 ], [ -107.360330852999937, 32.421806827000069 ], [ -107.258798599, 32.150499344000025 ], [ -108.15060043299998, 32.155599594000073 ], [ -108.586000442999989, 32.221502304000069 ], [ -108.915800094999952, 32.221502304000069 ], [ -109.311599730999944, 32.27430152900007 ], [ -109.77330017099996, 32.327100754000071 ], [ -110.024000167999986, 32.366601944000024 ], [ -110.235099791999971, 32.511800766000079 ], [ -110.393400191999945, 32.696500778000029 ], [ -110.65719986, 32.960302353000031 ], [ -110.868299483999976, 33.184602737000027 ], [ -111.250900268999942, 33.435300827000049 ], [ -111.409198760999971, 33.567201614000041 ], [ -111.686300277999976, 33.725500107000066 ], [ -111.950099944999977, 33.870599747000028 ], [ -112.227199553999981, 33.93660163900006 ], [ -112.517398833999948, 34.028902054000071 ], [ -112.736900329999969, 34.054002762000046 ], [ -112.926399230999948, 34.200399399000048 ], [ -113.058300017999954, 34.371999741000025 ], [ -113.177099227999975, 34.662202835000087 ], [ -113.269399642999986, 35.018400192000065 ], [ -113.269399642999986, 35.308599472000026 ], [ -113.229799271, 35.65170097400005 ], [ -113.190198897999949, 36.166200638000078 ], [ -113.203399657999967, 36.377302170000064 ], [ -113.203399657999967, 36.535600662000036 ], [ -113.216600417999985, 36.82579994200006 ], [ -113.203399657999967, 37.063299179000069 ], [ -113.163900374999983, 37.274400711000048 ], [ -113.111099242999956, 37.524999619000027 ], [ -113.07149887099996, 37.736101151000071 ], [ -112.847200393999984, 38.131902695000065 ], [ -112.596599578999985, 38.474901199000044 ], [ -112.359100341999977, 38.646402359000035 ], [ -112.187599182, 38.738801956000039 ], [ -111.844598769999948, 38.910299301000066 ], [ -111.656999587999962, 39.149702072000032 ], [ -111.527599335, 39.391801834000042 ], [ -111.448799132999966, 39.662302017000059 ], [ -111.409198760999971, 39.939302444000077 ], [ -111.348098754999981, 40.172399521000045 ], [ -111.217199325999957, 40.223402023000062 ], [ -111.212499618999971, 40.343599319000084 ], [ -111.056200027, 40.79810142500002 ], [ -110.736598968999942, 41.344999313000073 ], [ -110.438299178999955, 41.991300583000054 ], [ -110.341999053999984, 42.943601608000058 ], [ -110.222499846999938, 43.404699326000078 ], [ -109.771999358999949, 43.057199478000022 ], [ -109.43529891999998, 42.720502853000028 ] ] ] } },
{ "type": "Feature", "properties": { "ANCHOR": 0, "TIME": 600.0, "FILE1": "Global_EarthByte_GPlates_PresentDay_StaticPlatePolygons.gpmlz", "RECONFILE1": "Zahirovic_etal_2022_OptimisedMantleRef_and_NNRMantleRef.rot", "OBJECTID_1": "397", "PLATEID1": 176, "FROMAGE": 600.0, "TOAGE": -999.0, "NAME": "East Klamath", "PLATEID2": 0, "GPGIM_TYPE": "gpml:ClosedContinentalBoundary", "L_PLATE": 0, "R_PLATE": 0, "SPREAD_ASY": 0.0, "IMPORT_AGE": 0.0, "Shape_Leng": 24.145228749099999, "Shape_Area": 18.851783621799999, "FEATURE_ID": "GPlates-84c5d263-826b-4707-9307-9cf240173d5a" }, "geometry": { "type": "Polygon", "coordinates": [ [ [ -118.378499984999962, 36.156900406000041 ], [ -118.32439994799995, 35.738000870000057 ], [ -118.364898682, 35.319200516000031 ], [ -118.357198715, 35.078901291000079 ], [ -118.520099639999955, 34.93919944800006 ], [ -118.562474686999948, 34.898641948000034 ], [ -118.662567252999963, 34.940471611000085 ], [ -119.449997020999945, 35.240001504000077 ], [ -119.952064161999942, 35.529998672000033 ], [ -120.333168135999983, 35.79689766000007 ], [ -120.304222957999968, 35.792526260000038 ], [ -120.47586389099996, 35.900222532000036 ], [ -121.274629207, 36.644834266000032 ], [ -121.96508736, 37.443599581000058 ], [ -122.547238352999955, 37.93098180800007 ], [ -122.937687476999955, 38.189182035000044 ], [ -123.083051600999966, 38.256393636000041 ], [ -123.131856685999978, 38.30389462200003 ], [ -123.231053673999952, 38.393714635000038 ], [ -123.34366372, 38.513111647000073 ], [ -123.395070646999969, 38.557491626000065 ], [ -123.441197605999946, 38.601299814000072 ], [ -123.580304787999978, 38.741401537000058 ], [ -123.620503703999972, 38.787700669000067 ], [ -123.713704661999941, 38.884899569000034 ], [ -123.809003655999973, 39.002498743000046 ], [ -123.883885598999939, 39.120201574000085 ], [ -123.921598691999989, 39.160999828000058 ], [ -123.957891667999945, 39.229099574000024 ], [ -123.985799738999944, 39.269401617000035 ], [ -124.003660247999946, 39.322978019000061 ], [ -124.016810110999984, 39.327551884000059 ], [ -124.565115115999959, 40.020548487000042 ], [ -124.693492266999954, 40.259254068000075 ], [ -124.854498312999951, 40.568853492000073 ], [ -124.948932013999979, 41.10639917900005 ], [ -125.0076, 41.1835 ], [ -125.124799727999985, 41.61310005200005 ], [ -125.2029, 42.1859 ], [ -125.08580017099996, 42.381200790000037 ], [ -125.15089988699998, 42.589502335000077 ], [ -125.157499312999974, 42.696001053000025 ], [ -124.254598617999989, 42.492799759000043 ], [ -122.59469986, 42.41050148000005 ], [ -122.311199188, 42.27179908800008 ], [ -122.458900451999966, 42.088300705000051 ], [ -122.742599486999964, 41.804601669000078 ], [ -123.080400466999961, 41.426202774000046 ], [ -123.323598861999983, 40.966901779000068 ], [ -123.174900054999966, 40.561502457000067 ], [ -122.945299149, 40.38590049700008 ], [ -122.539899825999967, 40.210199356000032 ], [ -122.134599685999945, 40.183202744000027 ], [ -121.634698867999987, 40.129201889000065 ], [ -121.337400435999939, 40.034601212000034 ], [ -121.053699492999968, 39.791402817000069 ], [ -120.661899566999978, 39.250902176000068 ], [ -120.32409858699998, 38.724000931000035 ], [ -119.959299087999966, 38.278100967000057 ], [ -119.567399978999958, 37.899801254000067 ], [ -119.202598571999943, 37.535001755000053 ], [ -118.824298858999938, 37.021600723000063 ], [ -118.594598769999934, 36.670301437000035 ], [ -118.378499984999962, 36.156900406000041 ] ] ] } },
{ "type": "Feature", "properties": { "ANCHOR": 0, "TIME": 600.0, "FILE1": "Global_EarthByte_GPlates_PresentDay_StaticPlatePolygons.gpmlz", "RECONFILE1": "Zahirovic_etal_2022_OptimisedMantleRef_and_NNRMantleRef.rot", "OBJECTID_1": "399", "PLATEID1": 18104, "FROMAGE": 600.0, "TOAGE": -999.0, "NAME": "Nixon Fork Terrane", "PLATEID2": 0, "GPGIM_TYPE": "gpml:ClosedContinentalBoundary", "L_PLATE": 0, "R_PLATE": 0, "SPREAD_ASY": 0.0, "IMPORT_AGE": 0.0, "Shape_Leng": 10.1968876232, "Shape_Area": 2.6719730003, "FEATURE_ID": "GPlates-fed9f0e6-3970-433e-8759-d9d6dcdbc8e2" }, "geometry": { "type": "Polygon", "coordinates": [ [ [ -154.466600417999985, 62.305002213000066 ], [ -155.651406952, 61.847653835000081 ], [ -155.573073114999971, 62.26348375400007 ], [ -155.435087341999974, 62.52875953900007 ], [ -155.027202394999961, 62.946985041000062 ], [ -154.353374788999957, 63.171802783000032 ], [ -154.31578036199997, 63.280465262000064 ], [ -154.400096133999966, 63.413279511000042 ], [ -154.403642449999978, 63.415108527000029 ], [ -154.087952577999971, 63.510319367000065 ], [ -153.209244321999961, 64.012835862000031 ], [ -152.969947295999958, 64.145280633000013 ], [ -152.586757860999967, 64.244705361000058 ], [ -151.961122700999965, 64.402713460000029 ], [ -151.775837080999963, 64.517921295000065 ], [ -151.788438593999985, 64.28334228600005 ], [ -151.987384219999967, 64.155323553000073 ], [ -152.35270273499998, 63.915871153000076 ], [ -152.523480151999962, 63.689968621000055 ], [ -152.854834362999981, 63.52353830900006 ], [ -153.065082973999978, 63.353810097000078 ], [ -152.989391111999964, 63.242769257000084 ], [ -153.170082582999981, 63.101915236000082 ], [ -153.723697400999981, 62.881038187000051 ], [ -153.781893208999975, 62.863769533000024 ], [ -154.032723125999979, 62.754883681000088 ], [ -154.424945561999976, 62.31370689400007 ], [ -154.466600417999985, 62.305002213000066 ] ] ] } },
{ "type": "Feature", "properties": { "ANCHOR": 0, "TIME": 600.0, "FILE1": "Global_EarthByte_GPlates_PresentDay_StaticPlatePolygons.gpmlz", "RECONFILE1": "Zahirovic_etal_2022_OptimisedMantleRef_and_NNRMantleRef.rot", "OBJECTID_1": "405", "PLATEID1": 201, "FROMAGE": 600.0, "TOAGE": -999.0, "NAME": "South America Craton", "PLATEID2": 0, "GPGIM_TYPE": "gpml:ClosedContinentalBoundary", "L_PLATE": 0, "R_PLATE": 0, "SPREAD_ASY": 0.0, "IMPORT_AGE": 0.0, "Shape_Leng": 9.1261907074900002, "Shape_Area": 2.4438568805899998, "FEATURE_ID": "GPlates-caff455b-bf68-4e6e-9778-9366f9099b6f" }, "geometry": { "type": "Polygon", "coordinates": [ [ [ -81.707511905, -6.812299911999958 ], [ -81.709699612999941, -6.80870049899994 ], [ -81.737798750999957, -6.72129920499998 ], [ -81.77969855799995, -6.64049928399993 ], [ -81.81789956199998, -6.477501220999955 ], [ -81.873899706999964, -6.165400237999966 ], [ -81.887998632999938, -6.059799303999966 ], [ -81.92970066099997, -5.841589382999928 ], [ -81.94610352399998, -5.736000279999928 ], [ -81.975301742999989, -5.584299227999963 ], [ -81.982503688999941, -5.476500485999964 ], [ -81.992101574999936, -5.377799532999973 ], [ -82.000638521999974, -5.233900294999955 ], [ -81.987500585999953, -5.125700344999927 ], [ -81.991101558999958, -5.070700391999935 ], [ -81.982452310999975, -4.854172666999943 ], [ -81.953629783999986, -4.829295213999956 ], [ -81.866974056999936, -4.754500459999974 ], [ -80.158905360999938, -2.873200276999967 ], [ -80.090164166999955, -2.795316125999932 ], [ -81.018916011999977, -5.361403108999984 ], [ -81.707511905, -6.812299911999958 ] ] ] } },
{ "type": "Feature", "properties": { "ANCHOR": 0, "TIME": 600.0, "FILE1": "Global_EarthByte_GPlates_PresentDay_StaticPlatePolygons.gpmlz", "RECONFILE1": "Zahirovic_etal_2022_OptimisedMantleRef_and_NNRMantleRef.rot", "OBJECTID_1": "407", "PLATEID1": 18103, "FROMAGE": 600.0, "TOAGE": -999.0, "NAME": "Angayucham Terrane", "PLATEID2": 0, "GPGIM_TYPE": "gpml:ClosedContinentalBoundary", "L_PLATE": 0, "R_PLATE": 0, "SPREAD_ASY": 0.0, "IMPORT_AGE": 0.0, "Shape_Leng": 10.854200434599999, "Shape_Area": 1.9143856756, "FEATURE_ID": "GPlates-bc751099-1d66-4ee5-944c-718b27b3899d" }, "geometry": { "type": "Polygon", "coordinates": [ [ [ -152.539781485999981, 65.473347902000057 ], [ -152.001167094999971, 65.653704872000034 ], [ -151.31120372999996, 65.582382197000086 ], [ -150.805762926999961, 65.657202412000046 ], [ -150.34852753499996, 65.912418610000032 ], [ -150.237565674999956, 65.927170475000082 ], [ -149.687870775999983, 65.998567011000034 ], [ -147.77500338599998, 65.916912444000047 ], [ -147.293413167999972, 65.782911013000046 ], [ -148.517647788999966, 65.603138282000032 ], [ -151.183623134999976, 65.198585482000055 ], [ -151.213217346999983, 65.197670506000051 ], [ -151.220070375999967, 65.197458628000049 ], [ -151.295264477999979, 65.195133822000059 ], [ -151.268744827, 65.244210494000072 ], [ -151.414801164999972, 65.363306983000015 ], [ -152.298840418999959, 65.293546705000054 ], [ -152.539781485999981, 65.473347902000057 ] ] ] } },
{ "type": "Feature", "properties": { "ANCHOR": 0, "TIME": 600.0, "FILE1": "Global_EarthByte_GPlates_PresentDay_StaticPlatePolygons.gpmlz", "RECONFILE1": "Zahirovic_etal_2022_OptimisedMantleRef_and_NNRMantleRef.rot", "OBJECTID_1": "408", "PLATEID1": 60301, "FROMAGE": 600.0, "TOAGE": -999.0, "NAME": "Sukhothai (Metcalfe)", "PLATEID2": 0, "GPGIM_TYPE": "gpml:ClosedContinentalBoundary", "L_PLATE": 0, "R_PLATE": 0, "SPREAD_ASY": 0.0, "IMPORT_AGE": 0.0, "Shape_Leng": 23.142216416899998, "Shape_Area": 10.2968168425, "FEATURE_ID": "GPlates-47ff1fdc-6edc-45ba-8a21-5d33aebd8f41" }, "geometry": { "type": "Polygon", "coordinates": [ [ [ 100.138612647000059, 25.529891479000074 ], [ 100.152038574000073, 24.959533691000047 ], [ 100.265991211000085, 24.102172852000024 ], [ 100.257141113000046, 23.427246094000054 ], [ 100.278747559000067, 23.065979004000042 ], [ 100.65625, 22.416137695000032 ], [ 100.894287109000061, 22.101928711000028 ], [ 101.084594727000081, 21.631835938000052 ], [ 101.151245117000087, 21.083557129000042 ], [ 101.179870606000065, 20.464904785000048 ], [ 100.941833496000072, 19.608459473000035 ], [ 100.838623047000056, 18.565917969000054 ], [ 100.799011231000065, 18.33288574200003 ], [ 100.557922363000046, 17.935363770000038 ], [ 100.294555664000086, 17.647583008000026 ], [ 100.170898438000052, 17.419250488000046 ], [ 100.113708496000072, 17.086181641000053 ], [ 100.142333984000061, 16.876708984000061 ], [ 100.136169434000067, 16.438720703000058 ], [ 100.170898438000052, 16.172485352000017 ], [ 100.271667480000076, 15.711181641000053 ], [ 100.368469238000046, 15.601379394000048 ], [ 100.339256177000053, 15.371431800000039 ], [ 100.31405727200007, 15.014896699000076 ], [ 100.312277031000065, 14.990109303000052 ], [ 99.742614746000072, 15.662353516000053 ], [ 99.371215820000032, 16.661560059000067 ], [ 98.926635742000087, 17.305969238000046 ], [ 98.857299805000082, 18.100830078000058 ], [ 99.190368652000075, 18.900268555000025 ], [ 99.458374023000033, 19.865234375000057 ], [ 99.552307129000042, 20.432617188000052 ], [ 99.666442871000072, 20.718139648000037 ], [ 99.93682861300006, 21.120727539000029 ], [ 99.838073731000065, 21.75921630900007 ], [ 99.891723633000083, 22.489379883000026 ], [ 99.686950684000067, 23.133300781000059 ], [ 99.932861328000058, 24.243652344000058 ], [ 99.897465407000084, 25.909030444000052 ], [ 100.06599385700008, 25.642194837000034 ], [ 100.138612647000059, 25.529891479000074 ] ] ] } },
{ "type": "Feature", "properties": { "ANCHOR": 0, "TIME": 600.0, "FILE1": "Global_EarthByte_GPlates_PresentDay_StaticPlatePolygons.gpmlz", "RECONFILE1": "Zahirovic_etal_2022_OptimisedMantleRef_and_NNRMantleRef.rot", "OBJECTID_1": "409", "PLATEID1": 60302, "FROMAGE": 600.0, "TOAGE": -999.0, "NAME": "Sino/Burma/Malaya", "PLATEID2": 0, "GPGIM_TYPE": "gpml:ClosedContinentalBoundary", "L_PLATE": 0, "R_PLATE": 0, "SPREAD_ASY": 0.0, "IMPORT_AGE": 0.0, "Shape_Leng": 28.8393763881, "Shape_Area": 25.71948632, "FEATURE_ID": "GPlates-3b7a863f-4e49-4b6d-8659-aeb36de88d8d" }, "geometry": { "type": "Polygon", "coordinates": [ [ [ 98.294889205000075, 15.030567039000063 ], [ 98.703208181000036, 14.580603300000066 ], [ 99.304567337000037, 13.879640579000068 ], [ 100.376403667000048, 12.884403224000039 ], [ 100.342285156000059, 12.726196289000029 ], [ 100.293031693000046, 12.386110306000035 ], [ 100.293458939000061, 12.365419388000079 ], [ 100.270814896000047, 12.335695267000062 ], [ 100.235319138000079, 12.255022049000047 ], [ 100.083620071000041, 11.910219193000046 ], [ 99.87567329400008, 11.237672806000035 ], [ 99.769411087000037, 10.73474311800004 ], [ 99.49005317700005, 10.078310013000021 ], [ 98.983825684000067, 9.33624267600004 ], [ 98.595520020000038, 8.617919922000056 ], [ 98.401491165000039, 8.054933548000065 ], [ 98.407655716000079, 7.855836868000041 ], [ 98.148500443000046, 7.550905228000034 ], [ 97.700317383000083, 7.091125488000046 ], [ 97.546752930000082, 6.323547363000046 ], [ 97.558884277000075, 6.310815862000027 ], [ 97.506042481000065, 5.522766113000052 ], [ 96.614196777000075, 5.584594727000024 ], [ 95.636535645000038, 5.830078125000057 ], [ 95.669313431000035, 5.862428665000039 ], [ 95.851118197000062, 6.040148979000037 ], [ 95.851146295000035, 6.040176446000032 ], [ 96.405442426000036, 6.582019682000066 ], [ 96.405442453000049, 6.582019709000065 ], [ 96.866569983000048, 7.032787483000051 ], [ 96.703748501000078, 8.662427782000066 ], [ 96.473815823000052, 10.963767594000046 ], [ 96.455699069000048, 11.989044664000062 ], [ 96.455124280000064, 12.021573573000069 ], [ 96.541, 12.3327 ], [ 96.4982, 12.682 ], [ 96.437784579000038, 13.002875094000046 ], [ 96.436773103000064, 13.06011733400004 ], [ 96.465979454000049, 13.382429216000048 ], [ 96.441936184000042, 13.70740766800003 ], [ 96.487, 13.93 ], [ 96.518579386000056, 14.172019061000071 ], [ 96.517360111000087, 14.190343302000031 ], [ 96.49080229100008, 14.589475197000072 ], [ 96.454900569000074, 14.936408182000035 ], [ 96.403866636000046, 14.922385040000053 ], [ 96.402629642000093, 14.992389926000044 ], [ 96.399001866000049, 15.197695802000057 ], [ 96.360442918000047, 15.956109767000044 ], [ 96.523177866000083, 17.535669711000025 ], [ 96.518198013000074, 17.734312057000068 ], [ 96.955533981000087, 16.611776352000053 ], [ 97.046510696000041, 16.378236771000036 ], [ 98.294889205000075, 15.030567039000063 ] ] ] } },
{ "type": "Feature", "properties": { "ANCHOR": 0, "TIME": 600.0, "FILE1": "Global_EarthByte_GPlates_PresentDay_StaticPlatePolygons.gpmlz", "RECONFILE1": "Zahirovic_etal_2022_OptimisedMantleRef_and_NNRMantleRef.rot", "OBJECTID_1": "410", "PLATEID1": 60406, "FROMAGE": 600.0, "TOAGE": -999.0, "NAME": "Indochina", "PLATEID2": 0, "GPGIM_TYPE": "gpml:ClosedContinentalBoundary", "L_PLATE": 0, "R_PLATE": 0, "SPREAD_ASY": 0.0, "IMPORT_AGE": 0.0, "Shape_Leng": 18.1552630039, "Shape_Area": 6.90714832897, "FEATURE_ID": "GPlates-ac648932-cb73-4708-9513-d2042cf04a0d" }, "geometry": { "type": "Polygon", "coordinates": [ [ [ 105.78533935600008, 21.011413574000073 ], [ 106.148459650000063, 20.698433529000056 ], [ 107.113708496000072, 19.849609375000057 ], [ 107.563171387000068, 19.554565430000025 ], [ 107.688781738000046, 19.471862793000074 ], [ 108.899658203000058, 18.023132324000073 ], [ 109.323791504000042, 17.544189453000058 ], [ 109.459106445000089, 17.259765625000057 ], [ 109.523764092000079, 17.064568433000034 ], [ 108.811889648000033, 17.802246094000054 ], [ 108.47991604300006, 17.963136543000076 ], [ 108.249558340000078, 18.083823761000076 ], [ 106.836627883000062, 18.970267943000067 ], [ 106.591235865000044, 19.143863358000033 ], [ 106.059875488000046, 19.532348633000026 ], [ 105.544006348000039, 19.946411133000026 ], [ 104.755310059000067, 20.506530762000068 ], [ 103.854187012000068, 21.112182617000034 ], [ 103.426025391000053, 21.435791016000053 ], [ 103.292724609000061, 21.626098633000026 ], [ 103.135947929000054, 21.936587002000064 ], [ 103.169067383000083, 22.130554199000073 ], [ 103.169067383000083, 22.587463379000042 ], [ 103.149536133000097, 22.986145020000038 ], [ 103.12793668200004, 23.079692285000082 ], [ 103.145080566000047, 23.071899414000029 ], [ 104.107604981000065, 22.558654785000044 ], [ 105.224304199000073, 21.489440918000071 ], [ 105.78533935600008, 21.011413574000073 ] ] ] } },
{ "type": "Feature", "properties": { "ANCHOR": 0, "TIME": 600.0, "FILE1": "Global_EarthByte_GPlates_PresentDay_StaticPlatePolygons.gpmlz", "RECONFILE1": "Zahirovic_etal_2022_OptimisedMantleRef_and_NNRMantleRef.rot", "OBJECTID_1": "414", "PLATEID1": 18102, "FROMAGE": 600.0, "TOAGE": -999.0, "NAME": "Ruby/Coldfoot Terrane", "PLATEID2": 0, "GPGIM_TYPE": "gpml:ClosedContinentalBoundary", "L_PLATE": 0, "R_PLATE": 0, "SPREAD_ASY": 0.0, "IMPORT_AGE": 0.0, "Shape_Leng": 30.6252147493, "Shape_Area": 7.13023678328, "FEATURE_ID": "GPlates-8cf5dcb3-4e2e-4541-a08c-d416834598a5" }, "geometry": { "type": "Polygon", "coordinates": [ [ [ -160.165589173999962, 66.952287545000047 ], [ -160.127389668999967, 66.974683123000034 ], [ -160.234209331999978, 66.968181177000076 ], [ -160.062021163999958, 67.216555506000077 ], [ -159.595580959999978, 67.379219093000074 ], [ -159.163345042999964, 67.480925012000057 ], [ -159.106625915999984, 67.607973462000089 ], [ -158.673100632999962, 67.665280074000066 ], [ -157.919549088999958, 67.56196662800005 ], [ -156.271446380999976, 67.560358449000049 ], [ -155.086649895999983, 67.424991033000083 ], [ -153.059718918999977, 67.609356321000078 ], [ -150.905810877999983, 67.60530133900005 ], [ -149.573468541999972, 67.793816494000055 ], [ -148.697615796999969, 67.925094924000064 ], [ -148.109104185999968, 68.042406446000015 ], [ -146.73979356199996, 68.232825370000057 ], [ -145.66676684899997, 68.201092980000041 ], [ -145.57223086099998, 68.110172462000051 ], [ -145.39944518599998, 67.941800133000072 ], [ -145.91535388799997, 67.546613943000068 ], [ -146.57321578899996, 67.24482994400006 ], [ -146.58225072999997, 67.240604965000045 ], [ -146.986467979999958, 67.226072789000057 ], [ -147.175922957999973, 67.229429182000047 ], [ -147.361926163999982, 67.566846394000052 ], [ -147.66758607899996, 67.58584409100007 ], [ -148.489874490999966, 67.531196929000032 ], [ -149.924418534999973, 67.423414771000068 ], [ -152.018118933999972, 67.236978007000062 ], [ -153.048153808999984, 67.132184235000068 ], [ -154.708761611999961, 66.944431250000051 ], [ -155.751370188999971, 66.993997199000034 ], [ -156.441711499999968, 67.022275885000056 ], [ -158.346473785999962, 67.081742515000045 ], [ -159.344777595000011, 67.053799211000069 ], [ -159.942078721999962, 66.96611118900006 ], [ -160.165589173999962, 66.952287545000047 ] ] ] } },
{ "type": "Feature", "properties": { "ANCHOR": 0, "TIME": 600.0, "FILE1": "Global_EarthByte_GPlates_PresentDay_StaticPlatePolygons.gpmlz", "RECONFILE1": "Zahirovic_etal_2022_OptimisedMantleRef_and_NNRMantleRef.rot", "OBJECTID_1": "417", "PLATEID1": 108, "FROMAGE": 600.0, "TOAGE": -999.0, "NAME": "Avalonia (Avalon/Acadia)", "PLATEID2": 0, "GPGIM_TYPE": "gpml:ClosedContinentalBoundary", "L_PLATE": 0, "R_PLATE": 0, "SPREAD_ASY": 0.0, "IMPORT_AGE": 0.0, "Shape_Leng": 72.637592123299996, "Shape_Area": 171.490351395, "FEATURE_ID": "GPlates-43aa2761-3312-47f0-b091-355db0d89210" }, "geometry": { "type": "Polygon", "coordinates": [ [ [ -45.74695289899995, 50.785999859000057 ], [ -45.743061611999963, 50.785277109000049 ], [ -45.411348495999967, 50.599331636000038 ], [ -45.367134088999933, 50.577106683000068 ], [ -45.291371609999949, 50.539023676000049 ], [ -45.078631016999964, 50.41951815200008 ], [ -44.467043198999932, 50.075963019000014 ], [ -44.078605755999945, 49.844253448000082 ], [ -43.755186825999942, 49.627940240000036 ], [ -43.52900038599995, 49.451882062000038 ], [ -43.181580860999915, 49.258949858000037 ], [ -42.814015599999948, 48.93933992500007 ], [ -42.570994434999932, 48.563285428000022 ], [ -42.40455138199998, 48.358371107000025 ], [ -42.32674946499997, 48.029922871000053 ], [ -42.320436732999951, 47.689031909000043 ], [ -42.288543156999943, 47.632720888000044 ], [ -42.288465281999947, 47.628376719000073 ], [ -42.276949515999945, 46.985982836000055 ], [ -42.725288643999939, 45.960063273000053 ], [ -42.964495825999961, 45.755688844000076 ], [ -43.445472522999978, 45.50257124900002 ], [ -43.862563803999919, 45.281709155000044 ], [ -44.158441924999963, 45.124587315000042 ], [ -44.399850790999949, 44.986865363000064 ], [ -44.642718292999966, 44.804978275000053 ], [ -44.846829814999978, 44.647014474000059 ], [ -45.121976183999955, 44.476021615000043 ], [ -45.474079261999975, 44.255235606000042 ], [ -45.851095129999976, 44.106770070000039 ], [ -45.966899755999982, 43.716895567000044 ], [ -45.895050542999968, 43.527964374000078 ], [ -45.935082015999967, 43.357473915000071 ], [ -45.974867493999966, 43.187062616000034 ], [ -46.785430053999939, 42.449663198000053 ], [ -46.901534511999955, 42.173768448000033 ], [ -47.654536831999962, 41.521400977000049 ], [ -48.008762385999937, 41.686015386000065 ], [ -48.26869452599994, 41.770775867000054 ], [ -48.446583210999968, 41.828783047000066 ], [ -48.566564825999954, 41.958363191000046 ], [ -48.684529311999938, 42.085764835000084 ], [ -48.846332659999973, 42.133354055000034 ], [ -48.95984265, 42.133354055000034 ], [ -49.114507615999969, 42.133354055000034 ], [ -49.265117796999959, 42.133354055000034 ], [ -49.360296237999933, 42.104800523000044 ], [ -49.46465939299997, 42.127992336000034 ], [ -49.617278025999951, 42.161907587000023 ], [ -49.584125757999963, 42.108035151000081 ], [ -49.541135273999949, 42.038175615000057 ], [ -49.550653117999957, 42.019139927000033 ], [ -49.72197430999995, 42.00962208300006 ], [ -49.732722618999929, 42.010619349000088 ], [ -49.837378168999976, 42.020329658000044 ], [ -49.887096887999974, 42.054010080000069 ], [ -49.892890174999934, 42.057934565000046 ], [ -49.960745518999943, 42.103901088000036 ], [ -50.058668042999962, 42.170235701000081 ], [ -50.190728128999979, 42.223773574000056 ], [ -50.211490007999942, 42.230072121000042 ], [ -50.508386172999963, 42.320141744000068 ], [ -50.854597748999936, 42.537862426000068 ], [ -51.021145931999961, 42.626688124000054 ], [ -51.122287111999981, 42.680630087000047 ], [ -51.31859264499996, 42.716322002000027 ], [ -51.615644413999966, 42.87652969700008 ], [ -51.565264951999957, 42.842526438000043 ], [ -51.679476932999933, 42.900960474000044 ], [ -51.953908733999981, 43.05896438700006 ], [ -52.185906181999925, 43.108933068000056 ], [ -52.382038152999925, 43.197762033000068 ], [ -52.576817239999961, 43.282519352000072 ], [ -52.590397290999917, 43.288428655000075 ], [ -52.606735539999896, 43.295538177000026 ], [ -52.850489640999967, 43.401606771000047 ], [ -53.178855259999978, 43.597912304000033 ], [ -53.478667345999938, 43.619327453000047 ], [ -53.828448113999976, 43.672865326000085 ], [ -54.188936456999947, 43.669296135000032 ], [ -54.592255096999963, 43.912001157000077 ], [ -55.127180555999978, 44.116012975000046 ], [ -55.446005705999937, 44.172552137000039 ], [ -55.763663749999985, 44.083322350000067 ], [ -55.917430126999925, 44.026106954000063 ], [ -56.224089454999948, 43.912001157000077 ], [ -56.473932860999952, 43.833478944000028 ], [ -57.174731059999942, 43.736699339000033 ], [ -57.578490711999954, 43.670061382000029 ], [ -58.25210406999998, 43.515820900000051 ], [ -58.484101517999925, 43.444437070000049 ], [ -58.769636838999979, 43.187455281000034 ], [ -59.233631734999967, 42.830536130000041 ], [ -59.465629182999976, 42.612815448000049 ], [ -59.776148844999966, 42.22734276500006 ], [ -60.021619708999935, 42.087987985000041 ], [ -60.282078491999982, 41.940124504000046 ], [ -60.624902584999973, 41.745501911000076 ], [ -60.950176592999973, 41.709090642000028 ], [ -61.29234139699998, 41.709809996000047 ], [ -61.498535585999946, 41.784931455000049 ], [ -61.827244231999941, 41.904687853000041 ], [ -61.996105130999979, 41.936918564000045 ], [ -62.286004312999985, 41.992252018000052 ], [ -62.510625431999976, 42.051262651000066 ], [ -62.866434167999955, 42.112652745000062 ], [ -63.250095476999952, 42.120509290000044 ], [ -63.773798793999966, 42.120070887000054 ], [ -64.271267945999966, 42.070774231000044 ], [ -64.422764599999937, 42.063409810000046 ], [ -64.54538185399997, 42.057449249000058 ], [ -64.681583949999947, 41.965236953000044 ], [ -64.888404951999973, 41.825213855000072 ], [ -65.405126186999951, 41.46859366800004 ], [ -65.460396749999973, 41.426702723000062 ], [ -65.837761958999977, 41.140688169000043 ], [ -66.066081697999948, 40.935740403000068 ], [ -66.60146163099995, 40.453100113000062 ], [ -67.064184095999963, 40.054894867000037 ], [ -67.177617229999953, 39.944612654000032 ], [ -67.201241049999965, 39.921645050000052 ], [ -67.391832909999948, 39.840654864000044 ], [ -67.514949188999935, 39.834080885000056 ], [ -67.556134111999938, 39.84241309500004 ], [ -67.84426659199994, 39.900705794000039 ], [ -68.000403587999983, 39.932851645000028 ], [ -68.297315967999964, 39.993980665000038 ], [ -68.790340287999982, 40.072026986000026 ], [ -68.937773877999973, 40.009032788000084 ], [ -69.203557486999955, 39.895470979000038 ], [ -69.430195204999961, 39.855858553000076 ], [ -69.720828683999969, 39.805060753000078 ], [ -70.019533382999953, 39.752852241000028 ], [ -70.43080920999995, 39.695431262000064 ], [ -70.76162855299998, 39.657524879000057 ], [ -71.161383713999953, 39.683240123000076 ], [ -71.447266690999982, 39.701630256000051 ], [ -71.638363455999979, 39.713923030000046 ], [ -71.77884813299994, 39.722960056000034 ], [ -71.913870534999944, 39.642790505000058 ], [ -72.197633269999983, 39.474306381000076 ], [ -72.442122888999961, 39.436829870000054 ], [ -72.465596936999987, 39.433150155000078 ], [ -72.476443416999984, 39.612117080000075 ], [ -72.446160880999969, 40.855721060000064 ], [ -72.38023289299997, 41.087704720000033 ], [ -72.318064146999973, 41.279514802000051 ], [ -72.028267479999954, 42.014345094000085 ], [ -71.668766171999948, 42.714109451000084 ], [ -71.036193195999942, 43.105504700000047 ], [ -70.713315896999973, 43.33236104000008 ], [ -70.229818534999936, 43.676916593000044 ], [ -69.405334472999982, 44.239408493000042 ], [ -68.786638979999964, 44.626318287000061 ], [ -68.148091245999979, 44.983202959000046 ], [ -68.050677614999984, 45.04095398700008 ], [ -67.616081237999936, 45.308517456000061 ], [ -67.020140106999975, 45.74235896600004 ], [ -66.641090392999956, 45.989032745000038 ], [ -66.158958434999988, 46.220222473000035 ], [ -65.841352462999964, 46.461297989000059 ], [ -65.507825518999937, 46.679817505000074 ], [ -65.159976096999969, 46.874732281000028 ], [ -64.803786972999944, 47.043246001000057 ], [ -61.63069290499994, 47.57977514800006 ], [ -61.423359214999948, 47.596640646000019 ], [ -60.1716, 47.5921 ], [ -59.331261907999973, 47.815368942000084 ], [ -58.169191229999967, 47.954654076000047 ], [ -58.041859069999987, 47.977238039000042 ], [ -57.705776895999975, 48.045883452000055 ], [ -57.541129613999942, 48.077777347000051 ], [ -57.392460783999987, 48.113482306000037 ], [ -57.039619997999964, 48.209922882000065 ], [ -56.728816177999938, 48.308292758000057 ], [ -56.408289585999967, 48.416801201000055 ], [ -56.240984721999951, 48.475331754000074 ], [ -55.792079749999949, 48.660438425000038 ], [ -55.541515297999979, 48.772600717000046 ], [ -55.075196541999951, 49.004043211000052 ], [ -54.483049001999966, 49.346645836000036 ], [ -54.272542301999977, 49.487515281000071 ], [ -53.922285641999949, 49.691197143000053 ], [ -48.549055760999977, 51.323703918000035 ], [ -48.460289116999945, 51.336520448000037 ], [ -47.964548296999965, 51.183402310000083 ], [ -46.972731772999957, 51.01367052300003 ], [ -45.74695289899995, 50.785999859000057 ] ] ] } },
{ "type": "Feature", "properties": { "ANCHOR": 0, "TIME": 600.0, "FILE1": "Global_EarthByte_GPlates_PresentDay_StaticPlatePolygons.gpmlz", "RECONFILE1": "Zahirovic_etal_2022_OptimisedMantleRef_and_NNRMantleRef.rot", "OBJECTID_1": "434", "PLATEID1": 888, "FROMAGE": 600.0, "TOAGE": -999.0, "NAME": "Coral Sea, Eastern Plateau", "PLATEID2": 0, "GPGIM_TYPE": "gpml:ClosedContinentalBoundary", "L_PLATE": 0, "R_PLATE": 0, "SPREAD_ASY": 0.0, "IMPORT_AGE": 0.0, "Shape_Leng": 13.651748012400001, "Shape_Area": 9.6387161174500005, "FEATURE_ID": "GPlates-c8a488f0-49f1-4450-a55d-4bfa94543e2f" }, "geometry": { "type": "Polygon", "coordinates": [ [ [ 147.442000000000121, -11.008 ], [ 147.532, -11.585 ], [ 147.542185186000097, -11.735728937999966 ], [ 147.493, -11.726 ], [ 147.489565116000108, -11.727503682999952 ], [ 147.418911663000017, -11.758433520999978 ], [ 147.416704607000042, -11.754568122999956 ], [ 147.352833495000027, -11.78252886699994 ], [ 147.248963163000099, -11.828 ], [ 147.026, -11.828 ], [ 146.870000000000118, -11.777 ], [ 146.714, -11.777 ], [ 146.578976732000115, -12.302791540999976 ], [ 146.569442061000018, -12.296941983999943 ], [ 146.524862107000104, -12.470539936999955 ], [ 146.534281787000054, -12.476837275999969 ], [ 146.393316132000109, -13.025768954999933 ], [ 146.393, -13.027 ], [ 146.283, -13.072 ], [ 146.2, -13.117 ], [ 146.108, -13.144 ], [ 146.034000000000106, -13.19 ], [ 145.96, -13.226 ], [ 145.896, -13.253 ], [ 145.785, -13.307 ], [ 145.657, -13.352 ], [ 145.592, -13.406 ], [ 145.473, -13.437 ], [ 145.243, -13.517 ], [ 145.014, -13.623 ], [ 144.838, -13.755 ], [ 144.581, -13.728 ], [ 144.392, -13.715 ], [ 144.189, -13.49 ], [ 144.135000000000105, -13.345 ], [ 144.108, -13.186 ], [ 144.054, -13.054 ], [ 143.976483733, -12.926720203999935 ], [ 143.997193897000102, -12.30391132699998 ], [ 144.081, -12.151 ], [ 144.089608788000078, -12.087231200999952 ], [ 144.387054078000119, -11.768539263999969 ], [ 144.389656763000062, -11.700871443999972 ], [ 144.392, -11.699 ], [ 144.412, -11.746 ], [ 144.451, -11.63 ], [ 144.451, -11.533 ], [ 144.52900000000011, -11.456 ], [ 144.588, -11.379 ], [ 144.608, -11.282 ], [ 144.627, -11.166 ], [ 144.588, -11.108 ], [ 144.52900000000011, -11.146 ], [ 144.471000000000117, -11.224 ], [ 144.412, -11.224 ], [ 144.408520457, -11.210429782999938 ], [ 144.414612152000018, -11.052050357999972 ], [ 144.408567365000067, -11.016290073999924 ], [ 144.431, -10.972 ], [ 144.49, -10.894 ], [ 144.608, -10.817 ], [ 144.686, -10.759 ], [ 144.729051376000029, -10.716493577999927 ], [ 144.77900000000011, -10.623 ], [ 144.807743719000086, -10.574798994999981 ], [ 144.824, -10.448 ], [ 144.7650000000001, -10.371 ], [ 144.725, -10.274 ], [ 144.7650000000001, -10.177 ], [ 144.765323217000059, -10.040187813999978 ], [ 144.997924921000049, -10.032850334999978 ], [ 146.972870003000025, -9.475650447999953 ], [ 146.990029367000034, -9.545354491999944 ], [ 147.229088448000084, -9.943798654999966 ], [ 147.442000000000121, -11.008 ] ] ] } },
{ "type": "Feature", "properties": { "ANCHOR": 0, "TIME": 600.0, "FILE1": "Global_EarthByte_GPlates_PresentDay_StaticPlatePolygons.gpmlz", "RECONFILE1": "Zahirovic_etal_2022_OptimisedMantleRef_and_NNRMantleRef.rot", "OBJECTID_1": "435", "PLATEID1": 890, "FROMAGE": 600.0, "TOAGE": -999.0, "NAME": "Kenn Plateau", "PLATEID2": 0, "GPGIM_TYPE": "gpml:ClosedContinentalBoundary", "L_PLATE": 0, "R_PLATE": 0, "SPREAD_ASY": 0.0, "IMPORT_AGE": 0.0, "Shape_Leng": 14.3851595122, "Shape_Area": 8.5206042853100001, "FEATURE_ID": "GPlates-b2ac74fc-68fc-4ea3-9fa2-177690a58872" }, "geometry": { "type": "Polygon", "coordinates": [ [ [ 158.288, -16.957 ], [ 158.1086, -17.2119 ], [ 158.061, -17.277 ], [ 157.864, -17.408 ], [ 157.635796343000038, -17.633562492999943 ], [ 157.513607872000108, -17.778242556999942 ], [ 157.419592225000088, -17.938662970999928 ], [ 157.379, -18.076 ], [ 157.409000000000106, -18.308 ], [ 157.500000000000114, -18.496 ], [ 157.663281020000142, -18.78482255899997 ], [ 157.694272534000106, -18.839642453999943 ], [ 157.712000000000103, -18.871 ], [ 157.939, -19.087 ], [ 158.121, -19.246 ], [ 158.364, -19.605 ], [ 158.458661051000036, -19.899191608999956 ], [ 158.499022922000108, -19.984224989999973 ], [ 158.503081386000076, -19.982074120999986 ], [ 158.591000000000122, -20.178 ], [ 158.581819526000118, -20.286047111999949 ], [ 158.580762786000037, -20.298484133999978 ], [ 158.578, -20.331 ], [ 158.424, -20.421 ], [ 158.242, -20.493 ], [ 158.090421892000109, -20.544891604999979 ], [ 157.697000000000116, -20.678 ], [ 157.545, -20.821 ], [ 157.314838518000101, -20.950788732999968 ], [ 157.076, -21.077 ], [ 156.955, -21.177 ], [ 156.545, -21.248 ], [ 156.197000000000116, -21.248 ], [ 156.0150000000001, -21.304 ], [ 156.014370419000102, -21.301019984999986 ], [ 155.989986511000097, -21.313942760999964 ], [ 155.985, -21.162 ], [ 156.061, -20.807 ], [ 156.061, -20.421 ], [ 156.033177684000066, -20.074184355999932 ], [ 156.027944274000106, -19.979059313999983 ], [ 156.0150000000001, -19.806 ], [ 156.000000000000114, -19.418 ], [ 155.955, -19.26 ], [ 155.667, -18.9 ], [ 155.621, -18.525 ], [ 155.561, -18.004 ], [ 155.589272845000096, -17.769417648999934 ], [ 155.598891126000012, -17.689613903999941 ], [ 155.658804810000134, -17.482216556999958 ], [ 155.686178583000014, -17.38745943999993 ], [ 155.697000000000145, -17.35 ], [ 155.770495903000096, -17.268877162999956 ], [ 155.803000000000111, -17.233 ], [ 155.839759469000114, -17.227594344999943 ], [ 156.199303196000074, -17.174692419999928 ], [ 156.32146005900006, -17.180364391999941 ], [ 156.5150000000001, -17.19 ], [ 156.712000000000103, -17.19 ], [ 156.909000000000106, -17.161 ], [ 157.212000000000103, -17.073 ], [ 157.394000000000119, -17.059 ], [ 157.758, -16.913 ], [ 157.939, -16.811 ], [ 158.242, -16.606 ], [ 158.379, -16.533 ], [ 158.394000000000119, -16.752 ], [ 158.288, -16.957 ] ] ] } },
{ "type": "Feature", "properties": { "ANCHOR": 0, "TIME": 600.0, "FILE1": "Global_EarthByte_GPlates_PresentDay_StaticPlatePolygons.gpmlz", "RECONFILE1": "Zahirovic_etal_2022_OptimisedMantleRef_and_NNRMantleRef.rot", "OBJECTID_1": "437", "PLATEID1": 850, "FROMAGE": 600.0, "TOAGE": -999.0, "NAME": "Tasmania", "PLATEID2": 0, "GPGIM_TYPE": "gpml:ClosedContinentalBoundary", "L_PLATE": 0, "R_PLATE": 0, "SPREAD_ASY": 0.0, "IMPORT_AGE": 0.0, "Shape_Leng": 24.0092594228, "Shape_Area": 29.052405092299999, "FEATURE_ID": "GPlates-a259a451-b230-40fa-b819-b691f868b8d2" }, "geometry": { "type": "Polygon", "coordinates": [ [ [ 149.560436612000103, -40.00072526699995 ], [ 149.559521786000118, -40.020326373999978 ], [ 149.557895, -40.055182 ], [ 149.552891782000074, -40.079162203999942 ], [ 149.540356975000037, -40.139240988999973 ], [ 149.532823000000121, -40.175351 ], [ 149.495818, -40.281383 ], [ 149.466362000000117, -40.389195 ], [ 149.41006, -40.513399 ], [ 149.382904, -40.631236 ], [ 149.379859922000037, -40.688526779999961 ], [ 149.37954473700006, -40.694458684999972 ], [ 149.376651, -40.74892 ], [ 149.347896000000105, -40.972626 ], [ 149.314, -41.181625347999955 ], [ 149.314, -41.219 ], [ 149.343, -41.563 ], [ 149.286, -41.905 ], [ 149.257, -42.225 ], [ 149.229, -42.606 ], [ 149.114, -42.88 ], [ 148.943, -43.215 ], [ 148.629, -43.714 ], [ 148.457000000000107, -44.024 ], [ 148.401007794000066, -44.184814823999943 ], [ 148.371, -44.271 ], [ 148.286, -44.476 ], [ 148.143, -44.66 ], [ 147.965108636000082, -44.741014219999954 ], [ 147.829, -44.803 ], [ 147.697547098000086, -44.823046567999938 ], [ 147.686, -44.884 ], [ 147.114, -44.864 ], [ 146.429, -44.823 ], [ 146.16450980400009, -44.782 ], [ 146.057, -44.782 ], [ 145.939933769000049, -44.747187301999929 ], [ 145.714, -44.68 ], [ 145.667697190000013, -44.659060513 ], [ 145.4, -44.538 ], [ 145.2, -44.292 ], [ 145.114978771000096, -44.204428133999954 ], [ 144.971000000000117, -44.086 ], [ 144.629, -43.714 ], [ 144.057, -43.319 ], [ 144.057504574000063, -43.320668707999971 ], [ 143.746023787000041, -43.119657980999932 ], [ 143.628, -43.0216 ], [ 143.272, -42.6659 ], [ 142.926, -42.4169 ], [ 142.790427431000012, -42.317960869999986 ], [ 142.789029815000049, -42.31694090699996 ], [ 142.597, -42.1768 ], [ 142.365, -41.9011 ], [ 142.143, -41.7588 ], [ 141.938000000000102, -41.5543 ], [ 141.907646632000052, -41.524833718999957 ], [ 141.811069390000057, -41.431078981999974 ], [ 141.8087316350001, -41.428809548999944 ], [ 141.784505967000086, -41.405291883999951 ], [ 141.78028254700007, -41.401191894999961 ], [ 141.758183779000092, -41.379738970999938 ], [ 141.65400000000011, -41.2786 ], [ 141.307, -40.942 ], [ 140.976000000000113, -40.6657 ], [ 140.626, -40.3893 ], [ 140.312, -40.0761 ], [ 140.276579757000036, -40.020737086999937 ], [ 140.429, -40.021 ], [ 149.314, -40.0 ], [ 149.313935456000081, -40.000908228999947 ], [ 149.560436612000103, -40.00072526699995 ] ] ] } },
{ "type": "Feature", "properties": { "ANCHOR": 0, "TIME": 600.0, "FILE1": "Global_EarthByte_GPlates_PresentDay_StaticPlatePolygons.gpmlz", "RECONFILE1": "Zahirovic_etal_2022_OptimisedMantleRef_and_NNRMantleRef.rot", "OBJECTID_1": "438", "PLATEID1": 851, "FROMAGE": 600.0, "TOAGE": -999.0, "NAME": "South Tasman Rise", "PLATEID2": 0, "GPGIM_TYPE": "gpml:ClosedContinentalBoundary", "L_PLATE": 0, "R_PLATE": 0, "SPREAD_ASY": 0.0, "IMPORT_AGE": 0.0, "Shape_Leng": 14.389471628400001, "Shape_Area": 7.0600946178199999, "FEATURE_ID": "GPlates-f5c73a4c-a237-4969-bb10-b8ab9206dfdb" }, "geometry": { "type": "Polygon", "coordinates": [ [ [ 143.746023787000041, -43.119657980999932 ], [ 144.057504574000063, -43.320668707999971 ], [ 144.057, -43.319 ], [ 144.629, -43.714 ], [ 144.971000000000117, -44.086 ], [ 145.114978771000096, -44.204428133999954 ], [ 145.2, -44.292 ], [ 145.4, -44.538 ], [ 145.667697190000013, -44.659060513 ], [ 145.743, -44.721 ], [ 146.057, -45.289 ], [ 146.343, -45.711 ], [ 146.486000000000104, -46.248 ], [ 146.657, -46.84 ], [ 146.657, -47.386 ], [ 146.714, -47.869 ], [ 146.771, -48.499 ], [ 146.755644146, -48.527104109999982 ], [ 146.4, -49.178 ], [ 145.829, -48.632 ], [ 145.808255039000073, -48.587615432999939 ], [ 145.571, -48.08 ], [ 145.27951959300006, -47.503597495999948 ], [ 145.171, -47.289 ], [ 144.857, -46.525 ], [ 144.657, -45.771 ], [ 144.514, -45.127 ], [ 144.371, -44.721 ], [ 144.314, -44.169 ], [ 144.313734670000031, -44.168122205999964 ], [ 144.2887, -44.1263 ], [ 144.288304449000066, -44.126322324999933 ], [ 144.158, -43.9099 ], [ 143.839, -43.4316 ], [ 143.761, -43.315 ], [ 143.628, -43.0216 ], [ 143.746023787000041, -43.119657980999932 ] ] ] } },
{ "type": "Feature", "properties": { "ANCHOR": 0, "TIME": 600.0, "FILE1": "Global_EarthByte_GPlates_PresentDay_StaticPlatePolygons.gpmlz", "RECONFILE1": "Zahirovic_etal_2022_OptimisedMantleRef_and_NNRMantleRef.rot", "OBJECTID_1": "439", "PLATEID1": 852, "FROMAGE": 600.0, "TOAGE": -999.0, "NAME": "East Tasman Rise", "PLATEID2": 0, "GPGIM_TYPE": "gpml:ClosedContinentalBoundary", "L_PLATE": 0, "R_PLATE": 0, "SPREAD_ASY": 0.0, "IMPORT_AGE": 0.0, "Shape_Leng": 16.9383097491, "Shape_Area": 12.8531671392, "FEATURE_ID": "GPlates-392b6147-b7f7-4554-becd-71992332f724" }, "geometry": { "type": "Polygon", "coordinates": [ [ [ 145.939933769000049, -44.747187301999929 ], [ 146.057, -44.782 ], [ 146.16450980400009, -44.782 ], [ 146.429, -44.823 ], [ 147.114, -44.864 ], [ 147.686, -44.884 ], [ 147.8, -45.147 ], [ 148.000000000000114, -45.49 ], [ 148.236099053000089, -45.752255799999944 ], [ 148.248922000000107, -45.788652 ], [ 148.375193, -45.937114 ], [ 148.557658, -46.111696 ], [ 148.738614, -46.278211 ], [ 148.904208, -46.444111 ], [ 149.02294, -46.634566 ], [ 149.1227540000001, -46.748772 ], [ 149.334136, -46.927127 ], [ 149.390716233000035, -46.952716332999955 ], [ 149.617615000000114, -47.055335 ], [ 149.939275, -47.206417 ], [ 150.209442, -47.372229 ], [ 150.354097393000075, -47.492535825999944 ], [ 150.468934000000104, -47.588043 ], [ 150.657454, -47.73879 ], [ 150.837868, -47.89642 ], [ 150.977544, -48.015286 ], [ 151.082096, -48.139579 ], [ 151.079187, -48.310605 ], [ 150.984015000000113, -48.487345 ], [ 151.023651, -48.666415 ], [ 151.0013970870001, -48.779184037999968 ], [ 150.992262, -48.825475 ], [ 150.957258, -48.983503 ], [ 150.979561000000103, -49.156568 ], [ 151.022340996000025, -49.244188751999957 ], [ 151.024268436000057, -49.244860182999957 ], [ 150.886, -49.533 ], [ 150.731013451000081, -49.579965620999985 ], [ 150.457000000000107, -49.663 ], [ 149.859498506000023, -49.663 ], [ 149.517498506000038, -49.496 ], [ 149.317498507000096, -49.309 ], [ 149.11749850700005, -49.047 ], [ 148.717498507000073, -48.802 ], [ 148.202498506000097, -48.727 ], [ 148.071761665000054, -48.724 ], [ 147.448, -48.724 ], [ 147.401741118000018, -48.708625132999948 ], [ 147.374498507000112, -48.708 ], [ 146.755644146, -48.527104109999982 ], [ 146.771, -48.499 ], [ 146.714, -47.869 ], [ 146.657, -47.386 ], [ 146.657, -46.84 ], [ 146.486000000000104, -46.248 ], [ 146.343, -45.711 ], [ 146.057, -45.289 ], [ 145.743, -44.721 ], [ 145.667697190000013, -44.659060513 ], [ 145.714, -44.68 ], [ 145.939933769000049, -44.747187301999929 ] ] ] } },
{ "type": "Feature", "properties": { "ANCHOR": 0, "TIME": 600.0, "FILE1": "Global_EarthByte_GPlates_PresentDay_StaticPlatePolygons.gpmlz", "RECONFILE1": "Zahirovic_etal_2022_OptimisedMantleRef_and_NNRMantleRef.rot", "OBJECTID_1": "440", "PLATEID1": 887, "FROMAGE": 600.0, "TOAGE": -999.0, "NAME": "East Tasman Plateau", "PLATEID2": 0, "GPGIM_TYPE": "gpml:ClosedContinentalBoundary", "L_PLATE": 0, "R_PLATE": 0, "SPREAD_ASY": 0.0, "IMPORT_AGE": 0.0, "Shape_Leng": 14.676866643, "Shape_Area": 7.3529635110799996, "FEATURE_ID": "GPlates-f4ff291e-c656-4310-896c-94579392a4ca" }, "geometry": { "type": "Polygon", "coordinates": [ [ [ 151.020631, -44.955679 ], [ 150.767223, -45.043296 ], [ 150.472908, -45.096176 ], [ 150.214198, -45.118108 ], [ 149.972667000000115, -45.123149 ], [ 149.765439, -45.117584 ], [ 149.529059, -45.077414 ], [ 149.309691, -45.030289 ], [ 149.156305, -45.023579 ], [ 148.938532, -45.018366 ], [ 148.896497970000041, -45.023968982999968 ], [ 148.772661, -45.040476 ], [ 148.615686, -45.086782 ], [ 148.474916000000121, -45.174876 ], [ 148.331664, -45.307833 ], [ 148.257546, -45.418122 ], [ 148.204646, -45.553092 ], [ 148.205429, -45.665203 ], [ 148.236099053000089, -45.752255799999944 ], [ 148.000000000000114, -45.49 ], [ 147.8, -45.147 ], [ 147.686, -44.884 ], [ 147.697547098000086, -44.823046567999938 ], [ 147.829, -44.803 ], [ 147.965108636000082, -44.741014219999954 ], [ 148.143, -44.66 ], [ 148.286, -44.476 ], [ 148.371, -44.271 ], [ 148.401007794000066, -44.184814823999943 ], [ 148.457000000000107, -44.024 ], [ 148.629, -43.714 ], [ 148.943, -43.215 ], [ 149.114, -42.88 ], [ 149.229, -42.606 ], [ 149.257, -42.225 ], [ 149.286, -41.905 ], [ 149.343, -41.563 ], [ 149.314, -41.219 ], [ 149.314, -41.181625347999955 ], [ 149.347896000000105, -40.972626 ], [ 149.382286, -41.120788 ], [ 149.42178, -41.258352 ], [ 149.47518, -41.367744 ], [ 149.52444800000012, -41.479614 ], [ 149.587151, -41.558808 ], [ 149.667573, -41.675517 ], [ 149.707655, -41.782134 ], [ 149.702598, -41.892611 ], [ 149.605664, -42.057418 ], [ 149.5616950000001, -42.191677 ], [ 149.571725, -42.302236 ], [ 149.605574, -42.420407 ], [ 149.66686, -42.535752 ], [ 149.76285, -42.643273 ], [ 149.855601, -42.70446 ], [ 149.981239, -42.769208 ], [ 150.135105, -42.828136 ], [ 150.29956, -42.866421 ], [ 150.467297, -42.878295 ], [ 150.8, -42.88 ], [ 151.03, -42.89 ], [ 151.19, -42.9 ], [ 151.201976562000027, -42.90276382199994 ], [ 151.226248608000105, -42.908365062999962 ], [ 151.32, -42.93 ], [ 151.43, -42.97 ], [ 151.500000000000114, -43.01 ], [ 151.544, -43.059 ], [ 151.60144, -43.321959 ], [ 151.561883529000056, -43.525811454999939 ], [ 151.559851, -43.536286 ], [ 151.52389, -43.700353 ], [ 151.519093000000112, -43.853068 ], [ 151.469965000000116, -44.025746 ], [ 151.433084000000122, -44.150092 ], [ 151.400134, -44.293239 ], [ 151.39643, -44.40837 ], [ 151.4192, -44.509231 ], [ 151.407548, -44.623696 ], [ 151.342948, -44.720389 ], [ 151.234966, -44.813212 ], [ 151.105670388000021, -44.899153903999945 ], [ 151.020631, -44.955679 ] ] ] } },
{ "type": "Feature", "properties": { "ANCHOR": 0, "TIME": 600.0, "FILE1": "Global_EarthByte_GPlates_PresentDay_StaticPlatePolygons.gpmlz", "RECONFILE1": "Zahirovic_etal_2022_OptimisedMantleRef_and_NNRMantleRef.rot", "OBJECTID_1": "458", "PLATEID1": 401, "FROMAGE": 600.0, "TOAGE": -999.0, "NAME": "Peri_Siberia", "PLATEID2": 0, "GPGIM_TYPE": "gpml:ClosedContinentalBoundary", "L_PLATE": 0, "R_PLATE": 0, "SPREAD_ASY": 0.0, "IMPORT_AGE": 0.0, "Shape_Leng": 21.592304249600001, "Shape_Area": 7.9372444168599996, "FEATURE_ID": "GPlates-5632b759-fa68-4f32-aa83-1dc6771c8cee" }, "geometry": { "type": "Polygon", "coordinates": [ [ [ 92.159089062000078, 46.256189167000045 ], [ 92.593627930000082, 46.227645874000075 ], [ 94.228950500000053, 46.057331085000051 ], [ 94.403274536000083, 46.025516510000045 ], [ 95.030014038000047, 45.851669312000055 ], [ 95.453369141000053, 45.58549881000004 ], [ 95.724436822000087, 45.462606141000037 ], [ 96.136718771000062, 45.126529200000057 ], [ 96.53953412900006, 44.859451955000054 ], [ 96.992992688000072, 44.618108816000074 ], [ 97.512767102000055, 44.393694375000059 ], [ 97.459934005000036, 44.368903995000039 ], [ 94.801940009000091, 44.733943355000065 ], [ 93.862035076000055, 44.900922633000057 ], [ 93.700499914000034, 44.90209416600004 ], [ 93.595153029000087, 44.939192139000063 ], [ 93.088292423000041, 44.997510958000078 ], [ 92.956693483000038, 45.005456796000026 ], [ 92.749342651000063, 45.026024468000053 ], [ 91.999592174000043, 45.063245805000058 ], [ 91.646207433000086, 45.178614756000066 ], [ 91.271957397000051, 45.499450684000067 ], [ 90.919158936000031, 45.76312255900006 ], [ 90.649375916000054, 45.943042755000079 ], [ 90.437690735000061, 46.058811188000057 ], [ 90.051689148000037, 46.206058502000076 ], [ 89.354339792000076, 46.416289222000032 ], [ 88.918927540000084, 46.586676093000037 ], [ 88.45055272500008, 46.82429041100005 ], [ 87.421429161000063, 47.438146580000087 ], [ 87.46949339300005, 47.488482760000053 ], [ 87.712547302000075, 47.48038101200008 ], [ 88.119300842000087, 47.387393951000043 ], [ 89.161094666000054, 47.25608062700006 ], [ 89.480690002000074, 47.188179016000042 ], [ 90.285903931000064, 46.758247375000053 ], [ 90.705116272000055, 46.48068618800005 ], [ 91.015021207000075, 46.321028110000029 ], [ 91.74009178600005, 46.256403696000078 ], [ 92.071836899000061, 46.245022925000043 ], [ 92.159089062000078, 46.256189167000045 ] ] ] } },
{ "type": "Feature", "properties": { "ANCHOR": 0, "TIME": 600.0, "FILE1": "Global_EarthByte_GPlates_PresentDay_StaticPlatePolygons.gpmlz", "RECONFILE1": "Zahirovic_etal_2022_OptimisedMantleRef_and_NNRMantleRef.rot", "OBJECTID_1": "459", "PLATEID1": 401, "FROMAGE": 600.0, "TOAGE": -999.0, "NAME": "Ertix (Siberia)", "PLATEID2": 0, "GPGIM_TYPE": "gpml:ClosedContinentalBoundary", "L_PLATE": 0, "R_PLATE": 0, "SPREAD_ASY": 0.0, "IMPORT_AGE": 0.0, "Shape_Leng": 17.617684588700001, "Shape_Area": 9.1383672601200008, "FEATURE_ID": "GPlates-e9ed06c5-538f-46e5-aafe-80d09d021bfd" }, "geometry": { "type": "Polygon", "coordinates": [ [ [ 89.776136905000044, 48.702845679000063 ], [ 90.057617187000062, 48.310539246000062 ], [ 90.211196899000072, 48.134319305000083 ], [ 90.472671509000065, 47.732444763000046 ], [ 90.622100830000079, 47.548606873000011 ], [ 90.771522522000055, 47.317543030000081 ], [ 91.423164368000073, 46.668266296000063 ], [ 91.722000122000068, 46.429027557000026 ], [ 91.809165955000083, 46.385936737000065 ], [ 92.120452881000062, 46.296775818000079 ], [ 92.159089062000078, 46.256189167000045 ], [ 92.071836899000061, 46.245022925000043 ], [ 91.74009178600005, 46.256403696000078 ], [ 91.015021207000075, 46.321028110000029 ], [ 90.705116272000055, 46.48068618800005 ], [ 90.285903931000064, 46.758247375000053 ], [ 89.480690002000074, 47.188179016000042 ], [ 89.161094666000054, 47.25608062700006 ], [ 88.119300842000087, 47.387393951000043 ], [ 87.712547302000075, 47.48038101200008 ], [ 87.46949339300005, 47.488482760000053 ], [ 87.421429161000063, 47.438146580000087 ], [ 86.918037301000084, 47.150794594000047 ], [ 85.989921578000065, 47.021588687000076 ], [ 84.75863425700004, 47.031640204000034 ], [ 84.757587629000071, 47.030327901000071 ], [ 84.551958489000071, 47.041950876000044 ], [ 86.351886233000073, 49.06971757500002 ], [ 88.030716539000082, 48.878941404000045 ], [ 89.776136905000044, 48.702845679000063 ] ] ] } },
{ "type": "Feature", "properties": { "ANCHOR": 0, "TIME": 600.0, "FILE1": "Global_EarthByte_GPlates_PresentDay_StaticPlatePolygons.gpmlz", "RECONFILE1": "Zahirovic_etal_2022_OptimisedMantleRef_and_NNRMantleRef.rot", "OBJECTID_1": "460", "PLATEID1": 453, "FROMAGE": 600.0, "TOAGE": -999.0, "NAME": "Hutang Uul-Songliao", "PLATEID2": 0, "GPGIM_TYPE": "gpml:ClosedContinentalBoundary", "L_PLATE": 0, "R_PLATE": 0, "SPREAD_ASY": 0.0, "IMPORT_AGE": 0.0, "Shape_Leng": 59.2016090308, "Shape_Area": 48.332456951700003, "FEATURE_ID": "GPlates-f3bd13d7-bf6f-4feb-935e-dc0c762d0f45" }, "geometry": { "type": "Polygon", "coordinates": [ [ [ 130.68828204700003, 43.398966477000045 ], [ 129.78598622800007, 43.480993370000078 ], [ 125.771948657000067, 43.737208534000047 ], [ 123.636822289000051, 43.822613588000074 ], [ 120.93232889, 43.851081940000029 ], [ 119.081886038000121, 43.851081940000029 ], [ 117.544595054000055, 43.623335127000082 ], [ 115.608747147000045, 43.281714909000073 ], [ 112.448760123000056, 42.854689635000057 ], [ 110.285165404000068, 42.683879526000055 ], [ 108.312737409000079, 42.633236388000057 ], [ 106.301411512000087, 42.458652832000048 ], [ 106.217679697000051, 42.479254273000038 ], [ 105.980276579000076, 42.581380424000031 ], [ 104.90358380000005, 43.122912539000026 ], [ 104.964309692000086, 43.137725830000086 ], [ 105.528800964000084, 43.037281036000024 ], [ 106.212173671000073, 43.018419061000024 ], [ 106.456240887000035, 43.034493050000037 ], [ 106.765203810000074, 43.093102026000054 ], [ 107.461877185000048, 43.276183474000042 ], [ 109.184950359000084, 43.805064696000045 ], [ 111.009239197000056, 43.686164856000062 ], [ 111.395240784000066, 43.702739716000053 ], [ 111.656187765000084, 43.777528054000086 ], [ 113.174563823000085, 43.932451878000045 ], [ 114.030652859000057, 44.04509517300005 ], [ 115.990646180000098, 44.337967738000046 ], [ 118.01822547800009, 45.148999457000066 ], [ 119.978218798000071, 46.005088493000081 ], [ 121.397524306000037, 46.072674470000038 ], [ 122.02832675500008, 46.117731788000064 ], [ 124.033377393000038, 46.433133012000049 ], [ 125.970842055000062, 46.883706189000073 ], [ 128.020950011000082, 47.582094614000027 ], [ 130.003471991000083, 48.100253767000019 ], [ 131.281212283000059, 48.611349884000042 ], [ 130.982631274000028, 47.995526553000047 ], [ 130.325993267000058, 46.235736694000074 ], [ 130.089603584000088, 45.447771085000063 ], [ 129.905744942000069, 44.607274436000075 ], [ 130.010807024000087, 44.05569851000007 ], [ 130.352258787000096, 44.081964030000051 ], [ 130.614913990000105, 43.477857064000034 ], [ 130.68828204700003, 43.398966477000045 ] ] ] } },
{ "type": "Feature", "properties": { "ANCHOR": 0, "TIME": 600.0, "FILE1": "Global_EarthByte_GPlates_PresentDay_StaticPlatePolygons.gpmlz", "RECONFILE1": "Zahirovic_etal_2022_OptimisedMantleRef_and_NNRMantleRef.rot", "OBJECTID_1": "461", "PLATEID1": 401, "FROMAGE": 600.0, "TOAGE": -999.0, "NAME": "Altai Sayan (Siberian Terranes)", "PLATEID2": 0, "GPGIM_TYPE": "gpml:ClosedContinentalBoundary", "L_PLATE": 0, "R_PLATE": 0, "SPREAD_ASY": 0.0, "IMPORT_AGE": 0.0, "Shape_Leng": 14.493231014, "Shape_Area": 8.7854809684500008, "FEATURE_ID": "GPlates-19ca1755-7598-4743-8642-973437260894" }, "geometry": { "type": "Polygon", "coordinates": [ [ [ 83.650669270000037, 56.742245609000065 ], [ 84.398244440000042, 56.651396580000032 ], [ 84.615934372000083, 56.633226395000065 ], [ 84.833592562000035, 56.617973356000057 ], [ 85.117390915000044, 56.559930766000036 ], [ 84.963859844000069, 56.327800028000063 ], [ 84.791783068000086, 56.111377503000021 ], [ 84.598099194000042, 55.907434261000049 ], [ 84.39083839400007, 55.724425827000054 ], [ 82.357245567000064, 54.579295885000079 ], [ 81.746763958000031, 54.312809335000054 ], [ 81.06761657100003, 53.955182965000056 ], [ 80.67137802600007, 53.775692966000065 ], [ 80.614569988000085, 53.743057031000042 ], [ 80.435995982000065, 53.67800822800006 ], [ 79.412890915000048, 53.34088061500006 ], [ 79.32557494100007, 53.315733222000063 ], [ 79.310815399000035, 53.313569066000071 ], [ 79.261732101000064, 53.313787460000064 ], [ 79.316331863000073, 53.615667343000034 ], [ 79.42078590400007, 53.969305038000066 ], [ 79.547174454000071, 54.279508591000067 ], [ 79.70349510300008, 54.575689079000028 ], [ 79.731328216000065, 54.619205206000068 ], [ 79.919458389000056, 54.900556564000055 ], [ 80.038827896000043, 55.042715073000068 ], [ 80.536690771000067, 55.468394355000044 ], [ 81.224770318000083, 55.919981326000027 ], [ 81.906887011000038, 56.358323636000073 ], [ 82.010180484000045, 56.439915501000037 ], [ 82.181607213000063, 56.63529029700004 ], [ 82.474668952000059, 56.933513319000035 ], [ 83.650669270000037, 56.742245609000065 ] ] ] } },
{ "type": "Feature", "properties": { "ANCHOR": 0, "TIME": 600.0, "FILE1": "Global_EarthByte_GPlates_PresentDay_StaticPlatePolygons.gpmlz", "RECONFILE1": "Zahirovic_etal_2022_OptimisedMantleRef_and_NNRMantleRef.rot", "OBJECTID_1": "462", "PLATEID1": 401, "FROMAGE": 600.0, "TOAGE": -999.0, "NAME": "Patom (Siberia)", "PLATEID2": 0, "GPGIM_TYPE": "gpml:ClosedContinentalBoundary", "L_PLATE": 0, "R_PLATE": 0, "SPREAD_ASY": 0.0, "IMPORT_AGE": 0.0, "Shape_Leng": 33.2395292673, "Shape_Area": 17.407678410300001, "FEATURE_ID": "GPlates-7291489d-7353-46e4-bce1-82a70a0bb82f" }, "geometry": { "type": "Polygon", "coordinates": [ [ [ 117.610881984000116, 58.062595764000044 ], [ 116.716344651000099, 58.109047131000075 ], [ 115.893903565000073, 58.092762463 ], [ 114.502430839000112, 57.959243931000053 ], [ 114.155731145000118, 57.910340980000058 ], [ 113.807430131000046, 57.840700740000024 ], [ 113.357161195000117, 57.72422381300003 ], [ 112.934341081000071, 57.581630300000036 ], [ 109.988181817000054, 56.354746231000043 ], [ 109.640577940000071, 56.177429407000034 ], [ 109.403148238000085, 56.052370239000034 ], [ 109.201177677000032, 55.933543546000067 ], [ 109.110039265000069, 55.85987118000002 ], [ 108.981178514000078, 55.675911903000042 ], [ 108.890902503000063, 55.461277427000027 ], [ 108.855227383000056, 55.28969517500007 ], [ 108.841200613000069, 54.834659116000068 ], [ 108.80595786400005, 54.736777992000043 ], [ 108.714126659000044, 54.609613402000036 ], [ 108.535802450000062, 54.397922017000035 ], [ 108.147681312000088, 54.031576625000064 ], [ 107.970258717000036, 53.877639687000055 ], [ 107.870600425000077, 53.785957214000064 ], [ 107.772947701000078, 53.706446984000081 ], [ 107.68158532800004, 53.62717836500007 ], [ 107.500690750000047, 53.484771522000067 ], [ 107.402712034000047, 53.40499586400005 ], [ 107.293681311000057, 53.321806101000043 ], [ 106.78122961400004, 52.93899446000006 ], [ 106.409152729000084, 52.683909876000051 ], [ 106.343578120000075, 52.644111120000048 ], [ 106.250008104000074, 52.581860033000055 ], [ 105.594276428000057, 52.189342499000077 ], [ 105.429748535000044, 52.106647491000039 ], [ 105.300880432000042, 52.063545227000077 ], [ 104.755084241000077, 51.949251181000079 ], [ 104.722027013000059, 52.041015344000073 ], [ 104.947776657000077, 52.148109645000034 ], [ 105.956207276000058, 52.789710999000071 ], [ 106.186963022000043, 52.916742132000074 ], [ 106.600115, 53.295682 ], [ 106.862912, 53.475667 ], [ 107.232355, 53.793881 ], [ 107.64369, 54.097371 ], [ 107.750334, 54.194689 ], [ 107.891254, 54.379741 ], [ 107.956001, 54.484159 ], [ 107.986471, 54.568387 ], [ 108.119775, 54.748446 ], [ 108.214992, 54.97486 ], [ 108.45113, 55.827069 ], [ 108.512069, 56.159189 ], [ 108.601573500000086, 56.416166500000031 ], [ 108.904363, 56.799188 ], [ 109.186205, 57.104251 ], [ 109.780358, 57.585315 ], [ 110.092669, 57.816871 ], [ 110.431642, 58.029766 ], [ 110.676931916000058, 58.166132351000044 ], [ 110.915343, 58.30865 ], [ 111.570435, 58.662866 ], [ 113.406216, 59.471313 ], [ 114.213654, 59.756122 ], [ 114.605946, 59.857869 ], [ 114.872554, 59.888524 ], [ 115.539071, 59.879905 ], [ 115.798061, 59.893311 ], [ 116.148459000000116, 59.960261 ], [ 116.606099517000075, 60.148770777000038 ], [ 116.755746951000106, 60.184909499000064 ], [ 116.884158787000047, 60.177443655000047 ], [ 116.999807489000105, 60.148912389000024 ], [ 117.317513640000016, 59.993088359000055 ], [ 117.388171006000093, 59.941831717000078 ], [ 117.473192654000059, 59.85898550100007 ], [ 117.53759540700004, 59.775007227000067 ], [ 117.583991776000076, 59.687325838000042 ], [ 117.617563697000023, 59.593839980000034 ], [ 117.647336024000097, 59.439413455000064 ], [ 117.664723630000026, 58.914078831000026 ], [ 117.65234044400006, 58.498147424000074 ], [ 117.610881984000116, 58.062595764000044 ] ] ] } },
{ "type": "Feature", "properties": { "ANCHOR": 0, "TIME": 600.0, "FILE1": "Global_EarthByte_GPlates_PresentDay_StaticPlatePolygons.gpmlz", "RECONFILE1": "Zahirovic_etal_2022_OptimisedMantleRef_and_NNRMantleRef.rot", "OBJECTID_1": "476", "PLATEID1": 404, "FROMAGE": 600.0, "TOAGE": -999.0, "NAME": "Kara Block", "PLATEID2": 0, "GPGIM_TYPE": "gpml:ClosedContinentalBoundary", "L_PLATE": 0, "R_PLATE": 0, "SPREAD_ASY": 0.0, "IMPORT_AGE": 0.0, "Shape_Leng": 23.1138226731, "Shape_Area": 1.1584832926, "FEATURE_ID": "GPlates-3eaf703b-e4d3-48df-a724-35921843f842" }, "geometry": { "type": "Polygon", "coordinates": [ [ [ 93.829913850000082, 81.974833878000069 ], [ 91.484887675000039, 81.993579196000042 ], [ 85.433814858000062, 82.207406419000051 ], [ 82.281647168000063, 82.322101317000062 ], [ 85.532865576000063, 82.388909475000048 ], [ 88.608813058000067, 82.221031877000016 ], [ 93.353457311000057, 81.981544923000087 ], [ 93.829913850000082, 81.974833878000069 ] ] ] } },
{ "type": "Feature", "properties": { "ANCHOR": 0, "TIME": 600.0, "FILE1": "Global_EarthByte_GPlates_PresentDay_StaticPlatePolygons.gpmlz", "RECONFILE1": "Zahirovic_etal_2022_OptimisedMantleRef_and_NNRMantleRef.rot", "OBJECTID_1": "478", "PLATEID1": 714, "FROMAGE": 600.0, "TOAGE": -999.0, "NAME": "Northwest Africa", "PLATEID2": 0, "GPGIM_TYPE": "gpml:ClosedContinentalBoundary", "L_PLATE": 0, "R_PLATE": 0, "SPREAD_ASY": 0.0, "IMPORT_AGE": 0.0, "Shape_Leng": 110.427422298, "Shape_Area": 749.43260571799999, "FEATURE_ID": "GPlates-5c5e9051-4194-4247-9fe5-c222acaa1d1a" }, "geometry": { "type": "Polygon", "coordinates": [ [ [ 6.589070169000022, 35.781925589000025 ], [ 9.916176641000048, 34.20037128000007 ], [ 9.893968913000039, 33.966376020000048 ], [ 9.800021867000059, 33.334209059000052 ], [ 9.786981964000063, 33.246463926000047 ], [ 9.51926904000004, 31.696680943000047 ], [ 9.466399374000048, 30.58666169900004 ], [ 9.467521975000068, 29.228098653000075 ], [ 9.360487458000021, 28.518109084000059 ], [ 9.415185385000035, 27.420055248000047 ], [ 9.41661767300007, 25.630359854000062 ], [ 9.847709869000028, 24.798749914000041 ], [ 10.494062263000046, 23.912042874000065 ], [ 10.925047189000054, 23.218092370000022 ], [ 11.571322163000048, 22.420516736000025 ], [ 12.002336934000018, 21.668557274000023 ], [ 12.326055081000051, 20.50784138400007 ], [ 12.595626112000048, 19.796899440000061 ], [ 13.457354834000057, 18.673235796000029 ], [ 13.673186826000061, 17.851230700000031 ], [ 14.588916701000072, 16.455416613000068 ], [ 14.75079512700006, 15.831725221000056 ], [ 14.751491915000031, 14.89254386500005 ], [ 14.429399612000054, 13.896670709000036 ], [ 13.730904180000039, 12.579722792000041 ], [ 13.516108501000076, 11.998051505000035 ], [ 13.086371174000019, 11.043499998000073 ], [ 12.464324956000041, 10.259231727000042 ], [ 11.582236540000054, 9.697337068000024 ], [ 7.009392045000027, 6.784413586000028 ], [ 5.552085116000057, 5.86939469500004 ], [ 5.552453522000065, 5.869262069000058 ], [ 5.308241286000055, 5.715270428000053 ], [ 5.288, 5.723 ], [ 4.9795, 5.8254 ], [ 4.8475, 6.0923 ], [ 4.6453, 6.1378 ], [ 4.5142, 5.9663 ], [ 4.534493467000061, 5.951417904000039 ], [ 4.4656, 5.8482 ], [ 4.2405, 5.7638 ], [ 3.9873, 5.7215 ], [ 3.6918, 5.7919 ], [ 3.3682, 5.6653 ], [ 2.9743, 5.6371 ], [ 2.5691, 5.8444 ], [ 2.2004, 5.7497 ], [ 1.8909, 5.6793 ], [ 1.5954, 5.7919 ], [ 1.469, 5.8131 ], [ 1.2409, 5.7667 ], [ 1.1002, 5.6561 ], [ 0.9667, 5.5955 ], [ 0.8211, 5.5664 ], [ 0.816352107000057, 5.566473144000042 ], [ 0.6004, 5.5698 ], [ 0.2988, 5.5845 ], [ 0.127, 5.3777 ], [ -0.0665, 5.2349 ], [ -0.1722, 5.1147 ], [ -0.355494136999937, 4.937475865000067 ], [ -0.3564, 4.9366 ], [ -0.5759, 4.7102 ], [ -0.7736, 4.5321 ], [ -0.9218, 4.402 ], [ -1.1395, 4.2797 ], [ -1.4553, 4.1168 ], [ -1.6444, 4.0357 ], [ -1.9104, 3.9346 ], [ -2.078320401999974, 3.848097033000045 ], [ -2.103558353999972, 3.835095886000033 ], [ -2.140674641999965, 3.815975701000071 ], [ -2.2538, 3.7577 ], [ -2.4356, 3.6902 ], [ -2.5691, 3.5874 ], [ -3.1846, 3.3295 ], [ -3.340167224999959, 3.342196084000022 ], [ -3.3788, 3.4079 ], [ -3.3336, 3.7551 ], [ -3.1573, 3.9619 ], [ -3.1118, 4.3298 ], [ -3.2353, 4.5257 ], [ -3.464, 4.6808 ], [ -3.8073, 4.8492 ], [ -4.0414, 4.8667 ], [ -4.2856, 4.8688 ], [ -4.4253, 4.856 ], [ -4.6835, 4.872 ], [ -4.8578, 4.8942 ], [ -5.1023, 4.882 ], [ -5.3053, 4.8209 ], [ -5.7816, 4.6085 ], [ -6.822366352999944, 4.297488175000069 ], [ -7.2085, 4.1821 ], [ -7.505469218999963, 4.148330016000046 ], [ -7.7546, 4.12 ], [ -8.5652, 4.3667 ], [ -8.7971, 4.393 ], [ -9.0411, 4.3427 ], [ -9.5476, 4.2864 ], [ -9.6602, 4.4975 ], [ -9.7198, 4.75 ], [ -9.89, 4.8145 ], [ -10.1654, 4.8625 ], [ -10.2629, 4.9834 ], [ -10.4333, 5.0719 ], [ -10.8067, 5.2241 ], [ -11.3408, 5.4927 ], [ -11.5569, 5.5626 ], [ -11.706496592999956, 5.736802013000045 ], [ -11.8311, 5.8819 ], [ -12.1642, 6.0474 ], [ -12.2407, 6.2352 ], [ -12.237274612999952, 6.343505802000038 ], [ -12.231, 6.5419 ], [ -12.1602, 6.791 ], [ -12.3312, 6.8464 ], [ -12.632, 6.8765 ], [ -12.88805424199994, 6.869210433000035 ], [ -13.0219, 6.8654 ], [ -13.128, 6.921 ], [ -13.2993, 6.9921 ], [ -13.4943, 6.9822 ], [ -13.8115, 6.9872 ], [ -13.9428, 7.1069 ], [ -14.0848, 7.4453 ], [ -14.4948, 7.4214 ], [ -14.5786, 7.5576 ], [ -14.662, 8.1448 ], [ -14.7749, 8.3935 ], [ -14.8398, 8.4778 ], [ -14.9286, 8.5307 ], [ -15.3198, 8.6067 ], [ -15.7239, 8.7251 ], [ -15.9904, 8.7617 ], [ -16.1629, 8.6215 ], [ -16.5678, 8.6841 ], [ -16.8979, 8.8374 ], [ -17.1705, 8.9427 ], [ -17.4386, 9.0255 ], [ -17.833541035999929, 9.284181867000029 ], [ -17.848422785999958, 9.862269088000062 ], [ -17.873862558999974, 10.153009350000048 ], [ -17.890063353999956, 10.338161289000029 ], [ -17.884301961999938, 10.706890367000028 ], [ -17.699706472999935, 11.016307676000054 ], [ -17.56288746499996, 11.239382145000036 ], [ -17.5542, 12.0732 ], [ -17.539092854999978, 12.269688761000054 ], [ -17.572760017999933, 12.334095508000075 ], [ -17.675911862999953, 12.53142947200007 ], [ -17.69089647299996, 12.772029295000038 ], [ -17.660695818999955, 13.047625580000044 ], [ -17.625348316999975, 13.370189476000064 ], [ -17.554916270999968, 13.592907026000034 ], [ -17.541591288999939, 13.832756696000047 ], [ -17.600259473999927, 14.003872234000028 ], [ -17.632962591999938, 14.099256328000024 ], [ -17.663419692999984, 14.25915610800007 ], [ -17.560626976999973, 14.49101078800004 ], [ -17.490194931999952, 14.635682017000022 ], [ -17.381978168999975, 15.041358822000065 ], [ -17.252843695999964, 15.408411979000048 ], [ -17.151121737999965, 15.79031547100004 ], [ -17.074384120999969, 16.317485056000066 ], [ -17.076809503999982, 16.562448792000055 ], [ -17.089819247999969, 17.144897118000074 ], [ -17.138046234999933, 17.674051555000062 ], [ -17.188598248999931, 18.084948691000022 ], [ -17.203117015999965, 18.255116040000075 ], [ -17.232512602999957, 18.599647306000065 ], [ -17.258197483999936, 18.930847079000049 ], [ -17.297480707999966, 19.066270827000039 ], [ -17.336409440999944, 19.24507154000003 ], [ -17.359919441999981, 19.426964699000052 ], [ -17.361704036999981, 19.662531338000065 ], [ -17.36041671199996, 19.89386367000003 ], [ -17.358134845999928, 20.303915052000036 ], [ -17.388472973999971, 20.434190543000057 ], [ -17.425949483999943, 20.952437150000037 ], [ -17.474133569999935, 21.116619959000047 ], [ -17.522317654999949, 21.254033832000061 ], [ -17.59370148499994, 21.552061323000036 ], [ -17.622100651999972, 21.779086702000029 ], [ -17.648228410999934, 21.987954248000051 ], [ -17.629814669999973, 22.197467708000033 ], [ -17.565352304999983, 22.483783250000045 ], [ -17.454503016999979, 22.834471832000077 ], [ -17.327796717999949, 22.991516259000033 ], [ -17.122568205999979, 23.226369060000025 ], [ -17.117537774999949, 23.231103583000042 ], [ -16.940539438999963, 23.397690252000075 ], [ -16.908104038999966, 23.451881104000059 ], [ -16.794202586999972, 23.642179871000053 ], [ -16.722997216999943, 23.768172331000073 ], [ -16.658751769999981, 23.969831651000053 ], [ -16.557029811999939, 24.176844759000062 ], [ -16.516208472999949, 24.368478266000068 ], [ -16.492784363999927, 24.478441441000029 ], [ -16.382020551999979, 24.594979670000043 ], [ -16.116234659999975, 24.874621699000045 ], [ -15.934673102999966, 25.078070699000023 ], [ -15.805358079999964, 25.222974790000023 ], [ -15.578714418999937, 25.421064919000059 ], [ -15.309240459999947, 25.752285891000039 ], [ -15.24499501299994, 25.855792444000038 ], [ -15.141488458999961, 25.986067934000069 ], [ -14.971951862999957, 26.123481807000076 ], [ -14.726063482999962, 26.386408314000054 ], [ -14.127659610999956, 27.065391447000025 ], [ -14.029506844999956, 27.470494683000027 ], [ -13.997384120999984, 27.570432045000075 ], [ -13.947666967999965, 27.756871369000066 ], [ -13.92600029099998, 27.838121408000063 ], [ -13.849262673999931, 27.934489579000058 ], [ -13.810599535999927, 28.047717339000034 ], [ -13.722093384999939, 28.30691392500006 ], [ -13.699356629999954, 28.373500135000029 ], [ -13.63154199099996, 28.641189498000077 ], [ -13.522681649999981, 28.798233924000044 ], [ -13.431496213999946, 28.881053724000026 ], [ -13.328160712999932, 28.97490890400007 ], [ -12.921272880999936, 29.248308973000068 ], [ -12.717472045999957, 29.387507442000075 ], [ -12.508674342999939, 29.514213741000052 ], [ -12.44621349099998, 29.590951358000041 ], [ -12.27667689499998, 29.664119784000039 ], [ -12.11784787299996, 29.710519274000035 ], [ -11.95080970999993, 29.817951938000075 ], [ -11.829457198999933, 29.919673896000067 ], [ -11.775919325999952, 30.017826663000051 ], [ -11.645643835999975, 30.05530317400007 ], [ -11.301216854999948, 30.167732706000038 ], [ -11.217993195999952, 30.212097681000046 ], [ -11.2264, 30.1943 ], [ -11.2987, 30.1228 ], [ -11.337148950999966, 30.058376646000053 ], [ -11.225010094999959, 30.082800481000056 ], [ -10.807311822999964, 30.167334655000047 ], [ -9.60948425799995, 30.389939778000041 ], [ -9.592000128999928, 30.367583023000069 ], [ -9.515510200999923, 30.397359646000037 ], [ -8.506309270999964, 30.741399662000049 ], [ -7.244810137999934, 31.429489584000066 ], [ -5.180529069999977, 32.163459773000049 ], [ -4.194269155999962, 32.27814083800007 ], [ -2.107059079999942, 32.324008743000029 ], [ -1.143730115999972, 32.461631708000027 ], [ 0.048969807000049, 32.966228641000043 ], [ 1.172850919000041, 33.356147688000085 ], [ 2.571970897000028, 34.067180746000076 ], [ 4.590369932000044, 34.98464162700003 ], [ 6.047991064000029, 35.558052603000071 ], [ 6.045735213000061, 35.627613144000073 ], [ 6.045671763000032, 35.629569671000077 ], [ 6.132314966000023, 35.622116794000085 ], [ 6.266059891000055, 35.666641752000025 ], [ 6.41689089700003, 35.798900693000078 ], [ 6.489610388000075, 35.829204222000044 ], [ 6.589070169000022, 35.781925589000025 ] ] ] } },
{ "type": "Feature", "properties": { "ANCHOR": 0, "TIME": 600.0, "FILE1": "Global_EarthByte_GPlates_PresentDay_StaticPlatePolygons.gpmlz", "RECONFILE1": "Zahirovic_etal_2022_OptimisedMantleRef_and_NNRMantleRef.rot", "OBJECTID_1": "492", "PLATEID1": 60405, "FROMAGE": 600.0, "TOAGE": -999.0, "NAME": "Indochina", "PLATEID2": 0, "GPGIM_TYPE": "gpml:ClosedContinentalBoundary", "L_PLATE": 0, "R_PLATE": 0, "SPREAD_ASY": 0.0, "IMPORT_AGE": 0.0, "Shape_Leng": 17.751786324600001, "Shape_Area": 7.6572923317299999, "FEATURE_ID": "GPlates-600c9f4b-909b-4c8c-bdd6-206fb4fd371e" }, "geometry": { "type": "Polygon", "coordinates": [ [ [ 109.523764092000079, 17.064568433000034 ], [ 109.622001685000043, 16.765150063000021 ], [ 108.699218529000063, 17.059063423000058 ], [ 107.001361202000055, 17.802093946000074 ], [ 106.828735661000053, 17.887721566000039 ], [ 105.745240226000078, 18.487511237000035 ], [ 104.510864258000083, 19.17327880900007 ], [ 104.084045410000044, 19.428710937000062 ], [ 103.621643066000047, 19.732971191000047 ], [ 103.193906946000084, 20.10236508800006 ], [ 103.071216651000043, 20.21580582200005 ], [ 102.844604492000087, 20.438964844000054 ], [ 102.82061767600004, 20.488220215000073 ], [ 102.795288086000085, 20.712219238000046 ], [ 103.026062012000068, 21.293029785000044 ], [ 103.135947929000054, 21.936587002000064 ], [ 103.292724609000061, 21.626098633000026 ], [ 103.426025391000053, 21.435791016000053 ], [ 103.854187012000068, 21.112182617000034 ], [ 104.755310059000067, 20.506530762000068 ], [ 105.544006348000039, 19.946411133000026 ], [ 106.059875488000046, 19.532348633000026 ], [ 106.591235865000044, 19.143863358000033 ], [ 106.836627883000062, 18.970267943000067 ], [ 108.249558340000078, 18.083823761000076 ], [ 108.47991604300006, 17.963136543000076 ], [ 108.811889648000033, 17.802246094000054 ], [ 109.523764092000079, 17.064568433000034 ] ] ] } },
{ "type": "Feature", "properties": { "ANCHOR": 0, "TIME": 600.0, "FILE1": "Global_EarthByte_GPlates_PresentDay_StaticPlatePolygons.gpmlz", "RECONFILE1": "Zahirovic_etal_2022_OptimisedMantleRef_and_NNRMantleRef.rot", "OBJECTID_1": "493", "PLATEID1": 60404, "FROMAGE": 600.0, "TOAGE": -999.0, "NAME": "Indochina", "PLATEID2": 0, "GPGIM_TYPE": "gpml:ClosedContinentalBoundary", "L_PLATE": 0, "R_PLATE": 0, "SPREAD_ASY": 0.0, "IMPORT_AGE": 0.0, "Shape_Leng": 17.463151823800001, "Shape_Area": 6.2358288708699998, "FEATURE_ID": "GPlates-435adf72-43a9-4a8b-a1c8-e9838e9acc00" }, "geometry": { "type": "Polygon", "coordinates": [ [ [ 109.622001685000043, 16.765150063000021 ], [ 109.632892751000043, 16.731961539000054 ], [ 109.692749023000033, 16.549560547000056 ], [ 109.793944512000053, 15.947204879000026 ], [ 109.144199766000042, 16.181651502000022 ], [ 107.813720703000058, 16.637817383000026 ], [ 107.357910156000059, 16.755493164000029 ], [ 106.695495606000065, 16.947998047000059 ], [ 106.130493164000086, 17.180969238000046 ], [ 105.30108642600004, 17.638610840000069 ], [ 104.740191573000061, 18.008452641000076 ], [ 104.564384898000071, 18.13646233400004 ], [ 103.886291504000056, 18.647521973000039 ], [ 102.888122559000067, 19.507507324000073 ], [ 102.842590332000043, 19.659729004000042 ], [ 102.858886719000054, 19.849792481000065 ], [ 102.962097168000071, 20.042968750000057 ], [ 102.933227539000086, 20.256347656000059 ], [ 102.844604492000087, 20.438964844000054 ], [ 103.071216651000043, 20.21580582200005 ], [ 103.193906946000084, 20.10236508800006 ], [ 103.621643066000047, 19.732971191000047 ], [ 104.084045410000044, 19.428710937000062 ], [ 104.510864258000083, 19.17327880900007 ], [ 105.745240226000078, 18.487511237000035 ], [ 106.828735661000053, 17.887721566000039 ], [ 107.001361202000055, 17.802093946000074 ], [ 108.699218529000063, 17.059063423000058 ], [ 109.622001685000043, 16.765150063000021 ] ] ] } },
{ "type": "Feature", "properties": { "ANCHOR": 0, "TIME": 600.0, "FILE1": "Global_EarthByte_GPlates_PresentDay_StaticPlatePolygons.gpmlz", "RECONFILE1": "Zahirovic_etal_2022_OptimisedMantleRef_and_NNRMantleRef.rot", "OBJECTID_1": "494", "PLATEID1": 60403, "FROMAGE": 600.0, "TOAGE": -999.0, "NAME": "Indochina", "PLATEID2": 0, "GPGIM_TYPE": "gpml:ClosedContinentalBoundary", "L_PLATE": 0, "R_PLATE": 0, "SPREAD_ASY": 0.0, "IMPORT_AGE": 0.0, "Shape_Leng": 7.7314333488500004, "Shape_Area": 1.97010010014, "FEATURE_ID": "GPlates-2a807d03-37a7-4586-9da1-b40042c07584" }, "geometry": { "type": "Polygon", "coordinates": [ [ [ 109.793944512000053, 15.947204879000026 ], [ 109.879943848000039, 15.435302734000063 ], [ 109.89045030300008, 15.265702352000062 ], [ 108.932006836000085, 15.56286621100003 ], [ 107.515447356000038, 16.079461019000068 ], [ 107.441955566000047, 16.106262207000043 ], [ 107.109313965000069, 16.276123047000056 ], [ 106.861816406000059, 16.466674805000025 ], [ 106.695495606000065, 16.947998047000059 ], [ 107.357910156000059, 16.755493164000029 ], [ 107.813720703000058, 16.637817383000026 ], [ 109.144199766000042, 16.181651502000022 ], [ 109.793944512000053, 15.947204879000026 ] ] ] } },
{ "type": "Feature", "properties": { "ANCHOR": 0, "TIME": 600.0, "FILE1": "Global_EarthByte_GPlates_PresentDay_StaticPlatePolygons.gpmlz", "RECONFILE1": "Zahirovic_etal_2022_OptimisedMantleRef_and_NNRMantleRef.rot", "OBJECTID_1": "495", "PLATEID1": 612, "FROMAGE": 600.0, "TOAGE": -999.0, "NAME": "Northside South China Sea", "PLATEID2": 0, "GPGIM_TYPE": "gpml:ClosedContinentalBoundary", "L_PLATE": 0, "R_PLATE": 0, "SPREAD_ASY": 0.0, "IMPORT_AGE": 0.0, "Shape_Leng": 30.0590525446, "Shape_Area": 15.684430153699999, "FEATURE_ID": "GPlates-fee9e8af-67de-4f60-9164-38beea906156" }, "geometry": { "type": "Polygon", "coordinates": [ [ [ 117.844999313, 18.885702133000052 ], [ 117.46400260900009, 18.712202072000025 ], [ 117.210000992000133, 18.578500748000067 ], [ 117.104001999000047, 18.444799423000063 ], [ 116.927999496000098, 18.324300766000022 ], [ 116.610002518000101, 18.210500717000059 ], [ 116.392000198000019, 18.177000046000046 ], [ 116.23700141900008, 18.150201797000022 ], [ 116.038999557, 18.156900406000034 ], [ 115.926000595, 18.130102158000057 ], [ 115.78352536400007, 18.185529062000057 ], [ 115.771001816000066, 18.190401077000047 ], [ 115.763868863000084, 18.192946065000058 ], [ 115.398000717000059, 18.330999374000044 ], [ 115.276509049000069, 18.365640376000044 ], [ 115.257001877000093, 18.371202469000025 ], [ 115.115999222000042, 18.438100815000041 ], [ 114.932001114000059, 18.498300552000046 ], [ 114.817047149000018, 18.513835352000058 ], [ 114.784002304000069, 18.518301010000073 ], [ 114.557851292, 18.415447413000038 ], [ 114.558288311000069, 18.415731092000044 ], [ 114.446001053000032, 18.364500046000046 ], [ 114.275999069000022, 18.257402420000062 ], [ 114.214644036000095, 18.192663756000059 ], [ 114.131998992000049, 18.139016973000025 ], [ 114.099752903000081, 18.005426033000049 ], [ 114.037000656000046, 17.855100632000074 ], [ 114.009258051000074, 17.798257639000042 ], [ 113.89600181600008, 17.56620216400006 ], [ 113.746999741000081, 17.317300797000033 ], [ 113.704813148000085, 17.228540768000073 ], [ 113.681893467, 17.191487283000072 ], [ 113.660936534000029, 17.17544979500008 ], [ 113.666611098000089, 17.171961748000058 ], [ 112.877112721000117, 16.52505453200007 ], [ 112.068095979000077, 15.585167435000074 ], [ 111.104414272000042, 14.24077196600007 ], [ 110.238866155000039, 13.524456283000063 ], [ 110.221031937000078, 13.677830554000025 ], [ 110.351456494000047, 14.757093765000038 ], [ 110.380073113000051, 15.02581684200004 ], [ 110.397112051000079, 15.247323033000045 ], [ 110.363799597000096, 15.371055006000063 ], [ 110.197237327000053, 15.485269134000079 ], [ 110.168500400000084, 15.58071504000003 ], [ 110.461181641000053, 15.98925781300005 ], [ 110.506103516000053, 16.453247070000025 ], [ 110.481201172000056, 16.929321289000029 ], [ 110.84796142600004, 17.340026856000065 ], [ 111.246826172000056, 17.736938477000024 ], [ 111.460693359000061, 17.954711914000029 ], [ 111.444152832000043, 18.19366455100004 ], [ 111.521444717000065, 18.388056284000072 ], [ 111.961608887000068, 18.490417480000076 ], [ 112.348999023000033, 18.490417480000076 ], [ 113.151611328000058, 18.403503418000071 ], [ 113.790893555000025, 18.417602539000029 ], [ 114.194580078000058, 18.576660156000059 ], [ 114.451110840000069, 18.803466797000056 ], [ 115.316589356000023, 18.836914062000062 ], [ 115.843078613000117, 18.753112793000071 ], [ 116.567993164000086, 18.880920410000048 ], [ 117.070678711000028, 19.343566894000059 ], [ 117.641113281000102, 20.215026855000076 ], [ 117.758850098000053, 20.481445312000062 ], [ 118.818115234000061, 20.734619141000053 ], [ 119.339538574, 20.918334961000028 ], [ 119.610595703000058, 21.246154785000044 ], [ 119.745922053000058, 21.271372665000058 ], [ 120.478545871000051, 21.422010789000069 ], [ 120.074599946000035, 19.772169537000032 ], [ 120.030668562000074, 19.601321216000031 ], [ 120.030381344000034, 19.600204230000031 ], [ 119.551000595000133, 19.465200424000045 ], [ 119.403001785000015, 19.431901932000073 ], [ 119.283002853000085, 19.345502853000031 ], [ 119.163000107000016, 19.265600204000066 ], [ 119.150705666000022, 19.259208838000063 ], [ 118.247363327000031, 19.071501339000068 ], [ 118.06566766200001, 18.992169429000057 ], [ 118.007001877000107, 18.979101181000033 ], [ 117.917326184000103, 18.927400614000078 ], [ 117.844999313, 18.885702133000052 ] ] ] } },
{ "type": "Feature", "properties": { "ANCHOR": 0, "TIME": 600.0, "FILE1": "Global_EarthByte_GPlates_PresentDay_StaticPlatePolygons.gpmlz", "RECONFILE1": "Zahirovic_etal_2022_OptimisedMantleRef_and_NNRMantleRef.rot", "OBJECTID_1": "496", "PLATEID1": 18103, "FROMAGE": 600.0, "TOAGE": -999.0, "NAME": "Angayucham Terrane", "PLATEID2": 0, "GPGIM_TYPE": "gpml:ClosedContinentalBoundary", "L_PLATE": 0, "R_PLATE": 0, "SPREAD_ASY": 0.0, "IMPORT_AGE": 0.0, "Shape_Leng": 4.5850226150799998, "Shape_Area": 0.71073778647300001, "FEATURE_ID": "GPlates-7769eeb4-e8e0-4ec6-a769-d392c36a023d" }, "geometry": { "type": "Polygon", "coordinates": [ [ [ -148.551246769999977, 66.41350622300007 ], [ -148.424887968999968, 66.447614367000028 ], [ -148.188119079999979, 66.530312676000051 ], [ -148.274186244999981, 66.631784204000041 ], [ -148.714187070999969, 66.759218703000045 ], [ -148.283037220999972, 66.937805871000094 ], [ -147.382409743999972, 66.955057956000076 ], [ -147.510781366999964, 66.840854943000068 ], [ -147.221582977999958, 66.751165836000041 ], [ -147.106730131999967, 66.513868955000078 ], [ -147.68751809, 66.288550283000063 ], [ -148.320750781999976, 66.317629318000058 ], [ -148.551246769999977, 66.41350622300007 ] ] ] } },
{ "type": "Feature", "properties": { "ANCHOR": 0, "TIME": 600.0, "FILE1": "Global_EarthByte_GPlates_PresentDay_StaticPlatePolygons.gpmlz", "RECONFILE1": "Zahirovic_etal_2022_OptimisedMantleRef_and_NNRMantleRef.rot", "OBJECTID_1": "510", "PLATEID1": 601, "FROMAGE": 600.0, "TOAGE": -999.0, "NAME": "North China", "PLATEID2": 0, "GPGIM_TYPE": "gpml:ClosedContinentalBoundary", "L_PLATE": 0, "R_PLATE": 0, "SPREAD_ASY": 0.0, "IMPORT_AGE": 0.0, "Shape_Leng": 47.7398977171, "Shape_Area": 124.043978655, "FEATURE_ID": "GPlates-9e731e1c-6f47-48dd-b72b-b9e465d152fe" }, "geometry": { "type": "Polygon", "coordinates": [ [ [ 123.260445225000012, 41.864652984000045 ], [ 122.508607864000041, 41.371339798000065 ], [ 121.265429126000072, 40.193302896000034 ], [ 120.22455183700005, 38.951490967000041 ], [ 119.247558594000111, 37.506591797000063 ], [ 119.083681107000061, 35.672182083000052 ], [ 118.598999023000033, 34.552429199000066 ], [ 117.764101028000042, 32.878236771000047 ], [ 117.247558594000111, 31.438110352000024 ], [ 117.266551591000038, 31.376175223000079 ], [ 116.633119583000067, 30.707277298000069 ], [ 115.807861328000058, 30.733886719000054 ], [ 114.822247161000078, 31.168298385000071 ], [ 114.460485889000097, 31.351301595000056 ], [ 113.432513899000014, 31.908192377000034 ], [ 112.589439975, 32.396687047000057 ], [ 112.071596146000047, 32.702882767000062 ], [ 109.970155716000079, 33.57013130200005 ], [ 109.842568456000038, 33.575204427000074 ], [ 109.536926, 33.627392 ], [ 109.37207647300005, 33.673180564000063 ], [ 109.210863700000061, 33.73460716500005 ], [ 108.777343450000046, 33.920444364000048 ], [ 108.765615598000068, 33.925663878000087 ], [ 108.662741887000038, 34.123441109000055 ], [ 107.610641044000033, 34.724641590000033 ], [ 107.219860732000086, 35.205601975000036 ], [ 106.859140443000058, 35.927042553000035 ], [ 106.468360130000065, 36.317822865000032 ], [ 106.420666417000064, 36.334835852000033 ], [ 106.35214699800008, 36.425809490000063 ], [ 106.306279769000071, 36.930349015000047 ], [ 105.964374794000037, 37.711846099000063 ], [ 105.769000523000045, 38.395656048000035 ], [ 105.81784409100004, 39.128309564000062 ], [ 106.110905498000079, 39.95865021600008 ], [ 106.812931862000084, 41.066335620000075 ], [ 107.159443441000064, 41.412847200000044 ], [ 107.82164, 41.807766 ], [ 108.06382, 41.896477 ], [ 108.265701171000046, 41.99424425400008 ], [ 108.516609, 42.119705 ], [ 108.682694717000061, 42.167130160000056 ], [ 108.787537464000081, 42.188680592000019 ], [ 109.165393211000037, 42.184049690000045 ], [ 109.287311515000056, 41.90192584600004 ], [ 109.891418482000063, 41.82312928500005 ], [ 110.390463367000066, 41.796863765000069 ], [ 110.705649611000069, 41.53420856200006 ], [ 111.598677301000066, 41.61300512300005 ], [ 112.386642909000102, 41.770598245000031 ], [ 113.253405079000132, 41.796863765000069 ], [ 114.592946614000098, 41.90192584600004 ], [ 115.328381182000058, 41.98072240700003 ], [ 117.508419366000112, 42.006987927000068 ], [ 119.39953682700002, 42.19084656900003 ], [ 119.977378273000113, 42.217112090000057 ], [ 121.947292295000011, 42.217112090000057 ], [ 123.234302789000026, 41.875660326000059 ], [ 123.260445225000012, 41.864652984000045 ] ] ] } },
{ "type": "Feature", "properties": { "ANCHOR": 0, "TIME": 600.0, "FILE1": "Global_EarthByte_GPlates_PresentDay_StaticPlatePolygons.gpmlz", "RECONFILE1": "Zahirovic_etal_2022_OptimisedMantleRef_and_NNRMantleRef.rot", "OBJECTID_1": "511", "PLATEID1": 706, "FROMAGE": 600.0, "TOAGE": -999.0, "NAME": "Atlas", "PLATEID2": 0, "GPGIM_TYPE": "gpml:ClosedContinentalBoundary", "L_PLATE": 0, "R_PLATE": 0, "SPREAD_ASY": 0.0, "IMPORT_AGE": 0.0, "Shape_Leng": 39.5139485726, "Shape_Area": 37.644253909, "FEATURE_ID": "GPlates-8b176a3c-e62c-4a05-9846-7bdd38a71205" }, "geometry": { "type": "Polygon", "coordinates": [ [ [ 5.550591837000071, 35.781925571000038 ], [ 6.015711016000068, 35.635266371000057 ], [ 6.045735213000061, 35.627613144000073 ], [ 6.047991064000029, 35.558052603000071 ], [ 4.590369932000044, 34.98464162700003 ], [ 2.571970897000028, 34.067180746000076 ], [ 1.172850919000041, 33.356147688000085 ], [ 0.048969807000049, 32.966228641000043 ], [ -1.143730115999972, 32.461631708000027 ], [ -2.107059079999942, 32.324008743000029 ], [ -4.194269155999962, 32.27814083800007 ], [ -5.180529069999977, 32.163459773000049 ], [ -7.244810137999934, 31.429489584000066 ], [ -8.506309270999964, 30.741399662000049 ], [ -9.515510200999923, 30.397359646000037 ], [ -9.592000128999928, 30.367583023000069 ], [ -9.60948425799995, 30.389939778000041 ], [ -10.807311822999964, 30.167334655000047 ], [ -11.225010094999959, 30.082800481000056 ], [ -11.337148950999966, 30.058376646000053 ], [ -11.2987, 30.1228 ], [ -11.2264, 30.1943 ], [ -11.217993195999952, 30.212097681000046 ], [ -11.206811739999978, 30.218058306000049 ], [ -11.114012760999969, 30.321564860000024 ], [ -11.0648, 30.5185 ], [ -10.9752, 30.7235 ], [ -10.9127, 30.8965 ], [ -10.73460770299994, 31.436223368000068 ], [ -10.615039787999935, 31.819911455000074 ], [ -10.532948382999963, 32.202528785000027 ], [ -10.334858253999926, 32.577293894000036 ], [ -10.104288482999948, 33.046642577000057 ], [ -9.966874609999934, 33.321470323000028 ], [ -9.75986150199998, 33.808664964000059 ], [ -9.706338941999945, 34.012009156000033 ], [ -9.596099935999973, 34.22202111200005 ], [ -9.55006261699998, 34.354969776000068 ], [ -9.530348950999951, 34.424437737000062 ], [ -9.528531343999932, 34.424409056000052 ], [ -8.289170320999975, 34.404852344000062 ], [ -6.630204620999959, 34.284637438000054 ], [ -6.622745869999958, 34.295192345000032 ], [ -6.592805769999925, 34.281102887000031 ], [ -6.138740671999925, 34.186862961000031 ], [ -5.611853811999936, 34.041219438000034 ], [ -5.453359390999935, 34.062637603000042 ], [ -5.136370547999945, 34.148310264000031 ], [ -4.789396273999954, 34.131175732000031 ], [ -4.395302037999954, 34.144026631000031 ], [ -4.048327763999963, 34.238266557000031 ], [ -3.727055288999963, 34.388193712000032 ], [ -3.577128133999963, 34.538120867000032 ], [ -3.367230115999974, 34.670913490000046 ], [ -3.213019327999973, 34.833691545000079 ], [ -3.007404943999973, 34.919364205000079 ], [ -2.741819696999926, 34.936498737000072 ], [ -2.334874561999925, 35.129262222000079 ], [ -2.214932836999935, 35.082142259000079 ], [ -1.945063957999934, 35.077858626000079 ], [ -1.872300475999964, 35.104538569000056 ], [ -1.872512423999978, 35.106893549000063 ], [ -1.789068322999981, 35.130734721000067 ], [ -1.639676621999968, 35.183744679000029 ], [ -1.338483675999953, 35.154830157000049 ], [ -0.928861268999924, 35.118687003000048 ], [ -0.67585919499993, 35.104229742000037 ], [ -0.46622890499998, 35.159649244000036 ], [ -0.295151311999973, 35.311450488000048 ], [ 0.220491012000025, 35.369279534000043 ], [ 0.883918674000029, 35.455353785000057 ], [ 1.106667590000029, 35.365397492000049 ], [ 2.233263071000067, 35.648117270000064 ], [ 2.485997418000067, 35.59243004100005 ], [ 2.978615214000058, 35.699520866000057 ], [ 3.222782295000059, 35.639550004000057 ], [ 3.441247579000053, 35.656684536000057 ], [ 4.19088335500004, 35.973673379000054 ], [ 4.91053370000003, 36.003658810000054 ], [ 5.11614808400003, 35.909418883000058 ], [ 5.317478836000021, 35.883717085000058 ], [ 5.540227752000023, 35.785193526000064 ], [ 5.550591837000071, 35.781925571000038 ] ] ] } },
{ "type": "Feature", "properties": { "ANCHOR": 0, "TIME": 600.0, "FILE1": "Global_EarthByte_GPlates_PresentDay_StaticPlatePolygons.gpmlz", "RECONFILE1": "Zahirovic_etal_2022_OptimisedMantleRef_and_NNRMantleRef.rot", "OBJECTID_1": "527", "PLATEID1": 647, "FROMAGE": 600.0, "TOAGE": -999.0, "NAME": "Malay Peninsula", "PLATEID2": 0, "GPGIM_TYPE": "gpml:ClosedContinentalBoundary", "L_PLATE": 0, "R_PLATE": 0, "SPREAD_ASY": 0.0, "IMPORT_AGE": 0.0, "Shape_Leng": 24.761191098800001, "Shape_Area": 24.1263667178, "FEATURE_ID": "GPlates-502047c4-41ec-4c30-b488-ebd422c5e46e" }, "geometry": { "type": "Polygon", "coordinates": [ [ [ 101.687774251000064, 8.941274084000042 ], [ 101.684760496000095, 8.894336318000059 ], [ 101.653259277000075, 8.920654297000056 ], [ 101.467163086000085, 8.106201172000056 ], [ 101.579327492000061, 7.524960280000073 ], [ 101.658569336000085, 7.093078613000046 ], [ 101.725486858000068, 6.54380148000007 ], [ 101.752912, 6.376152518000026 ], [ 101.766938852000067, 6.269560053000022 ], [ 101.829711914000086, 5.906677246000072 ], [ 101.923889160000044, 5.600830078000058 ], [ 101.904968262000068, 5.374267578000058 ], [ 102.027282715000069, 3.944274902000075 ], [ 102.165466309000067, 3.564514160000044 ], [ 102.165466309000067, 3.219360352000024 ], [ 102.286499412000069, 2.206584315000043 ], [ 102.309782840000082, 1.448338610000064 ], [ 102.30012044700004, 1.456717773000037 ], [ 101.052048046000039, 2.544780540000033 ], [ 99.38298012000007, 4.408579486000065 ], [ 97.558884277000075, 6.310815862000027 ], [ 97.546752930000082, 6.323547363000046 ], [ 97.700317383000083, 7.091125488000046 ], [ 98.148500443000046, 7.550905228000034 ], [ 98.407655716000079, 7.855836868000041 ], [ 98.401491165000039, 8.054933548000065 ], [ 98.595520020000038, 8.617919922000056 ], [ 98.983825684000067, 9.33624267600004 ], [ 99.49005317700005, 10.078310013000021 ], [ 99.769411087000037, 10.73474311800004 ], [ 99.87567329400008, 11.237672806000035 ], [ 100.083620071000041, 11.910219193000046 ], [ 100.235319138000079, 12.255022049000047 ], [ 101.105995629000063, 9.916146371000025 ], [ 101.687774251000064, 8.941274084000042 ] ] ] } },
{ "type": "Feature", "properties": { "ANCHOR": 0, "TIME": 600.0, "FILE1": "Global_EarthByte_GPlates_PresentDay_StaticPlatePolygons.gpmlz", "RECONFILE1": "Zahirovic_etal_2022_OptimisedMantleRef_and_NNRMantleRef.rot", "OBJECTID_1": "530", "PLATEID1": 668, "FROMAGE": 600.0, "TOAGE": -999.0, "NAME": "West Sulawesi", "PLATEID2": 0, "GPGIM_TYPE": "gpml:ClosedContinentalBoundary", "L_PLATE": 0, "R_PLATE": 0, "SPREAD_ASY": 0.0, "IMPORT_AGE": 0.0, "Shape_Leng": 24.456748342800001, "Shape_Area": 20.6783122358, "FEATURE_ID": "GPlates-fa30abae-470a-45fc-9814-48613290d8fb" }, "geometry": { "type": "Polygon", "coordinates": [ [ [ 120.968536013000062, -5.292560200999959 ], [ 121.561896966000063, -8.035999393999935 ], [ 121.442902044000107, -8.008899387999975 ], [ 121.271301166000057, -7.928400371999943 ], [ 121.131699009000044, -7.851299428999937 ], [ 120.953185965000088, -7.760599303999982 ], [ 120.83529701100008, -7.726599316999967 ], [ 120.558402991000108, -7.70280043899993 ], [ 120.267799069000048, -7.703899342999932 ], [ 119.935898032000082, -7.75720034699998 ], [ 119.667000073000054, -7.761800275999975 ], [ 119.414100943000122, -7.77080041299996 ], [ 119.089203015000052, -7.799199219999934 ], [ 118.860298070000113, -7.830890501999931 ], [ 118.593696985000065, -7.854699445999927 ], [ 118.325896870000079, -7.875099366999962 ], [ 118.18270097900006, -7.913700341999971 ], [ 117.941902158000062, -7.92960045999996 ], [ 117.600196981000082, -7.932999416999963 ], [ 117.361702097000034, -7.954600310999979 ], [ 117.018898193000041, -7.990900349999946 ], [ 116.727698994000107, -8.012499300999934 ], [ 116.557907079000088, -8.012499300999934 ], [ 115.883003125000087, -8.12657926199995 ], [ 117.008422844000052, -6.082470317999935 ], [ 117.077631985000039, -5.947610721999979 ], [ 118.396102952000092, -3.378540289999933 ], [ 118.368064836000045, -2.761610644999962 ], [ 118.368033403000013, -2.760919024999964 ], [ 118.455, -2.6087 ], [ 118.857672613000105, -2.047903726999948 ], [ 118.899056307000023, -1.981725118999975 ], [ 118.997899623000094, -1.719346770999948 ], [ 119.016027996000048, -1.671225230999937 ], [ 119.066703402000044, -1.528964780999956 ], [ 119.193428984000093, -0.984292364999931 ], [ 119.553675350000034, -0.541846403999955 ], [ 119.682587984000065, -0.489220480999961 ], [ 119.651113261000091, -0.382119517999968 ], [ 119.371036802000049, 0.387355657000057 ], [ 119.480698106000091, 0.566200757000047 ], [ 119.567596125000023, 0.158999618000053 ], [ 119.667098962000068, -0.210499552999977 ], [ 119.744903958000023, -0.559400494999977 ], [ 119.84812890700006, -0.937469281999938 ], [ 119.959770018000086, -1.432899379999981 ], [ 120.008767208000108, -1.73537717499994 ], [ 120.062261144000118, -1.915774298999963 ], [ 120.292322846000062, -2.785530809999955 ], [ 120.968536013000062, -5.292560200999959 ] ] ] } },
{ "type": "Feature", "properties": { "ANCHOR": 0, "TIME": 600.0, "FILE1": "Global_EarthByte_GPlates_PresentDay_StaticPlatePolygons.gpmlz", "RECONFILE1": "Zahirovic_etal_2022_OptimisedMantleRef_and_NNRMantleRef.rot", "OBJECTID_1": "532", "PLATEID1": 61501, "FROMAGE": 600.0, "TOAGE": -999.0, "NAME": "Bird's Head", "PLATEID2": 0, "GPGIM_TYPE": "gpml:ClosedContinentalBoundary", "L_PLATE": 0, "R_PLATE": 0, "SPREAD_ASY": 0.0, "IMPORT_AGE": 0.0, "Shape_Leng": 14.4728220524, "Shape_Area": 8.9092777539700005, "FEATURE_ID": "GPlates-29f2e818-2e10-44e0-84f4-105df3dd4318" }, "geometry": { "type": "Polygon", "coordinates": [ [ [ 135.814209133000077, -1.483650459999979 ], [ 135.198624109000093, -3.56059038199993 ], [ 135.361906485000077, -3.62589926499993 ], [ 135.171346205000077, -3.795186134999938 ], [ 134.958419800000115, -3.963111161999962 ], [ 134.730697632000101, -4.194777964999957 ], [ 134.614552330000038, -4.52330120299996 ], [ 134.461459805000118, -5.188695651999979 ], [ 134.261453180000103, -5.358677486999966 ], [ 134.093169023000087, -5.501698996999949 ], [ 133.797255996000104, -5.410650287999943 ], [ 133.59739705100003, -5.193600370999952 ], [ 133.507004012000039, -5.04089047399998 ], [ 133.304398072000026, -4.879000320999978 ], [ 133.188797162000014, -4.758099313999935 ], [ 133.146500033000052, -4.587100422999981 ], [ 133.049301134000075, -4.388599435999936 ], [ 132.993194860000017, -4.282499465999933 ], [ 132.882202002000099, -4.200310329999979 ], [ 132.70480305000001, -4.119299386999955 ], [ 132.562896955000042, -4.018799359999944 ], [ 132.353499988000095, -3.780200288999936 ], [ 132.168197860000078, -3.586100216999967 ], [ 131.95300299400003, -3.432999355999922 ], [ 131.630402117000017, -3.197699469999975 ], [ 131.328307997000024, -2.992099310999947 ], [ 131.01820421900004, -2.849210329999948 ], [ 130.765039002000094, -2.727230921999933 ], [ 131.373726440000041, -2.560245872999928 ], [ 132.609716509, -2.424513305999938 ], [ 133.401027217000092, -2.303264083999977 ], [ 134.168579102000081, -2.088000058999965 ], [ 134.514614968000046, -1.78930050699995 ], [ 135.562810506000119, -1.428774945999976 ], [ 135.814209133000077, -1.483650459999979 ] ] ] } },
{ "type": "Feature", "properties": { "ANCHOR": 0, "TIME": 600.0, "FILE1": "Global_EarthByte_GPlates_PresentDay_StaticPlatePolygons.gpmlz", "RECONFILE1": "Zahirovic_etal_2022_OptimisedMantleRef_and_NNRMantleRef.rot", "OBJECTID_1": "533", "PLATEID1": 61502, "FROMAGE": 600.0, "TOAGE": -999.0, "NAME": "Bird's Head", "PLATEID2": 0, "GPGIM_TYPE": "gpml:ClosedContinentalBoundary", "L_PLATE": 0, "R_PLATE": 0, "SPREAD_ASY": 0.0, "IMPORT_AGE": 0.0, "Shape_Leng": 16.175405062700001, "Shape_Area": 8.5479776839900001, "FEATURE_ID": "GPlates-389f4d70-c73d-4d62-8e6f-b8027891a2d3" }, "geometry": { "type": "Polygon", "coordinates": [ [ [ 134.929793959000108, -1.290600200999961 ], [ 135.562810506000119, -1.428774945999976 ], [ 134.514614968000046, -1.78930050699995 ], [ 134.168579102000081, -2.088000058999965 ], [ 133.401027217000092, -2.303264083999977 ], [ 132.609716509, -2.424513305999938 ], [ 131.373726440000041, -2.560245872999928 ], [ 130.765039002000094, -2.727230921999933 ], [ 130.757294020000018, -2.723499254999979 ], [ 130.481505968000079, -2.629799437999964 ], [ 130.22860701500008, -2.59780053999998 ], [ 129.93910199600009, -2.565800230999969 ], [ 129.60499591100006, -2.522299480999948 ], [ 129.330398942000102, -2.469699352999953 ], [ 129.055801090000045, -2.453699462999964 ], [ 128.626601912000069, -2.374800328999925 ], [ 128.438274331000116, -2.294883685999935 ], [ 128.425207275000048, -2.278083184999957 ], [ 128.144500000000107, -2.047088 ], [ 128.961330818000079, -1.693585273999929 ], [ 129.273306864000119, -1.558570310999926 ], [ 130.150605386000052, -0.990991551999969 ], [ 130.450405259000036, -0.974904085999924 ], [ 130.641693786000019, -1.191888085999949 ], [ 130.831244547000097, -1.378226121999944 ], [ 130.972604436000097, -1.403927919999944 ], [ 131.043284381000035, -1.326822525999944 ], [ 131.070295067000075, -1.235735829999953 ], [ 131.161679237000044, -1.08342887799995 ], [ 131.145755243000053, -0.892340943999955 ], [ 131.266525140000113, -0.881609347999927 ], [ 132.059997910000106, -0.733200239999974 ], [ 132.819503892000057, -0.700999149999973 ], [ 133.463394132000076, -0.835599465999962 ], [ 134.074127059000034, -1.046460342999978 ], [ 134.266799951000053, -1.11940052999995 ], [ 134.929793959000108, -1.290600200999961 ] ] ] } },
{ "type": "Feature", "properties": { "ANCHOR": 0, "TIME": 600.0, "FILE1": "Global_EarthByte_GPlates_PresentDay_StaticPlatePolygons.gpmlz", "RECONFILE1": "Zahirovic_etal_2022_OptimisedMantleRef_and_NNRMantleRef.rot", "OBJECTID_1": "536", "PLATEID1": 42101, "FROMAGE": 600.0, "TOAGE": -999.0, "NAME": "Kotel'nyi Block", "PLATEID2": 0, "GPGIM_TYPE": "gpml:ClosedContinentalBoundary", "L_PLATE": 0, "R_PLATE": 0, "SPREAD_ASY": 0.0, "IMPORT_AGE": 0.0, "Shape_Leng": 20.337262813300001, "Shape_Area": 17.762754680099999, "FEATURE_ID": "GPlates-6b4dbf15-6d4a-4538-97d5-f93716d9db38" }, "geometry": { "type": "Polygon", "coordinates": [ [ [ 143.4807545970001, 74.151013243000079 ], [ 141.845140511000068, 73.991314917000068 ], [ 140.441850353000063, 73.802931325000017 ], [ 138.730662995000102, 74.182744776000064 ], [ 136.270285167000111, 74.723276607000059 ], [ 134.544560090000118, 75.280293298000075 ], [ 136.252332707000051, 75.992504911000111 ], [ 136.345824183000104, 76.337632134000032 ], [ 136.476467829000057, 76.819907961000055 ], [ 136.537130368000021, 77.107686326000078 ], [ 137.63994376900007, 77.308592498000053 ], [ 140.767837640000039, 76.634021596000096 ], [ 140.865322744000082, 76.403924700000061 ], [ 141.205427458000031, 76.225582022000097 ], [ 141.57832135700005, 76.030045488000056 ], [ 142.484999508000129, 75.641260215000031 ], [ 142.857485343000121, 74.757106431000082 ], [ 143.4807545970001, 74.151013243000079 ] ] ] } },
{ "type": "Feature", "properties": { "ANCHOR": 0, "TIME": 600.0, "FILE1": "Global_EarthByte_GPlates_PresentDay_StaticPlatePolygons.gpmlz", "RECONFILE1": "Zahirovic_etal_2022_OptimisedMantleRef_and_NNRMantleRef.rot", "OBJECTID_1": "541", "PLATEID1": 42300, "FROMAGE": 600.0, "TOAGE": -999.0, "NAME": "Wrangel Island Block", "PLATEID2": 0, "GPGIM_TYPE": "gpml:ClosedContinentalBoundary", "L_PLATE": 0, "R_PLATE": 0, "SPREAD_ASY": 0.0, "IMPORT_AGE": 0.0, "Shape_Leng": 25.663862875700001, "Shape_Area": 16.711777382899999, "FEATURE_ID": "GPlates-91ceabef-15d3-44a2-b0aa-fc33673fb961" }, "geometry": { "type": "Polygon", "coordinates": [ [ [ 180.0, 72.634134069000083 ], [ 180.0, 70.721386607000042 ], [ 179.157303664000096, 70.757399053000015 ], [ 175.103345547000117, 70.67029546100008 ], [ 171.235527223000076, 70.293158469000048 ], [ 170.903764857000056, 70.179827602000032 ], [ 170.619, 70.198300000000103 ], [ 168.997, 69.8893 ], [ 168.594901860000078, 69.858463118000031 ], [ 169.05281805900006, 70.486294954000073 ], [ 169.670822334000036, 70.853302709000047 ], [ 169.605542854000078, 70.841607464000049 ], [ 169.945454589000093, 71.052736460000062 ], [ 170.910651253000083, 71.374106326000046 ], [ 171.011803318000034, 71.362135787000057 ], [ 172.008065538000096, 71.627684156000043 ], [ 175.351352675000044, 72.207877142000029 ], [ 175.90565394900014, 72.357106721000036 ], [ 176.697664490000079, 72.563076028000069 ], [ 177.707008653000116, 72.811576136000042 ], [ 177.701453824000055, 72.838261381000066 ], [ 178.996670227000095, 72.788410685000031 ], [ 180.0, 72.634134069000083 ] ] ] } },
{ "type": "Feature", "properties": { "ANCHOR": 0, "TIME": 600.0, "FILE1": "Global_EarthByte_GPlates_PresentDay_StaticPlatePolygons.gpmlz", "RECONFILE1": "Zahirovic_etal_2022_OptimisedMantleRef_and_NNRMantleRef.rot", "OBJECTID_1": "542", "PLATEID1": 42300, "FROMAGE": 600.0, "TOAGE": -999.0, "NAME": "Hope Block", "PLATEID2": 0, "GPGIM_TYPE": "gpml:ClosedContinentalBoundary", "L_PLATE": 0, "R_PLATE": 0, "SPREAD_ASY": 0.0, "IMPORT_AGE": 0.0, "Shape_Leng": 19.815349842, "Shape_Area": 7.8129672752600001, "FEATURE_ID": "GPlates-0a7d67ac-03fa-4272-9dff-721e73f1afbe" }, "geometry": { "type": "Polygon", "coordinates": [ [ [ 180.0, 70.721386607000042 ], [ 180.0, 69.19728837100007 ], [ 179.952710431000014, 69.198478475000044 ], [ 179.077000000000112, 69.2714 ], [ 176.915, 69.6576 ], [ 170.903764857000056, 70.179827602000032 ], [ 171.235527223000076, 70.293158469000048 ], [ 175.103345547000117, 70.67029546100008 ], [ 179.157303664000096, 70.757399053000015 ], [ 180.0, 70.721386607000042 ] ] ] } },
{ "type": "Feature", "properties": { "ANCHOR": 0, "TIME": 600.0, "FILE1": "Global_EarthByte_GPlates_PresentDay_StaticPlatePolygons.gpmlz", "RECONFILE1": "Zahirovic_etal_2022_OptimisedMantleRef_and_NNRMantleRef.rot", "OBJECTID_1": "543", "PLATEID1": 43300, "FROMAGE": 600.0, "TOAGE": -999.0, "NAME": "Chukotka Peninsula (west of Bering Strait)", "PLATEID2": 0, "GPGIM_TYPE": "gpml:ClosedContinentalBoundary", "L_PLATE": 0, "R_PLATE": 0, "SPREAD_ASY": 0.0, "IMPORT_AGE": 0.0, "Shape_Leng": 41.5138835837, "Shape_Area": 43.590640940599997, "FEATURE_ID": "GPlates-f21904fa-2e65-4628-ac53-1668ded89787" }, "geometry": { "type": "Polygon", "coordinates": [ [ [ 180.0, 69.19728837100007 ], [ 180.0, 66.891166382000051 ], [ 177.937160287000097, 66.704185958000025 ], [ 176.607846701000085, 67.203032977000063 ], [ 176.430628174000049, 67.266973366000059 ], [ 176.378184418000046, 67.41899171700004 ], [ 175.035863250000034, 67.62131400800007 ], [ 174.020684862000053, 67.763389415000063 ], [ 172.63996489200008, 67.683182582000029 ], [ 171.87379700200006, 67.199421363000056 ], [ 171.559990104000121, 66.978974119000043 ], [ 171.120119056000021, 66.925435097000047 ], [ 170.408944290000022, 66.83526293000007 ], [ 169.281943076000061, 66.707634740000074 ], [ 167.066602817000103, 67.209466854000084 ], [ 166.058359734000078, 67.443025722000073 ], [ 164.345214120000037, 67.967598526000074 ], [ 163.346356146000062, 68.25275965000003 ], [ 162.222540396000113, 68.759805443000047 ], [ 160.92037103600012, 69.307755301000057 ], [ 161.233547509000118, 69.415267475000064 ], [ 162.354, 69.6962 ], [ 163.474, 69.7348 ], [ 165.441650804000119, 69.64248828500007 ], [ 166.070228548000046, 69.638527487000033 ], [ 168.594901860000078, 69.858463118000031 ], [ 168.997, 69.8893 ], [ 170.619, 70.198300000000103 ], [ 170.903764857000056, 70.179827602000032 ], [ 176.915, 69.6576 ], [ 179.077000000000112, 69.2714 ], [ 179.952710431000014, 69.198478475000044 ], [ 180.0, 69.19728837100007 ] ] ] } },
{ "type": "Feature", "properties": { "ANCHOR": 0, "TIME": 600.0, "FILE1": "Global_EarthByte_GPlates_PresentDay_StaticPlatePolygons.gpmlz", "RECONFILE1": "Zahirovic_etal_2022_OptimisedMantleRef_and_NNRMantleRef.rot", "OBJECTID_1": "591", "PLATEID1": 606, "FROMAGE": 600.0, "TOAGE": -999.0, "NAME": "Lhasa", "PLATEID2": 0, "GPGIM_TYPE": "gpml:ClosedContinentalBoundary", "L_PLATE": 0, "R_PLATE": 0, "SPREAD_ASY": 0.0, "IMPORT_AGE": 0.0, "Shape_Leng": 54.543839888800001, "Shape_Area": 48.675246932999997, "FEATURE_ID": "GPlates-5435ea3e-7add-4e97-afdb-fbccd6495238" }, "geometry": { "type": "Polygon", "coordinates": [ [ [ 84.869568731000072, 32.376172605000079 ], [ 85.065874264000058, 32.347619073000025 ], [ 85.222921371000041, 32.379743576000067 ], [ 85.419225693000044, 32.411867142000062 ], [ 86.272002173000033, 32.431679454000061 ], [ 86.461428143000049, 32.458264010000057 ], [ 86.568503889000056, 32.465402393000041 ], [ 86.700563431000035, 32.458265305000054 ], [ 86.900881566000066, 32.414430720000041 ], [ 87.082467466000082, 32.369034222000039 ], [ 87.278772354000068, 32.383310318000042 ], [ 87.514341354000067, 32.454694748000065 ], [ 87.753477097000101, 32.486818314000061 ], [ 87.931936264000058, 32.433279037000034 ], [ 88.174640068000031, 32.351188265000076 ], [ 88.413778305000051, 32.361898422000024 ], [ 88.56725113400006, 32.344049882000043 ], [ 88.995554115000061, 32.244112519000055 ], [ 89.427427292000061, 32.172731400000032 ], [ 89.691546459000051, 32.14774434900005 ], [ 90.035378574000049, 32.138226505000041 ], [ 90.441661053000075, 32.077948794000065 ], [ 90.549342151000076, 31.995458844000041 ], [ 90.650468826000065, 31.995458603000039 ], [ 91.000880988000063, 31.981058312000073 ], [ 91.084720878000041, 31.977612887000081 ], [ 91.227488538000046, 31.912177709000048 ], [ 91.394050809000078, 31.828896574000044 ], [ 91.780713222000031, 31.775358701000059 ], [ 92.074793884000087, 31.769725136000037 ], [ 92.323194366000052, 31.775125146000047 ], [ 92.621142770000063, 31.807006513000037 ], [ 92.992075685000032, 31.895846062000036 ], [ 93.142960287000051, 31.928537725000062 ], [ 93.232184436000068, 31.947869624000077 ], [ 93.577240220000078, 31.915146945000064 ], [ 93.874638907000076, 31.870537142000043 ], [ 94.035252525000033, 31.822947921000036 ], [ 94.326736498000059, 31.751564091000045 ], [ 94.606323166000038, 31.632591041000079 ], [ 94.792362511000093, 31.526634815000072 ], [ 94.840305931000046, 31.515570949000054 ], [ 95.40661635400005, 31.353352536000045 ], [ 95.472718494000048, 31.332825376000084 ], [ 95.641388704000065, 31.204288060000067 ], [ 95.950718635000044, 30.942547349000055 ], [ 96.289791828000034, 30.651063376000021 ], [ 96.55153253900005, 30.413117275000047 ], [ 96.759735377000084, 30.181119827000032 ], [ 96.884657079000078, 30.109735997000026 ], [ 97.098808570000074, 30.085941387000052 ], [ 97.283216798000069, 30.026454862000037 ], [ 97.414087153000082, 29.907481812000075 ], [ 97.527111551000075, 29.717124931000058 ], [ 98.256416349000062, 29.048496389000036 ], [ 98.726498715000048, 27.991433314000066 ], [ 98.820220904000053, 27.795862748000047 ], [ 98.809997898000063, 27.709999709000044 ], [ 98.77330000700006, 27.447011781000072 ], [ 98.676537102000054, 27.461530631000073 ], [ 97.918479844000046, 28.421730640000082 ], [ 97.498665058000086, 28.906131788000039 ], [ 97.261496875000034, 29.179780658000027 ], [ 95.341103038000099, 30.089448732000047 ], [ 94.431427018000079, 29.634620523000024 ], [ 93.673369936000086, 29.179780658000027 ], [ 90.59062203700006, 29.230319657000052 ], [ 88.114296034000063, 29.078708488000078 ], [ 85.941208085000085, 29.331399774000033 ], [ 84.222953997000047, 29.685150692000036 ], [ 81.847710053000071, 30.645360767000064 ], [ 81.08966091800005, 30.948579749000032 ], [ 80.533751885000072, 31.605560599000061 ], [ 79.068176015000063, 32.868988774000051 ], [ 77.809998141000051, 33.72000170900003 ], [ 77.020364629000085, 34.299627684000029 ], [ 76.870002924000062, 34.409999836000054 ], [ 76.190001948000031, 34.540000576000068 ], [ 75.209998883000097, 35.119998797000051 ], [ 74.842468901000075, 35.470030707000035 ], [ 74.790000975000055, 35.520000639000045 ], [ 74.788867355000036, 35.523563462000027 ], [ 74.720000970000058, 35.740001687000074 ], [ 74.778258787000084, 35.822860796000043 ], [ 75.09580184400005, 35.776100594000077 ], [ 75.386199866000084, 35.702899587000047 ], [ 75.636498037000081, 35.613399727000058 ], [ 76.001998913000079, 35.511600723000072 ], [ 76.317398021000031, 35.385189654000044 ], [ 76.626512055000035, 35.275535855000044 ], [ 77.386759918000052, 34.745666132000053 ], [ 77.933889098000066, 34.459074657000031 ], [ 79.10630989100008, 34.042215347000024 ], [ 79.729932785000074, 33.643236160000072 ], [ 79.819162746000075, 33.546867420000069 ], [ 80.04402351400006, 33.414808273000062 ], [ 80.290296555000054, 33.314870834000033 ], [ 80.579401016000091, 33.236349106000034 ], [ 80.908243179000067, 33.17551994300004 ], [ 81.681226730000049, 32.998838425000024 ], [ 81.989231183000072, 32.972227587000077 ], [ 82.160554886000057, 32.932966232000069 ], [ 82.471071243000054, 32.779493332000072 ], [ 82.731623017000061, 32.708107416000075 ], [ 83.079160094000031, 32.677119185000038 ], [ 83.316972733000057, 32.675985336000053 ], [ 83.652474426000083, 32.615308436000078 ], [ 83.902318954000066, 32.547494888000074 ], [ 84.170007706000035, 32.501096725000025 ], [ 84.334192276000067, 32.497526169000025 ], [ 84.594743729000072, 32.461835861000054 ], [ 84.869568731000072, 32.376172605000079 ] ] ] } },
{ "type": "Feature", "properties": { "ANCHOR": 0, "TIME": 600.0, "FILE1": "Global_EarthByte_GPlates_PresentDay_StaticPlatePolygons.gpmlz", "RECONFILE1": "Zahirovic_etal_2022_OptimisedMantleRef_and_NNRMantleRef.rot", "OBJECTID_1": "593", "PLATEID1": 602, "FROMAGE": 600.0, "TOAGE": -999.0, "NAME": "South China", "PLATEID2": 0, "GPGIM_TYPE": "gpml:ClosedContinentalBoundary", "L_PLATE": 0, "R_PLATE": 0, "SPREAD_ASY": 0.0, "IMPORT_AGE": 0.0, "Shape_Leng": 60.116418958399997, "Shape_Area": 169.145604349, "FEATURE_ID": "GPlates-6223cd59-42f0-4cfc-8a73-7bfaa4776b83" }, "geometry": { "type": "Polygon", "coordinates": [ [ [ 109.842568456000038, 33.575204427000074 ], [ 109.970155716000079, 33.57013130200005 ], [ 112.071596146000047, 32.702882767000062 ], [ 112.589439975, 32.396687047000057 ], [ 113.432513899000014, 31.908192377000034 ], [ 114.460485889000097, 31.351301595000056 ], [ 114.822247161000078, 31.168298385000071 ], [ 115.807861328000058, 30.733886719000054 ], [ 116.633119583000067, 30.707277298000069 ], [ 117.266551591000038, 31.376175223000079 ], [ 117.312255859000047, 31.424438477000027 ], [ 117.987426758000083, 31.28125 ], [ 119.418273926000097, 31.183532715000069 ], [ 120.073913574000017, 31.289794922000056 ], [ 119.611694336000028, 30.533203125000057 ], [ 118.328442472, 29.135625071000046 ], [ 117.662475586000028, 28.413940430000025 ], [ 117.018554687, 27.978393555000029 ], [ 116.082885742000045, 27.308715820000032 ], [ 115.448928341000041, 26.817755112000043 ], [ 114.872009277000089, 26.402709961000028 ], [ 114.364631728000063, 26.156043342000032 ], [ 113.6160278320001, 25.80718994100005 ], [ 112.859008789000086, 25.465332031000059 ], [ 112.099792481, 24.808837891000053 ], [ 111.242187500000057, 24.092529297000056 ], [ 109.535777648000078, 22.913790807000055 ], [ 108.83826136600004, 22.413112889000047 ], [ 107.927883657000052, 21.739378991000024 ], [ 107.425659180000096, 21.364929199000073 ], [ 106.863525391000053, 21.143188477000024 ], [ 106.224243164000086, 21.050354004000042 ], [ 105.78533935600008, 21.011413574000073 ], [ 105.224304199000073, 21.489440918000071 ], [ 104.107604981000065, 22.558654785000044 ], [ 103.145080566000047, 23.071899414000029 ], [ 103.12793668200004, 23.079692285000082 ], [ 102.174682617000087, 23.513000488000056 ], [ 101.784423828000058, 23.887451172000056 ], [ 101.328369141000053, 24.231750488000046 ], [ 101.235046387000068, 24.33624267600004 ], [ 100.891085391000047, 24.648806386000047 ], [ 100.649414063000052, 24.874816894000048 ], [ 100.350036621000072, 25.200012207000043 ], [ 100.138612647000059, 25.529891479000074 ], [ 100.06599385700008, 25.642194837000034 ], [ 99.897465407000084, 25.909030444000052 ], [ 99.873755900000049, 25.946569762000024 ], [ 99.768447925000032, 26.166749693000042 ], [ 99.645500091000088, 26.355310744000064 ], [ 99.563209947000075, 26.455699697000053 ], [ 99.500412065000035, 26.597539572000073 ], [ 99.384827049000094, 26.764526747000048 ], [ 99.319733176000057, 26.835540717000075 ], [ 99.222786090000071, 26.965141840000062 ], [ 98.77330000700006, 27.447011781000072 ], [ 98.809997898000063, 27.709999709000044 ], [ 98.820220904000053, 27.795862748000047 ], [ 98.860000954000043, 28.130001679000035 ], [ 98.860000954000043, 28.979999589000045 ], [ 98.830002087000082, 29.479999596000027 ], [ 98.74999998800007, 29.899999622000056 ], [ 98.600006008000037, 30.389999654000064 ], [ 98.540000858000042, 30.769988654000041 ], [ 98.440001986000084, 31.069999571000043 ], [ 98.249999981000087, 31.499999750000029 ], [ 97.929999885000086, 32.060001729000078 ], [ 97.749999974000048, 32.380001825000079 ], [ 97.510001977000059, 32.649997806000044 ], [ 97.239998050000054, 32.930000826000025 ], [ 96.98999795800006, 33.139999603000035 ], [ 96.740012876000037, 33.310001657000051 ], [ 96.519996994000053, 33.479999650000025 ], [ 96.309997864000081, 33.619998600000031 ], [ 96.230003182000075, 33.740001660000075 ], [ 96.187171875000047, 33.823463638000071 ], [ 96.249999954000032, 33.81000184100003 ], [ 96.419998123000084, 33.740001660000075 ], [ 96.72000091700005, 33.72000170900003 ], [ 96.98999795800006, 33.639999787000079 ], [ 97.300003023000045, 33.54000073900005 ], [ 97.620003119000046, 33.490001745000029 ], [ 97.879997006000053, 33.430000656000061 ], [ 98.230003032000084, 33.380001662000041 ], [ 98.76000190600007, 33.299999740000032 ], [ 98.860000954000043, 33.239997591000069 ], [ 99.080002002000072, 33.139999603000035 ], [ 99.470001043000082, 33.139999603000035 ], [ 99.65999598500008, 33.09999864200006 ], [ 100.00000009300004, 33.069999775000042 ], [ 100.290000970000051, 33.09999864200006 ], [ 100.589995994000049, 33.08000169300005 ], [ 100.970001064000087, 33.119998769000063 ], [ 101.360000988000081, 33.11000056000006 ], [ 101.370002906000082, 33.060001566000039 ], [ 101.870002913000079, 33.069999775000042 ], [ 102.330001958000082, 33.090000609000072 ], [ 102.599997939000048, 33.189998597000042 ], [ 102.849997854000037, 33.270000696000068 ], [ 103.250007996000079, 33.369998684000052 ], [ 103.569999969000051, 33.409999646000074 ], [ 103.839995950000059, 33.479999650000025 ], [ 104.080002070000035, 33.569999605000078 ], [ 104.449996923000072, 33.630001754000034 ], [ 104.900002173000075, 33.669998830000054 ], [ 105.290001038000085, 33.81000184100003 ], [ 105.589996062000068, 33.889999525000064 ], [ 105.900002010000037, 33.920001747000072 ], [ 106.23999817300006, 33.920001747000072 ], [ 106.550002885000083, 33.899997735000056 ], [ 106.800003153000034, 33.889999525000064 ], [ 107.120002896000074, 33.899997735000056 ], [ 107.69999705500004, 33.759998785000057 ], [ 107.970000983000034, 33.680000748000055 ], [ 108.354661640000074, 33.63436658300003 ], [ 109.842568456000038, 33.575204427000074 ] ] ] } },
{ "type": "Feature", "properties": { "ANCHOR": 0, "TIME": 600.0, "FILE1": "Global_EarthByte_GPlates_PresentDay_StaticPlatePolygons.gpmlz", "RECONFILE1": "Zahirovic_etal_2022_OptimisedMantleRef_and_NNRMantleRef.rot", "OBJECTID_1": "594", "PLATEID1": 508, "FROMAGE": 600.0, "TOAGE": -999.0, "NAME": "Sinai, Africa", "PLATEID2": 0, "GPGIM_TYPE": "gpml:ClosedContinentalBoundary", "L_PLATE": 0, "R_PLATE": 0, "SPREAD_ASY": 0.0, "IMPORT_AGE": 0.0, "Shape_Leng": 13.5781321279, "Shape_Area": 6.6801666919100002, "FEATURE_ID": "GPlates-4e15f2c7-c6e5-4df2-bcb1-4531eb28550f" }, "geometry": { "type": "Polygon", "coordinates": [ [ [ 34.197373485000078, 31.635019809000028 ], [ 34.401381818000061, 30.859445455000071 ], [ 34.489436364000028, 30.691109091000055 ], [ 34.558881818000032, 30.48610909100006 ], [ 34.545272727000054, 30.406945455000038 ], [ 34.614436364000028, 30.365 ], [ 34.723345455000072, 30.089345455000057 ], [ 34.847772727000063, 29.740836364000074 ], [ 34.87277272700004, 29.650827273000061 ], [ 34.877772727000036, 29.5325 ], [ 34.9038, 29.486709091000019 ], [ 34.96256409700004, 29.55146331200007 ], [ 35.002851190000065, 29.528661040000028 ], [ 34.926177848000066, 29.387100603000079 ], [ 34.994381074000046, 29.350681720000072 ], [ 34.934348906000025, 29.13723966200007 ], [ 34.812202956000078, 28.902700692000053 ], [ 34.90100105700003, 28.87045086400008 ], [ 34.774368018000075, 28.637800674000065 ], [ 34.840980897000073, 28.590318758000024 ], [ 34.820971940000064, 28.483610620000036 ], [ 34.789608051000073, 28.351888682000038 ], [ 34.761211010000061, 28.298648600000035 ], [ 34.669730898000068, 28.140480559000032 ], [ 34.613235955000057, 28.089120782000066 ], [ 34.577800841000048, 28.037015628000063 ], [ 34.53206996800003, 27.944799676000059 ], [ 34.597969080000041, 27.897701662000031 ], [ 34.447898990000056, 27.509700708000036 ], [ 32.908359962000077, 28.906110597000065 ], [ 32.441425031000051, 30.121904513000068 ], [ 32.3683, 30.4605 ], [ 32.366, 30.7157 ], [ 32.3386, 30.8203 ], [ 32.3477, 31.0371 ], [ 32.3658, 31.2279 ], [ 32.395042586000045, 31.713297528000062 ], [ 32.39859165300004, 31.772208477000049 ], [ 32.860712584000055, 31.736676666000051 ], [ 33.271295344000066, 31.85300381200005 ], [ 32.778976863000025, 30.840499766000047 ], [ 33.447046409000066, 30.983657526000059 ], [ 33.99581782100006, 31.353481739000074 ], [ 34.197373485000078, 31.635019809000028 ] ] ] } },
{ "type": "Feature", "properties": { "ANCHOR": 0, "TIME": 600.0, "FILE1": "Global_EarthByte_GPlates_PresentDay_StaticPlatePolygons.gpmlz", "RECONFILE1": "Zahirovic_etal_2022_OptimisedMantleRef_and_NNRMantleRef.rot", "OBJECTID_1": "597", "PLATEID1": 28900, "FROMAGE": 600.0, "TOAGE": -999.0, "NAME": "Falkland Islands/Malvinas Block", "PLATEID2": 0, "GPGIM_TYPE": "gpml:ClosedContinentalBoundary", "L_PLATE": 0, "R_PLATE": 0, "SPREAD_ASY": 0.0, "IMPORT_AGE": 0.0, "Shape_Leng": 36.792436717800001, "Shape_Area": 63.663600729099997, "FEATURE_ID": "GPlates-3bb5e397-3bc5-4c36-a3ca-3cd86198e741" }, "geometry": { "type": "Polygon", "coordinates": [ [ [ -55.118991512999969, -54.796333669999967 ], [ -57.427296764999937, -55.064097078999964 ], [ -60.186352707999959, -55.064648837999982 ], [ -60.121668728999971, -55.086294749999979 ], [ -60.188268880999935, -55.064097078999964 ], [ -60.35088614599993, -55.064097078999964 ], [ -60.374888479999989, -55.060535712999979 ], [ -60.376904297999943, -55.060236613999948 ], [ -60.387500000999964, -55.05912475699995 ], [ -60.395510177999938, -55.057115368 ], [ -60.404166667999959, -55.054943848999969 ], [ -60.431528727999925, -55.048196412999964 ], [ -60.454484050999952, -55.046150717999986 ], [ -60.470833334999952, -55.043930054999961 ], [ -60.487500000999944, -55.041158041999957 ], [ -60.495520720999941, -55.039342804999933 ], [ -60.495940622999967, -55.039265061999963 ], [ -60.514472243999933, -55.038057156999969 ], [ -60.852412898999937, -55.010669545999974 ], [ -61.894283302999952, -54.991898011999979 ], [ -62.042394919999943, -55.042450847999973 ], [ -62.058891780999943, -55.042071672999953 ], [ -62.748025656999971, -55.026232155999928 ], [ -63.145327314, -55.009170121999944 ], [ -63.14785614699997, -55.007130286999946 ], [ -63.520095087999955, -54.706870701999939 ], [ -64.662236370999949, -54.506995977999964 ], [ -65.418904970999961, -54.192907124999969 ], [ -65.792919764999965, -53.783271873999979 ], [ -65.801998192999974, -53.652769476999943 ], [ -65.74087799199998, -53.063396107999942 ], [ -65.165969555999936, -52.362985505999966 ], [ -64.880434234999939, -51.639629359999958 ], [ -64.894711000999962, -51.270812903999968 ], [ -65.577140417999942, -49.507632298999965 ], [ -65.70563131199998, -49.050775785999974 ], [ -65.696135792999939, -48.898847486999955 ], [ -65.642267014999959, -48.750351163999937 ], [ -64.206634330999975, -48.976330382999954 ], [ -60.304318280999951, -49.428427973999931 ], [ -59.179651095999979, -49.751078395999969 ], [ -57.401375853999987, -50.261239325999952 ], [ -51.205099102999959, -51.141622947999963 ], [ -52.743805300999938, -52.923282755999942 ], [ -54.214436015999965, -54.511292095999977 ], [ -54.729797622999968, -54.610531184999964 ], [ -55.118991512999969, -54.796333669999967 ] ] ] } },
{ "type": "Feature", "properties": { "ANCHOR": 0, "TIME": 600.0, "FILE1": "Global_EarthByte_GPlates_PresentDay_StaticPlatePolygons.gpmlz", "RECONFILE1": "Zahirovic_etal_2022_OptimisedMantleRef_and_NNRMantleRef.rot", "OBJECTID_1": "604", "PLATEID1": 802, "FROMAGE": 600.0, "TOAGE": -999.0, "NAME": "East Antarctica", "PLATEID2": 0, "GPGIM_TYPE": "gpml:ClosedContinentalBoundary", "L_PLATE": 0, "R_PLATE": 0, "SPREAD_ASY": 0.0, "IMPORT_AGE": 0.0, "Shape_Leng": 18.067853516300001, "Shape_Area": 14.718740630799999, "FEATURE_ID": "GPlates-990fdcec-bd18-45eb-9785-daf9a257e1a3" }, "geometry": { "type": "Polygon", "coordinates": [ [ [ -180.0, -71.403298427999971 ], [ -180.0, -70.48640823099997 ], [ -179.919032007999988, -70.470450035999988 ], [ -178.805359106999987, -70.600093941999958 ], [ -177.778334948999969, -70.889357943999968 ], [ -177.40534781599996, -71.278010002999977 ], [ -177.172288637999969, -71.520939501999976 ], [ -176.640803391999981, -72.334397871999968 ], [ -176.584108087999965, -73.199071452999988 ], [ -176.524107887999975, -73.294420781 ], [ -176.408078946999979, -73.478808191 ], [ -176.378804492999961, -73.525329693999936 ], [ -175.873426119999976, -74.328451813999934 ], [ -174.632158177999969, -74.825399237999989 ], [ -177.327039553999981, -75.347571562 ], [ -180.0, -74.525267737999982 ], [ -180.0, -72.530013726999982 ], [ -179.86826397599998, -72.488024442 ], [ -179.221718043999971, -71.981523152999969 ], [ -179.582365587999988, -71.564880667999972 ], [ -180.0, -71.403298427999971 ] ] ] } },
{ "type": "Feature", "properties": { "ANCHOR": 0, "TIME": 600.0, "FILE1": "Global_EarthByte_GPlates_PresentDay_StaticPlatePolygons.gpmlz", "RECONFILE1": "Zahirovic_etal_2022_OptimisedMantleRef_and_NNRMantleRef.rot", "OBJECTID_1": "610", "PLATEID1": 43205, "FROMAGE": 600.0, "TOAGE": -999.0, "NAME": "Alazeya Uplift", "PLATEID2": 0, "GPGIM_TYPE": "gpml:ClosedContinentalBoundary", "L_PLATE": 0, "R_PLATE": 0, "SPREAD_ASY": 0.0, "IMPORT_AGE": 0.0, "Shape_Leng": 15.180107513399999, "Shape_Area": 6.2717280846500003, "FEATURE_ID": "GPlates-b514689e-c16d-4634-93ee-e72e352631c3" }, "geometry": { "type": "Polygon", "coordinates": [ [ [ 146.558456356000079, 68.709703521000051 ], [ 146.820930374000113, 68.935694569000091 ], [ 147.11868834400002, 68.891794079000078 ], [ 147.358318559000054, 68.767284696000047 ], [ 148.052858920000091, 68.541186679000077 ], [ 149.162885043000074, 68.445785730000068 ], [ 150.509584355000015, 68.459786050000034 ], [ 149.203886003000093, 68.095622022000057 ], [ 150.145558031000064, 68.048898750000049 ], [ 150.513083506000044, 67.783899509000037 ], [ 151.195497216000035, 67.838294828000087 ], [ 151.34876535300009, 67.737295746000044 ], [ 150.601426805000074, 67.523816110000041 ], [ 150.716060346000063, 67.323146461000078 ], [ 149.981109933000084, 67.03924642100003 ], [ 149.570838160000108, 66.816003016000082 ], [ 148.320346070000028, 66.847016359000065 ], [ 147.923821108000084, 67.015649165000085 ], [ 147.085414111000119, 67.119907248000075 ], [ 146.341041603000122, 68.143376510000053 ], [ 146.034312123000063, 68.27162704900006 ], [ 145.815861184000028, 68.408921529000054 ], [ 146.500218731000018, 68.658820660000075 ], [ 146.558456356000079, 68.709703521000051 ] ] ] } },
{ "type": "Feature", "properties": { "ANCHOR": 0, "TIME": 600.0, "FILE1": "Global_EarthByte_GPlates_PresentDay_StaticPlatePolygons.gpmlz", "RECONFILE1": "Zahirovic_etal_2022_OptimisedMantleRef_and_NNRMantleRef.rot", "OBJECTID_1": "611", "PLATEID1": 43204, "FROMAGE": 600.0, "TOAGE": -999.0, "NAME": "Omulevka Terrane 1", "PLATEID2": 0, "GPGIM_TYPE": "gpml:ClosedContinentalBoundary", "L_PLATE": 0, "R_PLATE": 0, "SPREAD_ASY": 0.0, "IMPORT_AGE": 0.0, "Shape_Leng": 9.9571947252400008, "Shape_Area": 3.02335856361, "FEATURE_ID": "GPlates-c7f60bb4-cc5c-4e4b-9ad1-0df125e2bba3" }, "geometry": { "type": "Polygon", "coordinates": [ [ [ 141.740345648000044, 67.945004700000069 ], [ 140.436679177000087, 67.717117919000032 ], [ 139.650237931000134, 67.839022735000071 ], [ 139.742641753000044, 68.265498126000068 ], [ 140.872620507000079, 68.708282384000029 ], [ 141.883206370000039, 68.93629943600007 ], [ 143.013525813000115, 68.958244643000057 ], [ 144.008480250000048, 68.731702313000028 ], [ 144.260400042000015, 68.490082901000051 ], [ 142.01298165500009, 68.221843076000027 ], [ 141.740345648000044, 67.945004700000069 ] ] ] } },
{ "type": "Feature", "properties": { "ANCHOR": 0, "TIME": 600.0, "FILE1": "Global_EarthByte_GPlates_PresentDay_StaticPlatePolygons.gpmlz", "RECONFILE1": "Zahirovic_etal_2022_OptimisedMantleRef_and_NNRMantleRef.rot", "OBJECTID_1": "612", "PLATEID1": 18103, "FROMAGE": 600.0, "TOAGE": -999.0, "NAME": "Angayucham Terrane (OCT)", "PLATEID2": 0, "GPGIM_TYPE": "gpml:ClosedContinentalBoundary", "L_PLATE": 0, "R_PLATE": 0, "SPREAD_ASY": 0.0, "IMPORT_AGE": 0.0, "Shape_Leng": 6.2117190055, "Shape_Area": 1.2838594729599999, "FEATURE_ID": "GPlates-af4e830b-e208-4594-a4bb-6b0e41531fcd" }, "geometry": { "type": "Polygon", "coordinates": [ [ [ -145.57223086099998, 68.110172462000051 ], [ -145.315647049999967, 68.143182772000046 ], [ -144.299940159999977, 68.25319425400005 ], [ -144.052191130999972, 68.206652145000078 ], [ -143.986107393999987, 68.103322894000044 ], [ -144.134418113999971, 67.753407095000057 ], [ -144.311752441999971, 67.685303779000037 ], [ -144.954901543999966, 67.432738017000077 ], [ -145.088519991999959, 67.290209688000061 ], [ -146.57321578899996, 67.24482994400006 ], [ -145.91535388799997, 67.546613943000068 ], [ -145.39944518599998, 67.941800133000072 ], [ -145.57223086099998, 68.110172462000051 ] ] ] } },
{ "type": "Feature", "properties": { "ANCHOR": 0, "TIME": 600.0, "FILE1": "Global_EarthByte_GPlates_PresentDay_StaticPlatePolygons.gpmlz", "RECONFILE1": "Zahirovic_etal_2022_OptimisedMantleRef_and_NNRMantleRef.rot", "OBJECTID_1": "613", "PLATEID1": 18103, "FROMAGE": 600.0, "TOAGE": -999.0, "NAME": "Angayucham Terrane", "PLATEID2": 0, "GPGIM_TYPE": "gpml:ClosedContinentalBoundary", "L_PLATE": 0, "R_PLATE": 0, "SPREAD_ASY": 0.0, "IMPORT_AGE": 0.0, "Shape_Leng": 25.8063525313, "Shape_Area": 2.83646678137, "FEATURE_ID": "GPlates-39966674-d9bf-4ff8-a864-d9e122a49d1c" }, "geometry": { "type": "Polygon", "coordinates": [ [ [ -147.66758607899996, 67.58584409100007 ], [ -147.361926163999982, 67.566846394000052 ], [ -147.175922957999973, 67.229429182000047 ], [ -147.243385775999968, 67.230560629000081 ], [ -147.734597806999972, 67.17378578000006 ], [ -147.95279911999998, 67.19026720200003 ], [ -148.101699828999983, 67.201299667000058 ], [ -148.630250485999966, 67.221487188000083 ], [ -148.997362153999973, 67.177120206000055 ], [ -149.784994539999957, 67.092205709000041 ], [ -149.82281294699996, 67.08198344300007 ], [ -151.801839714999971, 66.870926330000032 ], [ -153.85672172, 66.868161294000075 ], [ -156.316085419, 66.836435336000079 ], [ -157.802355796999962, 66.962707835000074 ], [ -158.746436598999964, 67.033729815000058 ], [ -159.942078721999962, 66.96611118900006 ], [ -159.344777595000011, 67.053799211000069 ], [ -158.346473785999962, 67.081742515000045 ], [ -156.441711499999968, 67.022275885000056 ], [ -155.751370188999971, 66.993997199000034 ], [ -154.708761611999961, 66.944431250000051 ], [ -153.048153808999984, 67.132184235000068 ], [ -152.018118933999972, 67.236978007000062 ], [ -149.924418534999973, 67.423414771000068 ], [ -148.489874490999966, 67.531196929000032 ], [ -147.66758607899996, 67.58584409100007 ] ] ] } },
{ "type": "Feature", "properties": { "ANCHOR": 0, "TIME": 600.0, "FILE1": "Global_EarthByte_GPlates_PresentDay_StaticPlatePolygons.gpmlz", "RECONFILE1": "Zahirovic_etal_2022_OptimisedMantleRef_and_NNRMantleRef.rot", "OBJECTID_1": "614", "PLATEID1": 28011, "FROMAGE": 600.0, "TOAGE": -999.0, "NAME": "San Jorge Plate, southernmost South America", "PLATEID2": 0, "GPGIM_TYPE": "gpml:ClosedContinentalBoundary", "L_PLATE": 0, "R_PLATE": 0, "SPREAD_ASY": 0.0, "IMPORT_AGE": 0.0, "Shape_Leng": 35.723206893399997, "Shape_Area": 33.392281004899999, "FEATURE_ID": "GPlates-9706e206-a3a6-48a1-870d-0fcdb23e1716" }, "geometry": { "type": "Polygon", "coordinates": [ [ [ -75.690245439999956, -46.012188106999979 ], [ -75.69734490899998, -46.060996958999965 ], [ -73.948687613999937, -46.060996958999965 ], [ -74.100079307999977, -47.590053068999964 ], [ -74.284892907999961, -48.585203222999958 ], [ -74.185377891999963, -49.864681992999977 ], [ -73.940908038999964, -50.491149007999987 ], [ -73.883556402999943, -50.798148942999951 ], [ -73.721622370999967, -51.427892399999969 ], [ -73.578214645999935, -51.792030516999944 ], [ -73.289295235999987, -52.024019993999971 ], [ -72.263276362999989, -53.224393619999937 ], [ -69.527403239999956, -54.39487975399993 ], [ -66.797848530999943, -54.950900157999961 ], [ -66.59896344699996, -55.091777091999965 ], [ -65.708273659999975, -55.722682357999979 ], [ -66.739209624999944, -56.690554027999951 ], [ -67.100500313999987, -57.06306597899998 ], [ -67.66266718299994, -56.941360743999958 ], [ -68.065106573999969, -56.820219574999953 ], [ -69.859932053999955, -56.279946275999968 ], [ -71.824099693999983, -55.688698078999941 ], [ -74.509752289999938, -54.311612595 ], [ -75.569141582999976, -53.019321882999975 ], [ -75.93929228199994, -51.964600561999987 ], [ -76.041909713999985, -51.896558351999943 ], [ -76.430721276999975, -49.469800101999965 ], [ -76.369425325999941, -49.102048540999931 ], [ -76.270027205999952, -48.505635681999941 ], [ -76.439107218999936, -48.099129824999977 ], [ -76.470724090999965, -47.645261493999953 ], [ -76.47076601699996, -47.644659630999968 ], [ -76.016568096999961, -47.066568224999969 ], [ -75.946027970999978, -46.707036714999958 ], [ -75.984689841999966, -46.443592801999955 ], [ -75.974751320999985, -46.342214928999958 ], [ -75.690245439999956, -46.012188106999979 ] ] ] } },
{ "type": "Feature", "properties": { "ANCHOR": 0, "TIME": 600.0, "FILE1": "Global_EarthByte_GPlates_PresentDay_StaticPlatePolygons.gpmlz", "RECONFILE1": "Zahirovic_etal_2022_OptimisedMantleRef_and_NNRMantleRef.rot", "OBJECTID_1": "619", "PLATEID1": 518, "FROMAGE": 600.0, "TOAGE": -999.0, "NAME": "Kohistan arc", "PLATEID2": 0, "GPGIM_TYPE": "gpml:ClosedContinentalBoundary", "L_PLATE": 0, "R_PLATE": 0, "SPREAD_ASY": 0.0, "IMPORT_AGE": 0.0, "Shape_Leng": 6.4098203064900003, "Shape_Area": 2.2439447048300001, "FEATURE_ID": "GPlates-ff90cb95-0168-4e40-9255-54e92b1cda27" }, "geometry": { "type": "Polygon", "coordinates": [ [ [ 74.441790630000071, 35.434749522000061 ], [ 74.190338116000078, 35.340842147000046 ], [ 73.795772268000064, 35.099928168000076 ], [ 73.677742428000045, 35.038084734000051 ], [ 73.4995, 34.9494 ], [ 73.342479646000072, 34.956477860000071 ], [ 73.203607763000036, 35.053769904000035 ], [ 73.15530418000003, 35.210594299000043 ], [ 73.159261148000041, 35.299120245000047 ], [ 73.156881687000066, 35.375262997000057 ], [ 73.085497857000064, 35.420472756000031 ], [ 72.997457800000063, 35.427611139000078 ], [ 72.766650082000069, 35.389539763000073 ], [ 72.669092181000053, 35.308638089000048 ], [ 72.632177402000082, 35.246589843000038 ], [ 72.640300703000037, 35.541349375000053 ], [ 72.72358183800003, 35.98749831400005 ], [ 72.860400846000061, 36.362263422000069 ], [ 72.886986965000062, 36.456201043000085 ], [ 73.030219856000031, 36.561531568000071 ], [ 73.39392095200003, 36.513038512000037 ], [ 73.741363987000057, 36.446205605000053 ], [ 73.793633014000079, 36.431949694000018 ], [ 74.30000306200003, 36.279998770000077 ], [ 74.669998091000082, 35.909999680000055 ], [ 74.778258787000084, 35.822860796000043 ], [ 74.720000970000058, 35.740001687000074 ], [ 74.788867355000036, 35.523563462000027 ], [ 74.605973440000071, 35.520410118000029 ], [ 74.441790630000071, 35.434749522000061 ] ] ] } },
{ "type": "Feature", "properties": { "ANCHOR": 0, "TIME": 600.0, "FILE1": "Global_EarthByte_GPlates_PresentDay_StaticPlatePolygons.gpmlz", "RECONFILE1": "Zahirovic_etal_2022_OptimisedMantleRef_and_NNRMantleRef.rot", "OBJECTID_1": "620", "PLATEID1": 517, "FROMAGE": 600.0, "TOAGE": -999.0, "NAME": "West Kohistan arc", "PLATEID2": 0, "GPGIM_TYPE": "gpml:ClosedContinentalBoundary", "L_PLATE": 0, "R_PLATE": 0, "SPREAD_ASY": 0.0, "IMPORT_AGE": 0.0, "Shape_Leng": 7.2469812663799997, "Shape_Area": 1.83149094175, "FEATURE_ID": "GPlates-ce84420f-117f-4a4c-8694-e43c8fea1c95" }, "geometry": { "type": "Polygon", "coordinates": [ [ [ 70.761088930000028, 34.449746249000043 ], [ 70.272847880000029, 34.345644450000066 ], [ 70.532692047000069, 34.72489973100005 ], [ 72.886986965000062, 36.456201043000085 ], [ 72.860400846000061, 36.362263422000069 ], [ 72.72358183800003, 35.98749831400005 ], [ 72.640300703000037, 35.541349375000053 ], [ 72.632177402000082, 35.246589843000038 ], [ 72.445422847000032, 34.932683250000032 ], [ 72.238, 34.8429 ], [ 71.8723, 34.7551 ], [ 71.483252199000049, 34.631548998000028 ], [ 70.8936, 34.478 ], [ 70.761088930000028, 34.449746249000043 ] ] ] } },
{ "type": "Feature", "properties": { "ANCHOR": 0, "TIME": 600.0, "FILE1": "Global_EarthByte_GPlates_PresentDay_StaticPlatePolygons.gpmlz", "RECONFILE1": "Zahirovic_etal_2022_OptimisedMantleRef_and_NNRMantleRef.rot", "OBJECTID_1": "621", "PLATEID1": 603, "FROMAGE": 600.0, "TOAGE": -999.0, "NAME": "Sino/Burma/Malaya", "PLATEID2": 0, "GPGIM_TYPE": "gpml:ClosedContinentalBoundary", "L_PLATE": 0, "R_PLATE": 0, "SPREAD_ASY": 0.0, "IMPORT_AGE": 0.0, "Shape_Leng": 12.4360542272, "Shape_Area": 3.0999177004199998, "FEATURE_ID": "GPlates-85a70764-2755-4d9f-8926-54641df8ade9" }, "geometry": { "type": "Polygon", "coordinates": [ [ [ 97.498665058000086, 28.906131788000039 ], [ 97.453537054000037, 28.886671841000069 ], [ 97.492431886000077, 28.542669383000032 ], [ 97.678029845000083, 27.900214911000035 ], [ 97.779779258000076, 27.747590791000054 ], [ 98.020672230000059, 27.386251334000072 ], [ 98.234823720000065, 26.929394821000074 ], [ 98.111273510000046, 26.416477852000067 ], [ 98.025149445000068, 26.210827436000042 ], [ 97.749556959000074, 26.037252561000059 ], [ 97.693298, 26.38286 ], [ 97.533153239000058, 26.698780570000054 ], [ 97.419777, 26.92244 ], [ 97.240948932000038, 27.084820439000058 ], [ 97.036725947000036, 27.270260109000048 ], [ 97.021718514000042, 27.286190716000078 ], [ 96.884479599000088, 27.639307012000074 ], [ 96.895156860000043, 28.204593658000082 ], [ 96.698118620000059, 28.587758424000071 ], [ 96.169141570000079, 29.220650035000066 ], [ 95.408523560000049, 29.804471970000069 ], [ 95.154708862000064, 29.857192993000073 ], [ 94.761901855000076, 29.730617523000035 ], [ 94.531854342000031, 29.65940344500007 ], [ 94.431427018000079, 29.634620523000024 ], [ 95.341103038000099, 30.089448732000047 ], [ 97.261496875000034, 29.179780658000027 ], [ 97.498665058000086, 28.906131788000039 ] ] ] } },
{ "type": "Feature", "properties": { "ANCHOR": 0, "TIME": 600.0, "FILE1": "Global_EarthByte_GPlates_PresentDay_StaticPlatePolygons.gpmlz", "RECONFILE1": "Zahirovic_etal_2022_OptimisedMantleRef_and_NNRMantleRef.rot", "OBJECTID_1": "623", "PLATEID1": 603, "FROMAGE": 600.0, "TOAGE": -999.0, "NAME": "Sino/Burma/Malaya", "PLATEID2": 0, "GPGIM_TYPE": "gpml:ClosedContinentalBoundary", "L_PLATE": 0, "R_PLATE": 0, "SPREAD_ASY": 0.0, "IMPORT_AGE": 0.0, "Shape_Leng": 7.1020952069399996, "Shape_Area": 1.2330139931899999, "FEATURE_ID": "GPlates-07b39fd3-c27f-40b5-b71c-49ecc8804580" }, "geometry": { "type": "Polygon", "coordinates": [ [ [ 98.77330000700006, 27.447011781000072 ], [ 98.802931994000062, 27.082435781000072 ], [ 98.863001426000039, 26.558198904000051 ], [ 98.793436851000081, 26.071792282000047 ], [ 98.82498105500008, 25.800343327000064 ], [ 98.359184265000067, 27.010747910000077 ], [ 97.779779258000076, 27.747590791000054 ], [ 97.678029845000083, 27.900214911000035 ], [ 97.492431886000077, 28.542669383000032 ], [ 97.453537054000037, 28.886671841000069 ], [ 97.498665058000086, 28.906131788000039 ], [ 97.918479844000046, 28.421730640000082 ], [ 98.676537102000054, 27.461530631000073 ], [ 98.77330000700006, 27.447011781000072 ] ] ] } },
{ "type": "Feature", "properties": { "ANCHOR": 0, "TIME": 600.0, "FILE1": "Global_EarthByte_GPlates_PresentDay_StaticPlatePolygons.gpmlz", "RECONFILE1": "Zahirovic_etal_2022_OptimisedMantleRef_and_NNRMantleRef.rot", "OBJECTID_1": "624", "PLATEID1": 603, "FROMAGE": 600.0, "TOAGE": -999.0, "NAME": "Sino/Burma/Malaya", "PLATEID2": 0, "GPGIM_TYPE": "gpml:ClosedContinentalBoundary", "L_PLATE": 0, "R_PLATE": 0, "SPREAD_ASY": 0.0, "IMPORT_AGE": 0.0, "Shape_Leng": 12.086721454, "Shape_Area": 4.5806323203500003, "FEATURE_ID": "GPlates-149746e7-b72c-40d0-ac53-32d47dad6fc0" }, "geometry": { "type": "Polygon", "coordinates": [ [ [ 98.82498105500008, 25.800343327000064 ], [ 98.863001426000039, 25.473164685000029 ], [ 98.962938788000088, 24.73077285200003 ], [ 98.962938788000088, 24.288193105000065 ], [ 98.734510531000069, 24.074041614000066 ], [ 98.220546954000042, 23.817059825000058 ], [ 97.963565165000034, 23.431587142000069 ], [ 97.63519954700007, 23.117498290000075 ], [ 96.678656222000086, 23.088944757000032 ], [ 96.422505983000065, 23.054329860000053 ], [ 96.556743945000051, 23.264315784000075 ], [ 97.135604473000058, 24.206073423000078 ], [ 97.471108474000062, 24.927050108000063 ], [ 97.628152901000078, 25.505259133000042 ], [ 97.69953673100008, 25.876455049000072 ], [ 97.749556959000074, 26.037252561000059 ], [ 98.025149445000068, 26.210827436000042 ], [ 98.111273510000046, 26.416477852000067 ], [ 98.234823720000065, 26.929394821000074 ], [ 98.020672230000059, 27.386251334000072 ], [ 97.779779258000076, 27.747590791000054 ], [ 98.359184265000067, 27.010747910000077 ], [ 98.82498105500008, 25.800343327000064 ] ] ] } },
{ "type": "Feature", "properties": { "ANCHOR": 0, "TIME": 600.0, "FILE1": "Global_EarthByte_GPlates_PresentDay_StaticPlatePolygons.gpmlz", "RECONFILE1": "Zahirovic_etal_2022_OptimisedMantleRef_and_NNRMantleRef.rot", "OBJECTID_1": "625", "PLATEID1": 67352, "FROMAGE": 600.0, "TOAGE": -999.0, "NAME": "North Woyla", "PLATEID2": 0, "GPGIM_TYPE": "gpml:ClosedContinentalBoundary", "L_PLATE": 0, "R_PLATE": 0, "SPREAD_ASY": 0.0, "IMPORT_AGE": 0.0, "Shape_Leng": 24.0004131922, "Shape_Area": 11.636263663, "FEATURE_ID": "GPlates-45cfc6ff-ff07-41ed-b00b-bad588a03af2" }, "geometry": { "type": "Polygon", "coordinates": [ [ [ 95.636535645000038, 5.830078125000057 ], [ 96.614196777000075, 5.584594727000024 ], [ 97.506042481000065, 5.522766113000052 ], [ 97.500549316000047, 5.440673828000058 ], [ 97.663574219000054, 4.793457031000059 ], [ 98.153991699000073, 3.672546387000069 ], [ 98.417632261000051, 2.699517936000064 ], [ 98.801704111000049, 2.238100618000033 ], [ 99.088897952000082, 1.885999734000052 ], [ 99.242095937000045, 1.60699973100003 ], [ 99.421699938000074, 1.246800719000021 ], [ 99.5876011000001, 0.926499718000059 ], [ 99.826697971000044, 0.618799650000028 ], [ 100.151611086000059, 0.263100618000067 ], [ 100.286597951000033, -0.083500270999934 ], [ 100.795600920000084, -1.039799461999962 ], [ 101.225763888000088, -1.726752856999951 ], [ 100.898646199000041, -1.373363935999976 ], [ 100.191871955000067, -0.460907967999958 ], [ 99.828918457000043, -0.075195311999948 ], [ 99.465991019000057, 0.265950616000055 ], [ 99.073303223000039, 0.63507080100004 ], [ 98.167095563000032, 0.865241751000042 ], [ 98.083877238000071, 1.161707032000038 ], [ 97.78406515100005, 1.846991802000048 ], [ 97.27010157400008, 2.546553338000024 ], [ 96.327835016000051, 3.146177511000076 ], [ 95.514059352000061, 3.802908749000039 ], [ 94.329087771000061, 5.030710628000065 ], [ 93.72060409900007, 5.732180569000036 ], [ 94.71623620400004, 5.640272885000059 ], [ 95.274482919000036, 5.588740635000022 ], [ 94.954711914000086, 5.926452637000068 ], [ 94.889789197000084, 6.023044154000047 ], [ 95.158203125000071, 5.950195313000052 ], [ 95.669313431000035, 5.862428665000039 ], [ 95.636535645000038, 5.830078125000057 ] ] ] } },
{ "type": "Feature", "properties": { "ANCHOR": 0, "TIME": 600.0, "FILE1": "Global_EarthByte_GPlates_PresentDay_StaticPlatePolygons.gpmlz", "RECONFILE1": "Zahirovic_etal_2022_OptimisedMantleRef_and_NNRMantleRef.rot", "OBJECTID_1": "626", "PLATEID1": 67301, "FROMAGE": 600.0, "TOAGE": -999.0, "NAME": "North Sumatra", "PLATEID2": 0, "GPGIM_TYPE": "gpml:ClosedContinentalBoundary", "L_PLATE": 0, "R_PLATE": 0, "SPREAD_ASY": 0.0, "IMPORT_AGE": 0.0, "Shape_Leng": 20.8711426831, "Shape_Area": 14.981865619900001, "FEATURE_ID": "GPlates-cb88d998-f287-477a-a95d-33382447d794" }, "geometry": { "type": "Polygon", "coordinates": [ [ [ 101.977407135000078, -2.484986682999931 ], [ 101.587228882000034, -2.117247556999928 ], [ 101.225763888000088, -1.726752856999951 ], [ 100.795600920000084, -1.039799461999962 ], [ 100.286597951000033, -0.083500270999934 ], [ 100.151611086000059, 0.263100618000067 ], [ 99.826697971000044, 0.618799650000028 ], [ 99.5876011000001, 0.926499718000059 ], [ 99.421699938000074, 1.246800719000021 ], [ 99.242095937000045, 1.60699973100003 ], [ 99.088897952000082, 1.885999734000052 ], [ 98.801704111000049, 2.238100618000033 ], [ 98.417632261000051, 2.699517936000064 ], [ 98.153991699000073, 3.672546387000069 ], [ 97.663574219000054, 4.793457031000059 ], [ 97.500549316000047, 5.440673828000058 ], [ 97.506042481000065, 5.522766113000052 ], [ 97.558884277000075, 6.310815862000027 ], [ 99.38298012000007, 4.408579486000065 ], [ 101.052048046000039, 2.544780540000033 ], [ 102.30012044700004, 1.456717773000037 ], [ 102.317443848000039, 1.14343261700003 ], [ 102.331787109000061, 0.295959473000039 ], [ 102.27569580100004, -0.223449706999929 ], [ 102.185182814000086, -0.901420808999944 ], [ 102.083618164000086, -1.582580565999933 ], [ 101.977407135000078, -2.484986682999931 ] ] ] } },
{ "type": "Feature", "properties": { "ANCHOR": 0, "TIME": 600.0, "FILE1": "Global_EarthByte_GPlates_PresentDay_StaticPlatePolygons.gpmlz", "RECONFILE1": "Zahirovic_etal_2022_OptimisedMantleRef_and_NNRMantleRef.rot", "OBJECTID_1": "627", "PLATEID1": 16111, "FROMAGE": 600.0, "TOAGE": -999.0, "NAME": "Alexander Terrane", "PLATEID2": 0, "GPGIM_TYPE": "gpml:ClosedContinentalBoundary", "L_PLATE": 0, "R_PLATE": 0, "SPREAD_ASY": 0.0, "IMPORT_AGE": 0.0, "Shape_Leng": 21.096755664700002, "Shape_Area": 10.936612059, "FEATURE_ID": "GPlates-6d848007-7101-4b66-b652-ac1133d6b0b8" }, "geometry": { "type": "Polygon", "coordinates": [ [ [ -134.551399230999948, 56.737699509000031 ], [ -134.638999938999973, 57.246400833000038 ], [ -134.733299254999963, 57.738401413000069 ], [ -134.844499587999962, 58.041601181000033 ], [ -134.847416173999989, 58.046346174000064 ], [ -134.975898742999959, 58.25380134600006 ], [ -135.066900252999972, 58.496400833000031 ], [ -135.133056273999955, 58.686092135000088 ], [ -135.172734365999986, 58.799862415000071 ], [ -135.032669534999968, 58.737580272000066 ], [ -134.406107286999941, 58.287679475000061 ], [ -134.159826306999946, 57.987266620000078 ], [ -133.688396929999953, 57.452350951000028 ], [ -133.317761879999978, 57.141933738000027 ], [ -132.958164182999951, 56.956395818000033 ], [ -132.925262681999982, 56.924249989000032 ], [ -132.387560512999983, 56.618054520000044 ], [ -132.129735763999975, 56.363901356000035 ], [ -131.536930628999983, 55.724058893000063 ], [ -131.356699340999967, 55.39453526700003 ], [ -131.225957345999973, 55.08770604800003 ], [ -130.387639269999966, 54.532754207000025 ], [ -129.862791713999968, 53.875538838000061 ], [ -129.829165921999959, 53.752275283000067 ], [ -128.918930225999986, 53.30324286300003 ], [ -128.380498804999945, 53.065145287000064 ], [ -128.240097846999959, 52.807056476000078 ], [ -128.249366008999971, 52.809136739000046 ], [ -128.150826036999945, 52.311094064000031 ], [ -128.413653455999963, 52.396757878000066 ], [ -129.22513973599996, 52.529141847000069 ], [ -130.116043005999984, 53.231190541000053 ], [ -130.408938152999951, 53.453506941000043 ], [ -130.398099898999988, 53.633401871000054 ], [ -130.564399719, 53.713102341000095 ], [ -130.841098784999986, 53.862001419000059 ], [ -131.273899077999943, 54.089101791000076 ], [ -132.224498748999963, 54.379899979000072 ], [ -132.614700317, 54.479299545000067 ], [ -133.324199676999967, 54.628202438000073 ], [ -133.664699553999981, 54.670801163000071 ], [ -134.040699004999965, 54.706300735000077 ], [ -134.178803138, 54.695730388000079 ], [ -134.180492771, 54.695601065000069 ], [ -134.328100203999952, 54.864000320000052 ], [ -134.65620040899995, 55.167001724000045 ], [ -134.601900100999956, 55.261999130000056 ], [ -134.541299819999949, 55.565202713000076 ], [ -134.510999679999969, 55.969499588000069 ], [ -134.541299819999949, 56.293001175000029 ], [ -134.551399230999948, 56.737699509000031 ] ] ] } },
{ "type": "Feature", "properties": { "ANCHOR": 0, "TIME": 600.0, "FILE1": "Global_EarthByte_GPlates_PresentDay_StaticPlatePolygons.gpmlz", "RECONFILE1": "Zahirovic_etal_2022_OptimisedMantleRef_and_NNRMantleRef.rot", "OBJECTID_1": "666", "PLATEID1": 455, "FROMAGE": 600.0, "TOAGE": -999.0, "NAME": "Hinggan-Nuhetdavaa", "PLATEID2": 0, "GPGIM_TYPE": "gpml:ClosedContinentalBoundary", "L_PLATE": 0, "R_PLATE": 0, "SPREAD_ASY": 0.0, "IMPORT_AGE": 0.0, "Shape_Leng": 60.719748897300001, "Shape_Area": 60.800104522700003, "FEATURE_ID": "GPlates-2d009a4b-6854-4dd7-b644-2527aef8477d" }, "geometry": { "type": "Polygon", "coordinates": [ [ [ 131.281212283000059, 48.611349884000042 ], [ 130.003471991000083, 48.100253767000019 ], [ 128.020950011000082, 47.582094614000027 ], [ 125.970842055000062, 46.883706189000073 ], [ 124.033377393000038, 46.433133012000049 ], [ 122.02832675500008, 46.117731788000064 ], [ 121.397524306000037, 46.072674470000038 ], [ 119.978218798000071, 46.005088493000081 ], [ 118.01822547800009, 45.148999457000066 ], [ 115.990646180000098, 44.337967738000046 ], [ 114.030652859000057, 44.04509517300005 ], [ 113.174563823000085, 43.932451878000045 ], [ 111.656187765000084, 43.777528054000086 ], [ 111.395240784000066, 43.702739716000053 ], [ 111.009239197000056, 43.686164856000062 ], [ 109.184950359000084, 43.805064696000045 ], [ 109.750207676000059, 44.157738467000051 ], [ 110.065608900000086, 44.788540915000056 ], [ 110.197777625000086, 45.148323576000074 ], [ 110.511938303000079, 45.219847669000039 ], [ 111.148712158000095, 45.527805328000063 ], [ 111.593900577000056, 45.812997927000012 ], [ 112.180391198000052, 46.023502622000073 ], [ 112.796501160000062, 46.306060791000036 ], [ 113.182502747000058, 46.455513 ], [ 114.261572756000078, 46.834584976000031 ], [ 115.544330052000063, 47.166331868000036 ], [ 115.887021775000107, 47.244730505000064 ], [ 116.852326713000025, 47.459331774000077 ], [ 117.281684074000054, 47.544871249000046 ], [ 118.103917690000117, 47.698527483000078 ], [ 118.550745449000019, 47.775008895000049 ], [ 119.328002528000056, 47.894244127000029 ], [ 119.818281336000055, 47.964533764000066 ], [ 121.068672465000091, 48.122462848000048 ], [ 122.043591266000035, 48.243765177000057 ], [ 124.010095183000104, 48.444306613000037 ], [ 124.595592576000072, 48.531445960000042 ], [ 124.698300375000045, 48.548298017000029 ], [ 125.440561857000034, 48.683956082000066 ], [ 126.185305187000054, 48.845810924000027 ], [ 126.910165662000054, 49.026156091000075 ], [ 126.981747565000092, 49.046542172000045 ], [ 127.048325250000076, 49.063476192000046 ], [ 127.735590703000071, 49.262600430000077 ], [ 128.099457805000043, 49.381139102000063 ], [ 128.667404321000049, 49.671247133000065 ], [ 129.352633554000022, 50.083994061000055 ], [ 129.997811383000112, 50.542051415000053 ], [ 130.143845697000074, 50.668612751000069 ], [ 130.315008582000019, 50.829739352000061 ], [ 130.623300153000059, 51.152466911000033 ], [ 130.850790778000032, 51.394074524000075 ], [ 131.228624939000042, 51.826581769000029 ], [ 131.73440767000011, 52.443867031000082 ], [ 132.057950511000058, 52.676535512000029 ], [ 132.398141538000118, 52.850644452000026 ], [ 132.593951171000072, 52.925544967000071 ], [ 132.836939750000056, 53.006428890000052 ], [ 133.291647630000057, 53.082745064000051 ], [ 133.985135328000069, 53.128588985000064 ], [ 134.485018693000029, 53.289556536000077 ], [ 135.22879028400007, 53.38405990600004 ], [ 136.457382202000076, 53.57234954900008 ], [ 136.637202798000089, 53.594253522000031 ], [ 136.729344956000091, 53.605477372000067 ], [ 136.314531893000094, 52.775851246000059 ], [ 135.762955967000039, 51.961620117000052 ], [ 135.18511452100006, 51.226185549000043 ], [ 134.003166108000073, 50.543282021000039 ], [ 132.926279776000115, 50.017971616000061 ], [ 132.006986566000023, 49.413864649000054 ], [ 131.744331363000015, 49.203740487000054 ], [ 131.402879599000016, 48.862288723000063 ], [ 131.281212283000059, 48.611349884000042 ] ] ] } },
{ "type": "Feature", "properties": { "ANCHOR": 0, "TIME": 600.0, "FILE1": "Global_EarthByte_GPlates_PresentDay_StaticPlatePolygons.gpmlz", "RECONFILE1": "Zahirovic_etal_2022_OptimisedMantleRef_and_NNRMantleRef.rot", "OBJECTID_1": "668", "PLATEID1": 430, "FROMAGE": 600.0, "TOAGE": -999.0, "NAME": "Eurasia", "PLATEID2": 0, "GPGIM_TYPE": "gpml:ClosedContinentalBoundary", "L_PLATE": 0, "R_PLATE": 0, "SPREAD_ASY": 0.0, "IMPORT_AGE": 0.0, "Shape_Leng": 86.914026887399999, "Shape_Area": 167.767612394, "FEATURE_ID": "GPlates-68d16ae1-8e3d-43be-9a89-43714f70a74b" }, "geometry": { "type": "Polygon", "coordinates": [ [ [ 108.002132084000053, 50.286249253000044 ], [ 108.16282706800007, 50.31474614900003 ], [ 108.382635691000075, 50.36089964700006 ], [ 108.575647555000046, 50.407572034000054 ], [ 108.839626776000046, 50.482161049000062 ], [ 109.315938609000057, 50.636562763000029 ], [ 109.625021485000062, 50.745778791000077 ], [ 110.15653532400006, 50.945969375000061 ], [ 110.558032399000069, 51.105128162000028 ], [ 111.047023843000034, 51.328807186000063 ], [ 111.582908460000056, 51.611273063000048 ], [ 112.036021524000049, 51.546530417000028 ], [ 112.62654198700011, 51.499389626000038 ], [ 113.261711177000052, 51.489343413000043 ], [ 113.771947897000018, 51.511645793000071 ], [ 114.276153945000047, 51.560562989000061 ], [ 114.71572348600013, 51.625237117000026 ], [ 114.936303362000118, 51.665598296000027 ], [ 115.412826538000118, 51.788616180000069 ], [ 116.985809326000108, 51.992572784000053 ], [ 117.670852661000012, 52.130786896000075 ], [ 117.950973511000029, 52.387027740000065 ], [ 118.168945313000123, 52.547458649000077 ], [ 118.630966187, 52.815486908000082 ], [ 119.307109062000109, 53.022646611000027 ], [ 119.696249120000076, 53.103434606000064 ], [ 120.024955750000132, 53.147516251000063 ], [ 120.15363311800003, 53.192436218000068 ], [ 120.772071838000102, 53.517929077000076 ], [ 121.029411316000051, 53.60200500500008 ], [ 121.311246911000026, 53.650470272000064 ], [ 121.996513367000034, 53.705623627000072 ], [ 122.353477478000073, 53.754875183000074 ], [ 123.09229278600003, 53.764724731000051 ], [ 123.378677368000012, 53.80652999900007 ], [ 123.897506714000087, 53.912097931000055 ], [ 124.569923401000096, 54.090705872000051 ], [ 124.785751343000015, 54.119991302000066 ], [ 124.997436523000033, 54.107791901000041 ], [ 125.512123108000083, 53.992935181000057 ], [ 126.163757324000017, 53.934162140000062 ], [ 126.682601929000043, 53.904743195000044 ], [ 127.566688538000093, 53.892478943000064 ], [ 128.886581421000074, 53.772106171000068 ], [ 129.094131470000093, 53.747493744000053 ], [ 129.326568604000045, 53.698230743000074 ], [ 130.189895630000024, 53.60200500500008 ], [ 131.173599243000012, 53.582237244000055 ], [ 132.373138428000061, 53.460968018000067 ], [ 134.344696045000092, 53.324424744000048 ], [ 134.485018693000029, 53.289556536000077 ], [ 133.985135328000069, 53.128588985000064 ], [ 133.291647630000057, 53.082745064000051 ], [ 132.836939750000056, 53.006428890000052 ], [ 132.593951171000072, 52.925544967000071 ], [ 132.398141538000118, 52.850644452000026 ], [ 132.057950511000058, 52.676535512000029 ], [ 131.73440767000011, 52.443867031000082 ], [ 131.228624939000042, 51.826581769000029 ], [ 130.850790778000032, 51.394074524000075 ], [ 130.623300153000059, 51.152466911000033 ], [ 130.315008582000019, 50.829739352000061 ], [ 130.143845697000074, 50.668612751000069 ], [ 129.997811383000112, 50.542051415000053 ], [ 129.352633554000022, 50.083994061000055 ], [ 128.667404321000049, 49.671247133000065 ], [ 128.099457805000043, 49.381139102000063 ], [ 127.735590703000071, 49.262600430000077 ], [ 127.048325250000076, 49.063476192000046 ], [ 126.981747565000092, 49.046542172000045 ], [ 126.910165662000054, 49.026156091000075 ], [ 126.185305187000054, 48.845810924000027 ], [ 125.440561857000034, 48.683956082000066 ], [ 124.698300375000045, 48.548298017000029 ], [ 124.595592576000072, 48.531445960000042 ], [ 124.010095183000104, 48.444306613000037 ], [ 122.043591266000035, 48.243765177000057 ], [ 121.068672465000091, 48.122462848000048 ], [ 119.818281336000055, 47.964533764000066 ], [ 119.328002528000056, 47.894244127000029 ], [ 118.550745449000019, 47.775008895000049 ], [ 118.103917690000117, 47.698527483000078 ], [ 117.281684074000054, 47.544871249000046 ], [ 116.852326713000025, 47.459331774000077 ], [ 115.887021775000107, 47.244730505000064 ], [ 115.544330052000063, 47.166331868000036 ], [ 114.261572756000078, 46.834584976000031 ], [ 113.182502747000058, 46.455513 ], [ 112.796501160000062, 46.306060791000036 ], [ 112.180391198000052, 46.023502622000073 ], [ 111.593900577000056, 45.812997927000012 ], [ 111.465568217000055, 45.796754252000021 ], [ 110.752708987000062, 45.624634276000059 ], [ 110.461565927000038, 45.569920127000046 ], [ 110.219625620000045, 45.527124061000045 ], [ 109.920231118000061, 45.487635723000032 ], [ 109.467953898000076, 45.432256515000049 ], [ 108.974623421000047, 45.381007360000069 ], [ 108.559579768000049, 45.340259719000073 ], [ 106.929096040000047, 45.222167667000072 ], [ 106.660476862000053, 45.207707062000054 ], [ 104.407547673000067, 45.129421476000061 ], [ 103.647004625000079, 45.134213075000041 ], [ 103.044266200000038, 45.170672982000035 ], [ 102.749100946000056, 45.192717478000077 ], [ 101.988208451000048, 45.296206158000068 ], [ 101.833236552000074, 45.323344911000049 ], [ 99.167484648000084, 46.032713115000028 ], [ 98.732246399000076, 46.17943573000008 ], [ 98.495666504000042, 46.219810486000029 ], [ 98.122116089000087, 46.242866516000049 ], [ 97.719512939000083, 46.306217194000048 ], [ 97.121833801000037, 46.432704926000042 ], [ 96.76487731900005, 46.570354462000068 ], [ 96.451507569000057, 46.660497666000033 ], [ 96.084182739000084, 46.69622802700006 ], [ 95.536842823000086, 46.78338232200008 ], [ 95.233314514000085, 46.938552856000044 ], [ 94.975982666000064, 47.108943939000028 ], [ 94.776748657000041, 47.275962830000026 ], [ 94.465454102000081, 47.585941315000071 ], [ 94.270378113000049, 47.905254364000029 ], [ 94.068924528000082, 48.171520767000061 ], [ 93.606285095000032, 48.730655670000033 ], [ 93.325362057000063, 49.115359586000046 ], [ 93.13319296800006, 49.426098798000055 ], [ 93.13297766900007, 49.489831540000068 ], [ 93.695137601000056, 49.456082143000067 ], [ 94.031959235000045, 49.402141980000074 ], [ 94.504413802000045, 49.357298912000026 ], [ 95.225929260000044, 49.345821381000057 ], [ 95.844360352000081, 49.383792877000062 ], [ 97.309516907000045, 49.42308807400007 ], [ 98.25170135500008, 49.386505127000078 ], [ 98.998802185000045, 49.406833649000077 ], [ 99.451217651000036, 49.360744476000029 ], [ 100.778583566000066, 49.428801551000049 ], [ 101.217160893000084, 49.435318108000033 ], [ 102.060508728000059, 49.385288239000019 ], [ 102.404267934000075, 49.380453976000062 ], [ 102.521372475000078, 49.389976304000065 ], [ 102.68724823000008, 49.412391663000058 ], [ 103.612846375000061, 49.478729248000022 ], [ 104.239593506000062, 49.55714035000004 ], [ 105.448432080000032, 49.838083843000042 ], [ 106.596061467000084, 50.136626811000035 ], [ 107.043893806000085, 50.202985176000027 ], [ 107.413500014000078, 50.221706631000075 ], [ 107.588669812000035, 50.228674569000077 ], [ 107.828171984000051, 50.255399982000014 ], [ 108.002132084000053, 50.286249253000044 ] ] ] } },
{ "type": "Feature", "properties": { "ANCHOR": 0, "TIME": 600.0, "FILE1": "Global_EarthByte_GPlates_PresentDay_StaticPlatePolygons.gpmlz", "RECONFILE1": "Zahirovic_etal_2022_OptimisedMantleRef_and_NNRMantleRef.rot", "OBJECTID_1": "669", "PLATEID1": 401, "FROMAGE": 600.0, "TOAGE": -999.0, "NAME": "Tuva Mongolia", "PLATEID2": 0, "GPGIM_TYPE": "gpml:ClosedContinentalBoundary", "L_PLATE": 0, "R_PLATE": 0, "SPREAD_ASY": 0.0, "IMPORT_AGE": 0.0, "Shape_Leng": 44.450059128100001, "Shape_Area": 46.2687372802, "FEATURE_ID": "GPlates-ffc8feda-30fc-4f17-9193-e9ac85af8792" }, "geometry": { "type": "Polygon", "coordinates": [ [ [ 103.866319142000066, 51.702998237000024 ], [ 104.458412170000088, 51.574489594000056 ], [ 104.683128357000044, 51.583988190000078 ], [ 105.096384755000088, 51.644115534000036 ], [ 105.630463454000051, 51.481129080000059 ], [ 105.682504475000087, 51.46227589700004 ], [ 105.720627380000053, 51.450448526000052 ], [ 105.899080515000037, 51.383815719000026 ], [ 106.114778063000074, 51.305673797000054 ], [ 106.162719129000038, 51.285375414000043 ], [ 106.219417584000041, 51.264204717000041 ], [ 106.657202560000087, 51.076009734000074 ], [ 107.249162904000059, 50.704407193000065 ], [ 107.834166423000056, 50.361951859000044 ], [ 107.942395871000087, 50.280204868000055 ], [ 108.002132084000053, 50.286249253000044 ], [ 107.828171984000051, 50.255399982000014 ], [ 107.588669812000035, 50.228674569000077 ], [ 107.413500014000078, 50.221706631000075 ], [ 107.043893806000085, 50.202985176000027 ], [ 106.596061467000084, 50.136626811000035 ], [ 105.448432080000032, 49.838083843000042 ], [ 104.239593506000062, 49.55714035000004 ], [ 103.612846375000061, 49.478729248000022 ], [ 102.68724823000008, 49.412391663000058 ], [ 102.521372475000078, 49.389976304000065 ], [ 102.404267934000075, 49.380453976000062 ], [ 102.060508728000059, 49.385288239000019 ], [ 101.217160893000084, 49.435318108000033 ], [ 100.778583566000066, 49.428801551000049 ], [ 99.451217651000036, 49.360744476000029 ], [ 98.998802185000045, 49.406833649000077 ], [ 98.25170135500008, 49.386505127000078 ], [ 97.309516907000045, 49.42308807400007 ], [ 95.844360352000081, 49.383792877000062 ], [ 95.225929260000044, 49.345821381000057 ], [ 94.504413802000045, 49.357298912000026 ], [ 94.031959235000045, 49.402141980000074 ], [ 93.695137601000056, 49.456082143000067 ], [ 93.13297766900007, 49.489831540000068 ], [ 93.13319296800006, 49.426098798000055 ], [ 93.325362057000063, 49.115359586000046 ], [ 93.606285095000032, 48.730655670000033 ], [ 94.068924528000082, 48.171520767000061 ], [ 94.270378113000049, 47.905254364000029 ], [ 94.465454102000081, 47.585941315000071 ], [ 94.776748657000041, 47.275962830000026 ], [ 94.975982666000064, 47.108943939000028 ], [ 95.233314514000085, 46.938552856000044 ], [ 95.536842823000086, 46.78338232200008 ], [ 95.354711623000085, 46.750335007000032 ], [ 94.699545153000031, 46.499069280000072 ], [ 94.604598371000066, 46.448972190000042 ], [ 94.532101868000055, 46.385804690000043 ], [ 94.417035990000045, 46.212846932000062 ], [ 94.158393860000047, 46.301090240000057 ], [ 93.797286987000064, 46.550926208000078 ], [ 93.261871338000049, 46.868015289000013 ], [ 92.824181435000071, 47.162863495000074 ], [ 92.61549315600007, 47.257688042000041 ], [ 92.349956249000059, 47.338826669000071 ], [ 92.079647222000062, 47.477154036000051 ], [ 91.749341099000048, 47.701894173000028 ], [ 91.67191173100008, 47.767171185000052 ], [ 91.401775634000046, 48.018369538000044 ], [ 91.299337980000075, 48.125529854000035 ], [ 91.257476370000063, 48.21475517600004 ], [ 90.758077881000077, 50.144228477000063 ], [ 90.742570158000035, 50.262011425000026 ], [ 90.738269854000066, 50.362040755000066 ], [ 90.741811166000048, 50.448523401000038 ], [ 90.756500845000062, 50.563468069000059 ], [ 90.794119272000046, 50.743239422000052 ], [ 90.931172291000053, 51.044984139000064 ], [ 91.163406372000054, 51.120086670000035 ], [ 92.885368347000053, 51.525768280000072 ], [ 93.943771362000064, 51.803863525000047 ], [ 94.666282654000057, 51.93717765800006 ], [ 95.003543854000043, 51.951589585000079 ], [ 96.540420532000041, 52.154552460000048 ], [ 96.902359009000065, 52.228740692000024 ], [ 97.151878357000044, 52.301120758000074 ], [ 97.501483917000087, 52.321300507000046 ], [ 97.804473877000078, 52.37590408300008 ], [ 97.988182068000086, 52.427921295000033 ], [ 98.906753540000068, 52.552688599000078 ], [ 99.775947571000074, 52.600318909000059 ], [ 100.625968933000081, 52.577762604000029 ], [ 100.814298524000037, 52.60542100300006 ], [ 101.893966675000058, 52.173324585000039 ], [ 102.360122681000064, 51.903465271000066 ], [ 102.581419780000033, 51.794249091000047 ], [ 103.37103621100006, 51.68649723500004 ], [ 103.866319142000066, 51.702998237000024 ] ] ] } },
{ "type": "Feature", "properties": { "ANCHOR": 0, "TIME": 600.0, "FILE1": "Global_EarthByte_GPlates_PresentDay_StaticPlatePolygons.gpmlz", "RECONFILE1": "Zahirovic_etal_2022_OptimisedMantleRef_and_NNRMantleRef.rot", "OBJECTID_1": "670", "PLATEID1": 401, "FROMAGE": 600.0, "TOAGE": -999.0, "NAME": "Barguzin (Siberia)", "PLATEID2": 0, "GPGIM_TYPE": "gpml:ClosedContinentalBoundary", "L_PLATE": 0, "R_PLATE": 0, "SPREAD_ASY": 0.0, "IMPORT_AGE": 0.0, "Shape_Leng": 34.801147342199997, "Shape_Area": 52.093129846099998, "FEATURE_ID": "GPlates-696ff7cc-0771-498c-982e-0f67dccf56a0" }, "geometry": { "type": "Polygon", "coordinates": [ [ [ 117.610881984000116, 58.062595764000044 ], [ 117.610586643000033, 57.71273413600003 ], [ 117.495159697000076, 57.38908918900006 ], [ 117.43244604500002, 57.016147775000036 ], [ 117.505607589000078, 56.446075254000057 ], [ 117.502112962000055, 55.899309913000081 ], [ 117.555777903000049, 55.618987923000056 ], [ 117.571579998000075, 55.332444702000025 ], [ 117.560941095000089, 54.983883194000043 ], [ 117.517360201000102, 54.733671462000068 ], [ 117.376286464000032, 54.373501768000054 ], [ 117.432148545000018, 54.087133737000045 ], [ 116.90194433000012, 53.967129434000071 ], [ 116.641490128000115, 53.88890313700005 ], [ 116.374532965000085, 53.804772035000035 ], [ 116.098059931000066, 53.695980067000036 ], [ 115.701610110000047, 53.477043445000049 ], [ 115.369965227000094, 53.334691908000082 ], [ 115.063266846000047, 53.23266959700004 ], [ 114.398971558000085, 53.050334930000076 ], [ 113.910911560000045, 52.871417999000073 ], [ 113.422851562, 52.618354797000045 ], [ 113.028022766000049, 52.373886108000072 ], [ 112.156089783000084, 51.969043732000038 ], [ 111.582908460000056, 51.611273063000048 ], [ 111.047023843000034, 51.328807186000063 ], [ 110.558032399000069, 51.105128162000028 ], [ 110.15653532400006, 50.945969375000061 ], [ 109.625021485000062, 50.745778791000077 ], [ 109.315938609000057, 50.636562763000029 ], [ 108.839626776000046, 50.482161049000062 ], [ 108.575647555000046, 50.407572034000054 ], [ 108.382635691000075, 50.36089964700006 ], [ 108.16282706800007, 50.31474614900003 ], [ 108.002132084000053, 50.286249253000044 ], [ 107.942395871000087, 50.280204868000055 ], [ 107.834166423000056, 50.361951859000044 ], [ 107.249162904000059, 50.704407193000065 ], [ 106.657202560000087, 51.076009734000074 ], [ 106.219417584000041, 51.264204717000041 ], [ 106.162719129000038, 51.285375414000043 ], [ 106.114778063000074, 51.305673797000054 ], [ 105.899080515000037, 51.383815719000026 ], [ 105.720627380000053, 51.450448526000052 ], [ 105.682504475000087, 51.46227589700004 ], [ 105.630463454000051, 51.481129080000059 ], [ 105.096384755000088, 51.644115534000036 ], [ 104.683128357000044, 51.583988190000078 ], [ 104.458412170000088, 51.574489594000056 ], [ 103.866319142000066, 51.702998237000024 ], [ 104.476556409000068, 51.880008448000062 ], [ 104.755084241000077, 51.949251181000079 ], [ 105.300880432000042, 52.063545227000077 ], [ 105.429748535000044, 52.106647491000039 ], [ 105.594276428000057, 52.189342499000077 ], [ 106.250008104000074, 52.581860033000055 ], [ 106.343578120000075, 52.644111120000048 ], [ 106.409152729000084, 52.683909876000051 ], [ 106.78122961400004, 52.93899446000006 ], [ 107.293681311000057, 53.321806101000043 ], [ 107.402712034000047, 53.40499586400005 ], [ 107.500690750000047, 53.484771522000067 ], [ 107.68158532800004, 53.62717836500007 ], [ 107.772947701000078, 53.706446984000081 ], [ 107.870600425000077, 53.785957214000064 ], [ 107.970258717000036, 53.877639687000055 ], [ 108.147681312000088, 54.031576625000064 ], [ 108.535802450000062, 54.397922017000035 ], [ 108.714126659000044, 54.609613402000036 ], [ 108.80595786400005, 54.736777992000043 ], [ 108.841200613000069, 54.834659116000068 ], [ 108.855227383000056, 55.28969517500007 ], [ 108.890902503000063, 55.461277427000027 ], [ 108.981178514000078, 55.675911903000042 ], [ 109.110039265000069, 55.85987118000002 ], [ 109.201177677000032, 55.933543546000067 ], [ 109.403148238000085, 56.052370239000034 ], [ 109.640577940000071, 56.177429407000034 ], [ 109.988181817000054, 56.354746231000043 ], [ 112.934341081000071, 57.581630300000036 ], [ 113.357161195000117, 57.72422381300003 ], [ 113.807430131000046, 57.840700740000024 ], [ 114.155731145000118, 57.910340980000058 ], [ 114.502430839000112, 57.959243931000053 ], [ 115.893903565000073, 58.092762463 ], [ 116.716344651000099, 58.109047131000075 ], [ 117.610881984000116, 58.062595764000044 ] ] ] } },
{ "type": "Feature", "properties": { "ANCHOR": 0, "TIME": 600.0, "FILE1": "Global_EarthByte_GPlates_PresentDay_StaticPlatePolygons.gpmlz", "RECONFILE1": "Zahirovic_etal_2022_OptimisedMantleRef_and_NNRMantleRef.rot", "OBJECTID_1": "671", "PLATEID1": 401, "FROMAGE": 600.0, "TOAGE": -999.0, "NAME": "Peri-Siberia", "PLATEID2": 0, "GPGIM_TYPE": "gpml:ClosedContinentalBoundary", "L_PLATE": 0, "R_PLATE": 0, "SPREAD_ASY": 0.0, "IMPORT_AGE": 0.0, "Shape_Leng": 60.188752021799999, "Shape_Area": 35.888706149299999, "FEATURE_ID": "GPlates-35de4688-a5ea-4cd7-9608-98a035805679" }, "geometry": { "type": "Polygon", "coordinates": [ [ [ 138.618299906000061, 53.88102884500006 ], [ 136.637202798000089, 53.594253522000031 ], [ 136.457382202000076, 53.57234954900008 ], [ 135.22879028400007, 53.38405990600004 ], [ 134.485018693000029, 53.289556536000077 ], [ 134.344696045000092, 53.324424744000048 ], [ 132.373138428000061, 53.460968018000067 ], [ 131.173599243000012, 53.582237244000055 ], [ 130.189895630000024, 53.60200500500008 ], [ 129.326568604000045, 53.698230743000074 ], [ 129.094131470000093, 53.747493744000053 ], [ 128.886581421000074, 53.772106171000068 ], [ 127.566688538000093, 53.892478943000064 ], [ 126.682601929000043, 53.904743195000044 ], [ 126.163757324000017, 53.934162140000062 ], [ 125.512123108000083, 53.992935181000057 ], [ 124.997436523000033, 54.107791901000041 ], [ 124.785751343000015, 54.119991302000066 ], [ 124.569923401000096, 54.090705872000051 ], [ 123.897506714000087, 53.912097931000055 ], [ 123.378677368000012, 53.80652999900007 ], [ 123.09229278600003, 53.764724731000051 ], [ 122.353477478000073, 53.754875183000074 ], [ 121.996513367000034, 53.705623627000072 ], [ 121.311246911000026, 53.650470272000064 ], [ 121.029411316000051, 53.60200500500008 ], [ 120.772071838000102, 53.517929077000076 ], [ 120.15363311800003, 53.192436218000068 ], [ 120.024955750000132, 53.147516251000063 ], [ 119.696249120000076, 53.103434606000064 ], [ 119.307109062000109, 53.022646611000027 ], [ 118.630966187, 52.815486908000082 ], [ 118.168945313000123, 52.547458649000077 ], [ 117.950973511000029, 52.387027740000065 ], [ 117.670852661000012, 52.130786896000075 ], [ 116.985809326000108, 51.992572784000053 ], [ 115.412826538000118, 51.788616180000069 ], [ 114.936303362000118, 51.665598296000027 ], [ 114.71572348600013, 51.625237117000026 ], [ 114.276153945000047, 51.560562989000061 ], [ 113.771947897000018, 51.511645793000071 ], [ 113.261711177000052, 51.489343413000043 ], [ 112.62654198700011, 51.499389626000038 ], [ 112.036021524000049, 51.546530417000028 ], [ 111.582908460000056, 51.611273063000048 ], [ 112.156089783000084, 51.969043732000038 ], [ 113.028022766000049, 52.373886108000072 ], [ 113.422851562, 52.618354797000045 ], [ 113.910911560000045, 52.871417999000073 ], [ 114.398971558000085, 53.050334930000076 ], [ 115.063266846000047, 53.23266959700004 ], [ 115.369965227000094, 53.334691908000082 ], [ 115.701610110000047, 53.477043445000049 ], [ 116.098059931000066, 53.695980067000036 ], [ 116.374532965000085, 53.804772035000035 ], [ 116.641490128000115, 53.88890313700005 ], [ 116.90194433000012, 53.967129434000071 ], [ 117.432148545000018, 54.087133737000045 ], [ 118.035318513000107, 53.94268205 ], [ 118.493347168000014, 54.037704468000072 ], [ 119.011322022000058, 54.258060456000059 ], [ 119.563591003000042, 54.523818970000036 ], [ 119.845428467000048, 54.619026184000063 ], [ 120.203437805000021, 54.689723968000067 ], [ 120.69740597100008, 54.746744780000022 ], [ 120.798451249000109, 54.748747358000053 ], [ 121.441261292000036, 54.699661255000088 ], [ 122.412460328000066, 54.714000702000078 ], [ 122.865699768000027, 54.66985702500007 ], [ 123.326553344000118, 54.659912109000054 ], [ 123.795013428000047, 54.697448731000065 ], [ 124.213966370000094, 54.775730133000089 ], [ 124.703621460000036, 54.639706158000088 ], [ 125.844864983000093, 54.449642242000039 ], [ 126.382197353000024, 54.382165592000035 ], [ 127.295585383000116, 54.307619055000025 ], [ 128.242359488000034, 54.331469648000045 ], [ 129.016032198000062, 54.324089871000069 ], [ 130.461490723000111, 54.448002534000075 ], [ 132.474165830000061, 54.785618777000082 ], [ 133.259769098000106, 55.033408194000046 ], [ 134.034511642000098, 55.355974772000089 ], [ 134.824332916000117, 55.719338055000037 ], [ 136.14584886800003, 56.514359781000053 ], [ 136.824065578000045, 56.959137677000065 ], [ 136.983112914000117, 57.087056400000044 ], [ 137.18965404000005, 56.847402153000068 ], [ 137.730740597000022, 56.037436475000035 ], [ 138.77141106900001, 56.28831689000004 ], [ 137.810226052000104, 55.50133861100003 ], [ 138.578979216000107, 55.294650674000067 ], [ 138.642181131000029, 54.759063688000026 ], [ 138.640777966000087, 54.70631081100003 ], [ 138.618299906000061, 53.88102884500006 ] ] ] } },
{ "type": "Feature", "properties": { "ANCHOR": 0, "TIME": 600.0, "FILE1": "Global_EarthByte_GPlates_PresentDay_StaticPlatePolygons.gpmlz", "RECONFILE1": "Zahirovic_etal_2022_OptimisedMantleRef_and_NNRMantleRef.rot", "OBJECTID_1": "672", "PLATEID1": 401, "FROMAGE": 600.0, "TOAGE": -999.0, "NAME": "West Sayan", "PLATEID2": 0, "GPGIM_TYPE": "gpml:ClosedContinentalBoundary", "L_PLATE": 0, "R_PLATE": 0, "SPREAD_ASY": 0.0, "IMPORT_AGE": 0.0, "Shape_Leng": 31.283537776, "Shape_Area": 21.2100086242, "FEATURE_ID": "GPlates-ac69ea40-5bd8-4336-83bc-58f743de4c43" }, "geometry": { "type": "Polygon", "coordinates": [ [ [ 100.814298524000037, 52.60542100300006 ], [ 100.625968933000081, 52.577762604000029 ], [ 99.775947571000074, 52.600318909000059 ], [ 98.906753540000068, 52.552688599000078 ], [ 97.988182068000086, 52.427921295000033 ], [ 97.804473877000078, 52.37590408300008 ], [ 97.501483917000087, 52.321300507000046 ], [ 97.151878357000044, 52.301120758000074 ], [ 96.902359009000065, 52.228740692000024 ], [ 96.540420532000041, 52.154552460000048 ], [ 95.003543854000043, 51.951589585000079 ], [ 94.666282654000057, 51.93717765800006 ], [ 93.943771362000064, 51.803863525000047 ], [ 92.885368347000053, 51.525768280000072 ], [ 91.163406372000054, 51.120086670000035 ], [ 90.931172291000053, 51.044984139000064 ], [ 90.794119272000046, 50.743239422000052 ], [ 90.756500845000062, 50.563468069000059 ], [ 90.741811166000048, 50.448523401000038 ], [ 90.738269854000066, 50.362040755000066 ], [ 90.742570158000035, 50.262011425000026 ], [ 90.758077881000077, 50.144228477000063 ], [ 90.765478359000042, 50.088020989000029 ], [ 90.817465994000031, 49.884987824000071 ], [ 88.931490469000039, 50.004286757000052 ], [ 88.540828488000045, 50.045261917000055 ], [ 88.279536519000047, 50.101548720000039 ], [ 88.039783572000033, 50.108105217000059 ], [ 88.115773774000047, 50.118897969000052 ], [ 87.926370078000048, 50.225131781000073 ], [ 87.892207427000073, 50.238244792000053 ], [ 87.798145016000035, 50.29705137600007 ], [ 87.705085754000038, 50.349246979000036 ], [ 87.360588074000077, 50.570606232000038 ], [ 87.219467163000061, 50.663082123000038 ], [ 87.115707397000051, 50.744834900000058 ], [ 86.945533752000074, 50.940723419000058 ], [ 86.928205916000081, 50.974220584000072 ], [ 86.871787005000044, 51.094505474000073 ], [ 86.850457808000044, 51.202926827000056 ], [ 86.881195069000057, 51.290977478000052 ], [ 86.948332874000073, 51.373867536000034 ], [ 87.053443909000066, 51.453437805000078 ], [ 87.528587464000054, 51.763036172000056 ], [ 87.677076321000072, 51.825006699000028 ], [ 87.91258079000005, 51.915717678000085 ], [ 88.256230938000044, 52.041584649000072 ], [ 88.871040831000073, 52.22837396400007 ], [ 88.931202479000035, 52.242127693000043 ], [ 89.073916023000038, 52.28172228500005 ], [ 89.560540912000079, 52.393161793000047 ], [ 89.90209198000008, 52.467319489000033 ], [ 89.578673318000085, 52.397314203000064 ], [ 90.253067017000035, 52.544322968000074 ], [ 90.565650940000069, 52.637893677000079 ], [ 91.483472074000076, 53.046394049000092 ], [ 91.689865112000064, 53.138198853000063 ], [ 91.726505370000041, 53.152590993000047 ], [ 91.900993347000053, 53.228836060000049 ], [ 92.169708252000078, 53.326679230000074 ], [ 92.358909607000044, 53.371006012000073 ], [ 92.660522461000085, 53.410362244000048 ], [ 92.787944847000063, 53.416101740000045 ], [ 92.811332703000062, 53.418560028000051 ], [ 93.699698416000047, 53.423320813000025 ], [ 93.83409118700007, 53.421016693000063 ], [ 94.004089356000065, 53.423475266000082 ], [ 94.034248352000091, 53.425113678000059 ], [ 94.461997986000085, 53.513511658000027 ], [ 94.804748535000044, 53.53068161000003 ], [ 95.15297699000007, 53.569892883000072 ], [ 95.443626404000042, 53.62048721300004 ], [ 96.130337956000062, 53.777360714000054 ], [ 96.202458371000034, 53.783051585000059 ], [ 96.308497328000044, 53.787171006000051 ], [ 96.726722717000087, 53.628025055000073 ], [ 97.447170075000031, 53.414962232000043 ], [ 97.93797008100006, 53.311474195000073 ], [ 98.286043149000079, 53.245454965000071 ], [ 99.057403564000083, 53.215049744000062 ], [ 99.664749146000077, 53.268947601000043 ], [ 99.848299002000033, 53.257685102000039 ], [ 99.952495027000055, 53.198523947000076 ], [ 100.078788757000041, 53.061618805000073 ], [ 100.155563354000037, 53.008697510000069 ], [ 100.814298524000037, 52.60542100300006 ] ] ] } },
{ "type": "Feature", "properties": { "ANCHOR": 0, "TIME": 600.0, "FILE1": "Global_EarthByte_GPlates_PresentDay_StaticPlatePolygons.gpmlz", "RECONFILE1": "Zahirovic_etal_2022_OptimisedMantleRef_and_NNRMantleRef.rot", "OBJECTID_1": "673", "PLATEID1": 401, "FROMAGE": 600.0, "TOAGE": -999.0, "NAME": "Kobdin (Siberia)", "PLATEID2": 0, "GPGIM_TYPE": "gpml:ClosedContinentalBoundary", "L_PLATE": 0, "R_PLATE": 0, "SPREAD_ASY": 0.0, "IMPORT_AGE": 0.0, "Shape_Leng": 19.450508122599999, "Shape_Area": 6.7847731302899996, "FEATURE_ID": "GPlates-0f48b85e-34da-450d-99ef-b041eba8ea8f" }, "geometry": { "type": "Polygon", "coordinates": [ [ [ 94.417035990000045, 46.212846932000062 ], [ 94.517579113000082, 46.136653483000032 ], [ 94.610809326000037, 46.066001892000031 ], [ 95.030014038000047, 45.851669312000055 ], [ 94.403274536000083, 46.025516510000045 ], [ 94.228950500000053, 46.057331085000051 ], [ 92.593627930000082, 46.227645874000075 ], [ 92.159089062000078, 46.256189167000045 ], [ 92.120452881000062, 46.296775818000079 ], [ 91.809165955000083, 46.385936737000065 ], [ 91.722000122000068, 46.429027557000026 ], [ 91.423164368000073, 46.668266296000063 ], [ 90.771522522000055, 47.317543030000081 ], [ 90.622100830000079, 47.548606873000011 ], [ 90.472671509000065, 47.732444763000046 ], [ 90.211196899000072, 48.134319305000083 ], [ 90.057617187000062, 48.310539246000062 ], [ 89.776136905000044, 48.702845679000063 ], [ 89.256553650000058, 49.224666595000045 ], [ 88.969914987000038, 49.431347204000076 ], [ 88.760200369000088, 49.563134705000053 ], [ 88.600216473000046, 49.655704805000035 ], [ 88.218456124000056, 49.831111695000061 ], [ 87.649670128000082, 50.026911560000016 ], [ 87.526141180000081, 50.091829216000058 ], [ 87.375471978000078, 50.125002310000056 ], [ 87.583346649000077, 50.133943976000062 ], [ 88.039783572000033, 50.108105217000059 ], [ 88.279536519000047, 50.101548720000039 ], [ 88.540828488000045, 50.045261917000055 ], [ 88.931490469000039, 50.004286757000052 ], [ 90.817465994000031, 49.884987824000071 ], [ 90.765478359000042, 50.088020989000029 ], [ 90.758077881000077, 50.144228477000063 ], [ 91.257476370000063, 48.21475517600004 ], [ 91.299337980000075, 48.125529854000035 ], [ 91.401775634000046, 48.018369538000044 ], [ 91.67191173100008, 47.767171185000052 ], [ 91.749341099000048, 47.701894173000028 ], [ 92.079647222000062, 47.477154036000051 ], [ 92.349956249000059, 47.338826669000071 ], [ 92.61549315600007, 47.257688042000041 ], [ 92.824181435000071, 47.162863495000074 ], [ 93.261871338000049, 46.868015289000013 ], [ 93.797286987000064, 46.550926208000078 ], [ 94.158393860000047, 46.301090240000057 ], [ 94.417035990000045, 46.212846932000062 ] ] ] } },
{ "type": "Feature", "properties": { "ANCHOR": 0, "TIME": 600.0, "FILE1": "Global_EarthByte_GPlates_PresentDay_StaticPlatePolygons.gpmlz", "RECONFILE1": "Zahirovic_etal_2022_OptimisedMantleRef_and_NNRMantleRef.rot", "OBJECTID_1": "674", "PLATEID1": 401, "FROMAGE": 600.0, "TOAGE": -999.0, "NAME": "Altai Sayan (Siberian Terranes)", "PLATEID2": 0, "GPGIM_TYPE": "gpml:ClosedContinentalBoundary", "L_PLATE": 0, "R_PLATE": 0, "SPREAD_ASY": 0.0, "IMPORT_AGE": 0.0, "Shape_Leng": 15.2066313676, "Shape_Area": 6.1799394997299997, "FEATURE_ID": "GPlates-41b4d0ed-3a27-444d-a867-d7fafcc06443" }, "geometry": { "type": "Polygon", "coordinates": [ [ [ 89.578673318000085, 52.397314203000064 ], [ 89.90209198000008, 52.467319489000033 ], [ 89.560540912000079, 52.393161793000047 ], [ 89.073916023000038, 52.28172228500005 ], [ 88.931202479000035, 52.242127693000043 ], [ 88.871040831000073, 52.22837396400007 ], [ 88.256230938000044, 52.041584649000072 ], [ 87.91258079000005, 51.915717678000085 ], [ 87.677076321000072, 51.825006699000028 ], [ 87.528587464000054, 51.763036172000056 ], [ 87.053443909000066, 51.453437805000078 ], [ 86.948332874000073, 51.373867536000034 ], [ 86.881195069000057, 51.290977478000052 ], [ 86.850457808000044, 51.202926827000056 ], [ 86.871787005000044, 51.094505474000073 ], [ 86.928205916000081, 50.974220584000072 ], [ 86.945533752000074, 50.940723419000058 ], [ 87.115707397000051, 50.744834900000058 ], [ 87.219467163000061, 50.663082123000038 ], [ 87.360588074000077, 50.570606232000038 ], [ 87.705085754000038, 50.349246979000036 ], [ 87.798145016000035, 50.29705137600007 ], [ 87.892207427000073, 50.238244792000053 ], [ 87.926370078000048, 50.225131781000073 ], [ 88.115773774000047, 50.118897969000052 ], [ 88.039783572000033, 50.108105217000059 ], [ 87.583346649000077, 50.133943976000062 ], [ 87.375471978000078, 50.125002310000056 ], [ 87.240519094000035, 50.143837711000053 ], [ 87.14646213900005, 50.165427357000056 ], [ 86.787803650000058, 50.30356979400004 ], [ 86.501419067000086, 50.46289062500005 ], [ 86.281440735000047, 50.63619995100003 ], [ 86.159979596000085, 50.756231588000055 ], [ 86.104605388000039, 50.826476033000063 ], [ 85.933974167000031, 51.091712538000081 ], [ 85.671302795000031, 51.516490936000068 ], [ 85.501129150000054, 51.76454544100006 ], [ 85.377924187000076, 52.015407520000068 ], [ 85.764757528000075, 52.113462200000065 ], [ 85.894778749000068, 52.164331871000051 ], [ 86.143969930000083, 52.266331757000046 ], [ 86.201531284000055, 52.296390335000055 ], [ 87.659431458000086, 53.142692566000051 ], [ 88.318827853000073, 53.469520999000046 ], [ 88.316785633000052, 53.739428839000027 ], [ 88.269812791000049, 54.008686671000071 ], [ 88.394081116000052, 53.971473694000046 ], [ 88.709526062000066, 53.796051025000054 ], [ 89.278160095000032, 53.42932891800006 ], [ 89.361167908000084, 53.367279053000054 ], [ 89.477378845000032, 53.245391846000068 ], [ 89.523040771000069, 53.173091888000044 ], [ 89.601898193000068, 52.922836304000043 ], [ 89.61019897500006, 52.813518524000067 ], [ 89.578673318000085, 52.397314203000064 ] ] ] } },
{ "type": "Feature", "properties": { "ANCHOR": 0, "TIME": 600.0, "FILE1": "Global_EarthByte_GPlates_PresentDay_StaticPlatePolygons.gpmlz", "RECONFILE1": "Zahirovic_etal_2022_OptimisedMantleRef_and_NNRMantleRef.rot", "OBJECTID_1": "675", "PLATEID1": 401, "FROMAGE": 600.0, "TOAGE": -999.0, "NAME": "Altai Sayan (Siberian Terranes)", "PLATEID2": 0, "GPGIM_TYPE": "gpml:ClosedContinentalBoundary", "L_PLATE": 0, "R_PLATE": 0, "SPREAD_ASY": 0.0, "IMPORT_AGE": 0.0, "Shape_Leng": 12.7215347324, "Shape_Area": 5.5738061453699999, "FEATURE_ID": "GPlates-f15ee054-856a-4384-ba29-0625fb254249" }, "geometry": { "type": "Polygon", "coordinates": [ [ [ 91.483472074000076, 53.046394049000092 ], [ 90.565650940000069, 52.637893677000079 ], [ 90.253067017000035, 52.544322968000074 ], [ 89.578673318000085, 52.397314203000064 ], [ 89.61019897500006, 52.813518524000067 ], [ 89.601898193000068, 52.922836304000043 ], [ 89.523040771000069, 53.173091888000044 ], [ 89.477378845000032, 53.245391846000068 ], [ 89.361167908000084, 53.367279053000054 ], [ 89.278160095000032, 53.42932891800006 ], [ 88.709526062000066, 53.796051025000054 ], [ 88.394081116000052, 53.971473694000046 ], [ 88.269812791000049, 54.008686671000071 ], [ 88.190704346000075, 54.264850616000047 ], [ 88.10769653300008, 54.408031464000032 ], [ 87.846206665000068, 54.662803650000065 ], [ 87.771492004000038, 54.785400391000046 ], [ 87.696691396000062, 54.882922109000042 ], [ 87.667732239000031, 54.92555618300004 ], [ 87.630064023000045, 54.969787926000038 ], [ 87.588867187000062, 55.023498535000044 ], [ 87.54064766700003, 55.074784702000045 ], [ 87.476806641000053, 55.149749756000062 ], [ 87.42405407800004, 55.198793367000057 ], [ 86.978661791000036, 55.671524529000067 ], [ 86.715518169000077, 55.914736643000012 ], [ 86.804306422000082, 55.897529051000035 ], [ 86.975313043000085, 55.864387142000048 ], [ 87.3063628230001, 55.825254669000053 ], [ 88.090598070000055, 55.714383901000069 ], [ 88.632239168000069, 55.628415361000066 ], [ 88.898495921000062, 55.584606428000029 ], [ 89.014371482000058, 55.318528256000036 ], [ 89.150175777000072, 55.081749787000035 ], [ 89.293505411000083, 54.87759552000005 ], [ 89.312625344000082, 54.855574610000083 ], [ 89.328839607000077, 54.833346573000028 ], [ 89.392443617000083, 54.763645884000027 ], [ 89.473341105000031, 54.670474201000061 ], [ 89.503893674000039, 54.641512930000026 ], [ 89.525462369000081, 54.617876797000072 ], [ 89.553196610000043, 54.594777886000038 ], [ 89.647154303000036, 54.505713882000066 ], [ 89.83869319300004, 54.354806551000074 ], [ 89.856455813000082, 54.342203561000076 ], [ 90.229826811000066, 54.131144786000043 ], [ 90.880151889000047, 53.662658834000062 ], [ 91.19987147300003, 53.37256171600005 ], [ 91.483472074000076, 53.046394049000092 ] ] ] } },
{ "type": "Feature", "properties": { "ANCHOR": 0, "TIME": 600.0, "FILE1": "Global_EarthByte_GPlates_PresentDay_StaticPlatePolygons.gpmlz", "RECONFILE1": "Zahirovic_etal_2022_OptimisedMantleRef_and_NNRMantleRef.rot", "OBJECTID_1": "676", "PLATEID1": 401, "FROMAGE": 600.0, "TOAGE": -999.0, "NAME": "Altai Sayan (Siberian Terranes)", "PLATEID2": 0, "GPGIM_TYPE": "gpml:ClosedContinentalBoundary", "L_PLATE": 0, "R_PLATE": 0, "SPREAD_ASY": 0.0, "IMPORT_AGE": 0.0, "Shape_Leng": 16.799370846399999, "Shape_Area": 7.81619209685, "FEATURE_ID": "GPlates-2fffc9f3-62b2-4f7c-84a9-670f8456caca" }, "geometry": { "type": "Polygon", "coordinates": [ [ [ 96.308497328000044, 53.787171006000051 ], [ 96.202458371000034, 53.783051585000059 ], [ 96.130337956000062, 53.777360714000054 ], [ 95.443626404000042, 53.62048721300004 ], [ 95.15297699000007, 53.569892883000072 ], [ 94.804748535000044, 53.53068161000003 ], [ 94.461997986000085, 53.513511658000027 ], [ 94.034248352000091, 53.425113678000059 ], [ 94.004089356000065, 53.423475266000082 ], [ 93.83409118700007, 53.421016693000063 ], [ 93.699698416000047, 53.423320813000025 ], [ 92.811332703000062, 53.418560028000051 ], [ 92.787944847000063, 53.416101740000045 ], [ 92.660522461000085, 53.410362244000048 ], [ 92.358909607000044, 53.371006012000073 ], [ 92.169708252000078, 53.326679230000074 ], [ 91.900993347000053, 53.228836060000049 ], [ 91.726505370000041, 53.152590993000047 ], [ 91.689865112000064, 53.138198853000063 ], [ 91.483472074000076, 53.046394049000092 ], [ 91.19987147300003, 53.37256171600005 ], [ 90.880151889000047, 53.662658834000062 ], [ 90.229826811000066, 54.131144786000043 ], [ 89.856455813000082, 54.342203561000076 ], [ 89.83869319300004, 54.354806551000074 ], [ 89.647154303000036, 54.505713882000066 ], [ 89.553196610000043, 54.594777886000038 ], [ 89.525462369000081, 54.617876797000072 ], [ 89.503893674000039, 54.641512930000026 ], [ 89.473341105000031, 54.670474201000061 ], [ 89.392443617000083, 54.763645884000027 ], [ 89.328839607000077, 54.833346573000028 ], [ 89.312625344000082, 54.855574610000083 ], [ 89.293505411000083, 54.87759552000005 ], [ 89.150175777000072, 55.081749787000035 ], [ 89.014371482000058, 55.318528256000036 ], [ 88.898495921000062, 55.584606428000029 ], [ 88.632239168000069, 55.628415361000066 ], [ 89.697394165000048, 55.457360882000046 ], [ 89.97829426100003, 55.41394249700005 ], [ 91.095031253000059, 55.272790527000033 ], [ 91.406752109000081, 55.204619348000044 ], [ 91.824575424000045, 55.086965561000049 ], [ 91.919972510000036, 55.052652335000062 ], [ 91.981131653000034, 55.034805948000042 ], [ 92.276662827000067, 54.922746658000051 ], [ 92.481876172000057, 54.827374458000072 ], [ 92.748115540000072, 54.71604919400005 ], [ 93.25811767600004, 54.550529480000087 ], [ 93.971031189000087, 54.361911774000063 ], [ 94.782661438000048, 54.186901093000067 ], [ 95.942520142000035, 53.903541565000069 ], [ 96.126228333000086, 53.856529236000029 ], [ 96.308497328000044, 53.787171006000051 ] ] ] } },
{ "type": "Feature", "properties": { "ANCHOR": 0, "TIME": 600.0, "FILE1": "Global_EarthByte_GPlates_PresentDay_StaticPlatePolygons.gpmlz", "RECONFILE1": "Zahirovic_etal_2022_OptimisedMantleRef_and_NNRMantleRef.rot", "OBJECTID_1": "677", "PLATEID1": 401, "FROMAGE": 600.0, "TOAGE": -999.0, "NAME": "Altai Sayan (Siberian Terranes)", "PLATEID2": 0, "GPGIM_TYPE": "gpml:ClosedContinentalBoundary", "L_PLATE": 0, "R_PLATE": 0, "SPREAD_ASY": 0.0, "IMPORT_AGE": 0.0, "Shape_Leng": 19.049540672300001, "Shape_Area": 13.627823805, "FEATURE_ID": "GPlates-8bc895a3-f826-4cdb-ac23-fd6a98ffff58" }, "geometry": { "type": "Polygon", "coordinates": [ [ [ 85.44819314700004, 56.422716216000019 ], [ 85.864030997000057, 56.199799766000076 ], [ 86.111455944000056, 56.101951523000082 ], [ 86.363750201000073, 56.017106866000063 ], [ 86.602568348000034, 55.947606885000027 ], [ 86.804306422000082, 55.897529051000035 ], [ 86.715518169000077, 55.914736643000012 ], [ 86.978661791000036, 55.671524529000067 ], [ 87.42405407800004, 55.198793367000057 ], [ 87.476806641000053, 55.149749756000062 ], [ 87.54064766700003, 55.074784702000045 ], [ 87.588867187000062, 55.023498535000044 ], [ 87.630064023000045, 54.969787926000038 ], [ 87.667732239000031, 54.92555618300004 ], [ 87.696691396000062, 54.882922109000042 ], [ 87.771492004000038, 54.785400391000046 ], [ 87.846206665000068, 54.662803650000065 ], [ 88.10769653300008, 54.408031464000032 ], [ 88.190704346000075, 54.264850616000047 ], [ 88.269812791000049, 54.008686671000071 ], [ 88.316785633000052, 53.739428839000027 ], [ 88.318827853000073, 53.469520999000046 ], [ 87.659431458000086, 53.142692566000051 ], [ 86.201531284000055, 52.296390335000055 ], [ 86.143969930000083, 52.266331757000046 ], [ 85.894778749000068, 52.164331871000051 ], [ 85.764757528000075, 52.113462200000065 ], [ 85.377924187000076, 52.015407520000068 ], [ 85.396869896000055, 52.508025911000054 ], [ 85.396718965000048, 53.101607845000046 ], [ 85.36342099500007, 53.324657719000065 ], [ 85.287135387000035, 53.504954196000021 ], [ 85.168930639000052, 53.664487195000049 ], [ 85.01733680600006, 53.790684959000025 ], [ 84.940535921000048, 53.82969846900005 ], [ 84.839160066000034, 53.878239792000045 ], [ 84.774954688000037, 53.895179056000067 ], [ 84.283378219000042, 54.008474052000047 ], [ 84.178560035000032, 54.02751204000004 ], [ 84.059738745000061, 54.042392354000064 ], [ 83.84761183300003, 54.063111647000028 ], [ 83.721728541000061, 54.069990778000026 ], [ 83.560217243000068, 54.072318684000024 ], [ 83.155908084000032, 54.057701732000048 ], [ 82.493682723000063, 53.914855519000071 ], [ 81.828678208000042, 53.824502754000058 ], [ 81.63475235600005, 53.825552589000047 ], [ 81.443053891000034, 53.847680869000037 ], [ 81.253100800000084, 53.890843606000033 ], [ 81.06761657100003, 53.955182965000056 ], [ 81.746763958000031, 54.312809335000054 ], [ 82.357245567000064, 54.579295885000079 ], [ 84.39083839400007, 55.724425827000054 ], [ 84.598099194000042, 55.907434261000049 ], [ 84.791783068000086, 56.111377503000021 ], [ 84.963859844000069, 56.327800028000063 ], [ 85.117390915000044, 56.559930766000036 ], [ 85.44819314700004, 56.422716216000019 ] ] ] } },
{ "type": "Feature", "properties": { "ANCHOR": 0, "TIME": 600.0, "FILE1": "Global_EarthByte_GPlates_PresentDay_StaticPlatePolygons.gpmlz", "RECONFILE1": "Zahirovic_etal_2022_OptimisedMantleRef_and_NNRMantleRef.rot", "OBJECTID_1": "678", "PLATEID1": 580, "FROMAGE": 600.0, "TOAGE": -999.0, "NAME": "Tarim", "PLATEID2": 0, "GPGIM_TYPE": "gpml:ClosedContinentalBoundary", "L_PLATE": 0, "R_PLATE": 0, "SPREAD_ASY": 0.0, "IMPORT_AGE": 0.0, "Shape_Leng": 37.677739999700002, "Shape_Area": 67.694254100400002, "FEATURE_ID": "GPlates-348334a3-b468-4858-9228-f1fad3939e75" }, "geometry": { "type": "Polygon", "coordinates": [ [ [ 87.202036149000037, 42.054046667000087 ], [ 88.301509397000075, 41.73164473700006 ], [ 88.780978933000085, 41.756444886000054 ], [ 89.233890495000097, 41.818324973000074 ], [ 89.840881348000039, 41.571647644000059 ], [ 90.118705749000071, 41.493835449000073 ], [ 90.647109985000043, 41.378982544000053 ], [ 92.464379333000068, 40.681260738000049 ], [ 91.822209402000055, 40.014391963000037 ], [ 91.451726749000045, 39.569812779000074 ], [ 91.031846409000082, 39.149932440000043 ], [ 90.340278792000063, 38.828847474000042 ], [ 89.747506547000071, 38.581859039000051 ], [ 88.87879369100007, 38.309285402000057 ], [ 88.307103097000038, 38.188802065000061 ], [ 87.571737501000086, 37.954609200000057 ], [ 87.360950201000037, 37.901912374000062 ], [ 87.290706063000073, 37.88435134000008 ], [ 86.550656610000033, 37.75320333600007 ], [ 86.10100630900007, 37.612687617000063 ], [ 85.53547538600003, 37.335184020000042 ], [ 85.082626110000035, 37.184234262000075 ], [ 84.465104371000052, 37.060729914000035 ], [ 83.449624177000032, 36.511821701000031 ], [ 83.191294618000086, 36.325640139000029 ], [ 82.624282837000067, 36.179035187000068 ], [ 82.033727051000085, 36.260040624000055 ], [ 81.369907264000062, 36.385628151000049 ], [ 80.957262532000072, 36.439451377000069 ], [ 80.454912422000064, 36.582979980000061 ], [ 79.539917581000054, 36.762390733000075 ], [ 78.894038869000042, 36.923860411000078 ], [ 77.979044028000033, 37.013565787000061 ], [ 76.573505442000055, 37.120916230000034 ], [ 76.113172194000086, 38.054148156000053 ], [ 75.754350687000056, 38.574439341000073 ], [ 75.507870906000051, 39.169765160000054 ], [ 75.661252244000082, 39.484506477000018 ], [ 75.990690938000057, 40.080872233000036 ], [ 76.711706873000082, 40.351253209000049 ], [ 77.97348475900003, 40.869483412000079 ], [ 78.67196894600005, 41.117332640000036 ], [ 80.001342077000061, 41.545435851000043 ], [ 80.313600626000039, 41.656812396000085 ], [ 80.599997992000056, 41.810001597000046 ], [ 80.883175607000055, 41.859968701000071 ], [ 81.125999784000044, 41.946579357000076 ], [ 82.696675851000066, 42.252447854000025 ], [ 83.738282085000037, 42.268981287000031 ], [ 84.432686241000056, 42.310314867000045 ], [ 85.02788980400004, 42.326848300000066 ], [ 85.656160230000069, 42.285514719000048 ], [ 86.424964832000057, 42.202847558000038 ], [ 87.202036149000037, 42.054046667000087 ] ] ] } },
{ "type": "Feature", "properties": { "ANCHOR": 0, "TIME": 600.0, "FILE1": "Global_EarthByte_GPlates_PresentDay_StaticPlatePolygons.gpmlz", "RECONFILE1": "Zahirovic_etal_2022_OptimisedMantleRef_and_NNRMantleRef.rot", "OBJECTID_1": "679", "PLATEID1": 457, "FROMAGE": 600.0, "TOAGE": -999.0, "NAME": "Kunlun", "PLATEID2": 0, "GPGIM_TYPE": "gpml:ClosedContinentalBoundary", "L_PLATE": 0, "R_PLATE": 0, "SPREAD_ASY": 0.0, "IMPORT_AGE": 0.0, "Shape_Leng": 69.142604724899996, "Shape_Area": 51.811759258899997, "FEATURE_ID": "GPlates-650d2887-a6ef-4b8f-b7d7-9fef2b59b8c5" }, "geometry": { "type": "Polygon", "coordinates": [ [ [ 87.360950201000037, 37.901912374000062 ], [ 87.972427326000059, 37.640463924000073 ], [ 89.265008361000071, 37.730643996000026 ], [ 89.768684387000064, 37.655509949000077 ], [ 90.118708299000048, 37.52686326200007 ], [ 91.424758911000083, 36.96723175000006 ], [ 92.296371460000046, 36.686794281000061 ], [ 92.773689270000034, 36.578018188000044 ], [ 93.58304595900006, 36.249073029000037 ], [ 93.993949890000067, 36.12282562300004 ], [ 94.753501892000031, 35.954185486000029 ], [ 95.766235352000081, 35.800403595000034 ], [ 95.859622955000077, 35.764869690000069 ], [ 95.99337005600006, 35.663005829000042 ], [ 97.358719486000041, 35.746274586000027 ], [ 97.871193249000044, 35.896982528000024 ], [ 98.352153634000047, 35.896982528000024 ], [ 98.893234067000037, 35.957102577000057 ], [ 99.434314500000085, 35.866922504000058 ], [ 99.975394933000075, 35.626442312000052 ], [ 100.426295294000056, 35.446082168000032 ], [ 101.237915944000065, 35.446082168000032 ], [ 101.718876329000068, 35.325842071000068 ], [ 103.131697459000065, 34.844881686000058 ], [ 103.702837917000068, 34.754701614000055 ], [ 104.123678253000037, 34.574341470000036 ], [ 104.544518590000052, 34.24368120500003 ], [ 105.025478975000055, 34.063321061000067 ], [ 105.656739481000045, 34.063321061000067 ], [ 106.378180058000055, 34.123441109000055 ], [ 106.979380539000033, 34.123441109000055 ], [ 107.911241285000074, 33.94308096500005 ], [ 108.765615598000068, 33.925663878000087 ], [ 108.777343450000046, 33.920444364000048 ], [ 109.210863700000061, 33.73460716500005 ], [ 109.37207647300005, 33.673180564000063 ], [ 109.536926, 33.627392 ], [ 109.842568456000038, 33.575204427000074 ], [ 108.354661640000074, 33.63436658300003 ], [ 107.970000983000034, 33.680000748000055 ], [ 107.69999705500004, 33.759998785000057 ], [ 107.120002896000074, 33.899997735000056 ], [ 106.800003153000034, 33.889999525000064 ], [ 106.550002885000083, 33.899997735000056 ], [ 106.23999817300006, 33.920001747000072 ], [ 105.900002010000037, 33.920001747000072 ], [ 105.589996062000068, 33.889999525000064 ], [ 105.290001038000085, 33.81000184100003 ], [ 104.900002173000075, 33.669998830000054 ], [ 104.449996923000072, 33.630001754000034 ], [ 104.080002070000035, 33.569999605000078 ], [ 103.839995950000059, 33.479999650000025 ], [ 103.569999969000051, 33.409999646000074 ], [ 103.250007996000079, 33.369998684000052 ], [ 102.849997854000037, 33.270000696000068 ], [ 102.599997939000048, 33.189998597000042 ], [ 102.330001958000082, 33.090000609000072 ], [ 101.870002913000079, 33.069999775000042 ], [ 101.370002906000082, 33.060001566000039 ], [ 101.360000988000081, 33.11000056000006 ], [ 100.970001064000087, 33.119998769000063 ], [ 100.589995994000049, 33.08000169300005 ], [ 100.290000970000051, 33.09999864200006 ], [ 100.00000009300004, 33.069999775000042 ], [ 99.65999598500008, 33.09999864200006 ], [ 99.470001043000082, 33.139999603000035 ], [ 99.080002002000072, 33.139999603000035 ], [ 98.860000954000043, 33.239997591000069 ], [ 98.76000190600007, 33.299999740000032 ], [ 98.230003032000084, 33.380001662000041 ], [ 97.879997006000053, 33.430000656000061 ], [ 97.620003119000046, 33.490001745000029 ], [ 97.300003023000045, 33.54000073900005 ], [ 96.98999795800006, 33.639999787000079 ], [ 96.72000091700005, 33.72000170900003 ], [ 96.419998123000084, 33.740001660000075 ], [ 96.249999954000032, 33.81000184100003 ], [ 96.187171875000047, 33.823463638000071 ], [ 95.970000995000078, 33.869991628000037 ], [ 95.529991129000052, 33.979999657000064 ], [ 95.159996100000058, 34.069999612000061 ], [ 94.800002989000063, 34.11000075000004 ], [ 94.519996967000054, 34.290000661000079 ], [ 94.19000201700004, 34.340000714000041 ], [ 93.870003157000042, 34.409999836000054 ], [ 93.519996954000078, 34.540000576000068 ], [ 93.110000964000051, 34.680000585000073 ], [ 92.889999032000048, 34.829997744000025 ], [ 92.449996935000058, 34.860000672000069 ], [ 91.970001117000052, 34.950000627000065 ], [ 91.559998064000069, 35.029998665000058 ], [ 91.01999691900005, 35.200000719000059 ], [ 90.430000136000046, 35.330001636000077 ], [ 90.373860860000036, 35.333009016000069 ], [ 89.870002925000051, 35.360000679000045 ], [ 89.220000815000049, 35.319999718000076 ], [ 88.639999062000072, 35.340000728000064 ], [ 88.349998010000036, 35.360000679000045 ], [ 87.779991111000072, 35.330001636000077 ], [ 87.330002107000041, 35.330001636000077 ], [ 86.879997032000063, 35.290000498000047 ], [ 86.330001916000072, 35.299999767000024 ], [ 85.860000953000053, 35.249999713000079 ], [ 85.239998062000041, 35.229999586000083 ], [ 84.849997962000032, 35.239997619000071 ], [ 84.139999001000035, 35.159999758000019 ], [ 83.529999088000068, 35.139999630000034 ], [ 82.949996982000073, 35.130001597000039 ], [ 82.360001082000053, 35.139999630000034 ], [ 81.900002036000046, 35.119998797000051 ], [ 81.409996001000081, 35.130001597000039 ], [ 80.980003062000037, 35.180000592000056 ], [ 80.610000969000055, 35.229999586000083 ], [ 80.320000093000033, 35.260002691000075 ], [ 80.070000001000039, 35.350002822000079 ], [ 79.639998940000055, 35.470001645000025 ], [ 79.319999903000053, 35.569999809000024 ], [ 78.930000155000073, 35.849998768000034 ], [ 78.589995870000052, 35.999999812000055 ], [ 78.30999797100003, 36.189998638000077 ], [ 77.699996999000064, 36.290000688000077 ], [ 77.370002931000045, 36.329997764000041 ], [ 76.978303259000029, 36.357978818000049 ], [ 76.860781084000052, 36.579477205000039 ], [ 76.573505442000055, 37.120916230000034 ], [ 77.979044028000033, 37.013565787000061 ], [ 78.894038869000042, 36.923860411000078 ], [ 79.539917581000054, 36.762390733000075 ], [ 80.454912422000064, 36.582979980000061 ], [ 80.957262532000072, 36.439451377000069 ], [ 81.369907264000062, 36.385628151000049 ], [ 82.033727051000085, 36.260040624000055 ], [ 82.624282837000067, 36.179035187000068 ], [ 83.191294618000086, 36.325640139000029 ], [ 83.449624177000032, 36.511821701000031 ], [ 84.465104371000052, 37.060729914000035 ], [ 85.082626110000035, 37.184234262000075 ], [ 85.53547538600003, 37.335184020000042 ], [ 86.10100630900007, 37.612687617000063 ], [ 86.550656610000033, 37.75320333600007 ], [ 87.290706063000073, 37.88435134000008 ], [ 87.360950201000037, 37.901912374000062 ] ] ] } },
{ "type": "Feature", "properties": { "ANCHOR": 0, "TIME": 600.0, "FILE1": "Global_EarthByte_GPlates_PresentDay_StaticPlatePolygons.gpmlz", "RECONFILE1": "Zahirovic_etal_2022_OptimisedMantleRef_and_NNRMantleRef.rot", "OBJECTID_1": "680", "PLATEID1": 456, "FROMAGE": 600.0, "TOAGE": -999.0, "NAME": "Qaidam-Qilian", "PLATEID2": 0, "GPGIM_TYPE": "gpml:ClosedContinentalBoundary", "L_PLATE": 0, "R_PLATE": 0, "SPREAD_ASY": 0.0, "IMPORT_AGE": 0.0, "Shape_Leng": 47.676026610299999, "Shape_Area": 52.438718785399999, "FEATURE_ID": "GPlates-99a62ed9-3896-40a8-9478-1d2712100da6" }, "geometry": { "type": "Polygon", "coordinates": [ [ [ 100.621068707000063, 38.420270494000079 ], [ 101.542788496000071, 38.108377546000035 ], [ 102.625703456000053, 37.698879442000084 ], [ 102.972526077000055, 37.546277489000033 ], [ 103.236111270000038, 37.358993274000056 ], [ 103.883198061000087, 37.15950353900007 ], [ 104.781552869000052, 36.956679033000057 ], [ 105.371151325000085, 36.672284484000045 ], [ 106.35839806000007, 36.357047809000065 ], [ 106.35214699800008, 36.425809490000063 ], [ 106.420666417000064, 36.334835852000033 ], [ 106.468360130000065, 36.317822865000032 ], [ 106.859140443000058, 35.927042553000035 ], [ 107.219860732000086, 35.205601975000036 ], [ 107.610641044000033, 34.724641590000033 ], [ 108.662741887000038, 34.123441109000055 ], [ 108.765615598000068, 33.925663878000087 ], [ 107.911241285000074, 33.94308096500005 ], [ 106.979380539000033, 34.123441109000055 ], [ 106.378180058000055, 34.123441109000055 ], [ 105.656739481000045, 34.063321061000067 ], [ 105.025478975000055, 34.063321061000067 ], [ 104.544518590000052, 34.24368120500003 ], [ 104.123678253000037, 34.574341470000036 ], [ 103.702837917000068, 34.754701614000055 ], [ 103.131697459000065, 34.844881686000058 ], [ 101.718876329000068, 35.325842071000068 ], [ 101.237915944000065, 35.446082168000032 ], [ 100.426295294000056, 35.446082168000032 ], [ 99.975394933000075, 35.626442312000052 ], [ 99.434314500000085, 35.866922504000058 ], [ 98.893234067000037, 35.957102577000057 ], [ 98.352153634000047, 35.896982528000024 ], [ 97.871193249000044, 35.896982528000024 ], [ 97.358719486000041, 35.746274586000027 ], [ 95.99337005600006, 35.663005829000042 ], [ 95.859622955000077, 35.764869690000069 ], [ 95.766235352000081, 35.800403595000034 ], [ 94.753501892000031, 35.954185486000029 ], [ 93.993949890000067, 36.12282562300004 ], [ 93.58304595900006, 36.249073029000037 ], [ 92.773689270000034, 36.578018188000044 ], [ 92.296371460000046, 36.686794281000061 ], [ 91.424758911000083, 36.96723175000006 ], [ 90.118708299000048, 37.52686326200007 ], [ 89.768684387000064, 37.655509949000077 ], [ 89.265008361000071, 37.730643996000026 ], [ 87.972427326000059, 37.640463924000073 ], [ 87.360950201000037, 37.901912374000062 ], [ 87.571737501000086, 37.954609200000057 ], [ 88.307103097000038, 38.188802065000061 ], [ 88.87879369100007, 38.309285402000057 ], [ 89.747506547000071, 38.581859039000051 ], [ 88.890228133000051, 38.311071885000047 ], [ 89.390105906000031, 38.389171317000027 ], [ 89.957344839000086, 38.549710638000079 ], [ 90.567394257000046, 38.699547337000084 ], [ 91.145335811000052, 38.806573551000042 ], [ 92.311921541000061, 39.149057435000032 ], [ 93.448776903000066, 39.349755119000065 ], [ 94.322769908000055, 39.453801905000041 ], [ 95.834916536000037, 39.856116145000051 ], [ 96.188675609000086, 39.932417122000061 ], [ 97.069605067000055, 39.904671312000069 ], [ 98.221056169000065, 39.634149668000077 ], [ 98.928574316000038, 39.391373833000046 ], [ 99.608346653000069, 39.044551212000044 ], [ 99.851122488000044, 38.947440878000066 ], [ 100.184072204000074, 38.843394092000047 ], [ 100.621068707000063, 38.420270494000079 ] ] ] } },
{ "type": "Feature", "properties": { "ANCHOR": 0, "TIME": 600.0, "FILE1": "Global_EarthByte_GPlates_PresentDay_StaticPlatePolygons.gpmlz", "RECONFILE1": "Zahirovic_etal_2022_OptimisedMantleRef_and_NNRMantleRef.rot", "OBJECTID_1": "681", "PLATEID1": 601, "FROMAGE": 600.0, "TOAGE": -999.0, "NAME": "North China", "PLATEID2": 0, "GPGIM_TYPE": "gpml:ClosedContinentalBoundary", "L_PLATE": 0, "R_PLATE": 0, "SPREAD_ASY": 0.0, "IMPORT_AGE": 0.0, "Shape_Leng": 52.275134040700003, "Shape_Area": 33.142814707399999, "FEATURE_ID": "GPlates-e59b53c1-7645-4282-a371-47ea0b621700" }, "geometry": { "type": "Polygon", "coordinates": [ [ [ 130.68828204700003, 43.398966477000045 ], [ 131.216321339000046, 42.635961615000049 ], [ 131.212245455000016, 42.614854545000071 ], [ 131.2330363640001, 42.595827273000054 ], [ 131.223163636000095, 42.558327273000039 ], [ 131.390442086, 42.309081582000033 ], [ 131.256439166000064, 42.294639724000035 ], [ 130.998320993000107, 42.209049690000029 ], [ 130.840499946000023, 42.151176657000072 ], [ 130.470000937, 41.990001684000049 ], [ 130.210006873000111, 41.810001597000046 ], [ 129.993941961000047, 41.55884962500005 ], [ 129.899399115000051, 41.369728791000057 ], [ 129.881641248000051, 41.283541476000039 ], [ 129.48549661800007, 41.402880961000051 ], [ 128.067158522000113, 42.374705211000048 ], [ 127.174130832000046, 42.584829374000044 ], [ 126.333634183000086, 42.453501772000038 ], [ 125.204216811000052, 42.033253448000032 ], [ 123.733347674000015, 41.665536164000059 ], [ 123.260445225000012, 41.864652984000045 ], [ 123.234302789000026, 41.875660326000059 ], [ 121.947292295000011, 42.217112090000057 ], [ 119.977378273000113, 42.217112090000057 ], [ 119.39953682700002, 42.19084656900003 ], [ 117.508419366000112, 42.006987927000068 ], [ 115.328381182000058, 41.98072240700003 ], [ 114.592946614000098, 41.90192584600004 ], [ 113.253405079000132, 41.796863765000069 ], [ 112.386642909000102, 41.770598245000031 ], [ 111.598677301000066, 41.61300512300005 ], [ 110.705649611000069, 41.53420856200006 ], [ 110.390463367000066, 41.796863765000069 ], [ 109.891418482000063, 41.82312928500005 ], [ 109.287311515000056, 41.90192584600004 ], [ 109.165393211000037, 42.184049690000045 ], [ 108.787537464000081, 42.188680592000019 ], [ 108.679999943000041, 42.189998544000048 ], [ 107.902542218000065, 42.038009872000039 ], [ 107.692298605000076, 42.063347101000033 ], [ 107.556518883000081, 42.090095164000054 ], [ 107.476673436000056, 42.100886830000036 ], [ 107.160993899000061, 42.170906443000035 ], [ 106.594711438000047, 42.334559235000036 ], [ 106.382413387000042, 42.411202226000057 ], [ 106.301411512000087, 42.458652832000048 ], [ 108.312737409000079, 42.633236388000057 ], [ 110.285165404000068, 42.683879526000055 ], [ 112.448760123000056, 42.854689635000057 ], [ 115.608747147000045, 43.281714909000073 ], [ 117.544595054000055, 43.623335127000082 ], [ 119.081886038000121, 43.851081940000029 ], [ 120.93232889, 43.851081940000029 ], [ 123.636822289000051, 43.822613588000074 ], [ 125.771948657000067, 43.737208534000047 ], [ 129.78598622800007, 43.480993370000078 ], [ 130.68828204700003, 43.398966477000045 ] ] ] } },
{ "type": "Feature", "properties": { "ANCHOR": 0, "TIME": 600.0, "FILE1": "Global_EarthByte_GPlates_PresentDay_StaticPlatePolygons.gpmlz", "RECONFILE1": "Zahirovic_etal_2022_OptimisedMantleRef_and_NNRMantleRef.rot", "OBJECTID_1": "727", "PLATEID1": 603, "FROMAGE": 600.0, "TOAGE": -999.0, "NAME": "Sino/Burma/Malaya", "PLATEID2": 0, "GPGIM_TYPE": "gpml:ClosedContinentalBoundary", "L_PLATE": 0, "R_PLATE": 0, "SPREAD_ASY": 0.0, "IMPORT_AGE": 0.0, "Shape_Leng": 10.1903113886, "Shape_Area": 3.5701605544100001, "FEATURE_ID": "GPlates-d4c623f5-ea22-4270-86a1-ab1bcface965" }, "geometry": { "type": "Polygon", "coordinates": [ [ [ 96.213550169000086, 24.481544890000066 ], [ 96.241542885000058, 24.852748864000034 ], [ 96.646051256000078, 26.185247027000063 ], [ 96.688293039000087, 26.724999121000053 ], [ 96.671566072000076, 26.75427131400005 ], [ 96.80357792500007, 26.767472499000064 ], [ 97.533153239000058, 26.698780570000054 ], [ 97.693298, 26.38286 ], [ 97.749556959000074, 26.037252561000059 ], [ 97.69953673100008, 25.876455049000072 ], [ 97.628152901000078, 25.505259133000042 ], [ 97.471108474000062, 24.927050108000063 ], [ 97.135604473000058, 24.206073423000078 ], [ 96.556743945000051, 23.264315784000075 ], [ 96.422505983000065, 23.054329860000053 ], [ 96.20047629700008, 22.707012990000067 ], [ 96.135730796000075, 22.311724668000068 ], [ 96.127095117000067, 22.472857219000048 ], [ 96.164489027000059, 23.604476366000029 ], [ 96.216281865000042, 24.443520345000024 ], [ 96.213550169000086, 24.481544890000066 ] ] ] } },
{ "type": "Feature", "properties": { "ANCHOR": 0, "TIME": 600.0, "FILE1": "Global_EarthByte_GPlates_PresentDay_StaticPlatePolygons.gpmlz", "RECONFILE1": "Zahirovic_etal_2022_OptimisedMantleRef_and_NNRMantleRef.rot", "OBJECTID_1": "730", "PLATEID1": 7250, "FROMAGE": 600.0, "TOAGE": -999.0, "NAME": "West Burma Block", "PLATEID2": 0, "GPGIM_TYPE": "gpml:ClosedContinentalBoundary", "L_PLATE": 0, "R_PLATE": 0, "SPREAD_ASY": 0.0, "IMPORT_AGE": 0.0, "Shape_Leng": 5.3625925270700003, "Shape_Area": 0.867980889348, "FEATURE_ID": "GPlates-375d0544-e622-437c-a480-cd707c005d5d" }, "geometry": { "type": "Polygon", "coordinates": [ [ [ 96.213550169000086, 24.481544890000066 ], [ 96.131380191000062, 25.625331217000053 ], [ 96.006458488000078, 26.006044978000034 ], [ 95.768835706000061, 26.438518440000056 ], [ 95.979831669000077, 26.60851392800004 ], [ 96.327685724000048, 26.719883279000051 ], [ 96.671566072000076, 26.75427131400005 ], [ 96.688293039000087, 26.724999121000053 ], [ 96.646051256000078, 26.185247027000063 ], [ 96.241542885000058, 24.852748864000034 ], [ 96.213550169000086, 24.481544890000066 ] ] ] } },
{ "type": "Feature", "properties": { "ANCHOR": 0, "TIME": 600.0, "FILE1": "Global_EarthByte_GPlates_PresentDay_StaticPlatePolygons.gpmlz", "RECONFILE1": "Zahirovic_etal_2022_OptimisedMantleRef_and_NNRMantleRef.rot", "OBJECTID_1": "731", "PLATEID1": 16104, "FROMAGE": 600.0, "TOAGE": -999.0, "NAME": "Yukon-Tanana Terrane", "PLATEID2": 0, "GPGIM_TYPE": "gpml:ClosedContinentalBoundary", "L_PLATE": 0, "R_PLATE": 0, "SPREAD_ASY": 0.0, "IMPORT_AGE": 0.0, "Shape_Leng": 34.580841300099998, "Shape_Area": 13.051416135, "FEATURE_ID": "GPlates-f52f91a1-21c8-432c-ac0a-e409e1d7f91c" }, "geometry": { "type": "Polygon", "coordinates": [ [ [ -140.883098601999961, 64.731599808000055 ], [ -138.327598571999943, 63.983999252000039 ], [ -135.578346421, 63.030663406000031 ], [ -135.507696991999978, 62.713636501000053 ], [ -135.498631688999978, 62.704054701000068 ], [ -134.919504269999948, 62.075627404000038 ], [ -136.958121157, 62.749426525000047 ], [ -137.489616389999981, 62.825774707000051 ], [ -137.735115439999959, 62.782491526000044 ], [ -137.767251983999984, 62.723405371000069 ], [ -137.147034235999968, 62.497317909000067 ], [ -137.054455827999959, 62.281247112000081 ], [ -137.281511252999962, 62.274943421000046 ], [ -137.328557668999963, 62.179742574000045 ], [ -137.099274501999957, 62.049980065000057 ], [ -137.185902918999943, 61.851907582000088 ], [ -136.923480825999945, 61.663803133000037 ], [ -137.070599389999984, 61.579891413000041 ], [ -137.112300223, 61.438673535000078 ], [ -136.361667443999977, 61.004858535000039 ], [ -135.913398742999959, 60.576299667000058 ], [ -135.455341998999984, 60.172094161000082 ], [ -134.67267508499998, 59.662342974000069 ], [ -133.891334858, 58.919190365000077 ], [ -134.095469322999975, 58.939317650000085 ], [ -134.343249658, 59.045700908000065 ], [ -134.62973053099995, 59.298100438000056 ], [ -134.910749774999942, 59.626909665000028 ], [ -135.333167295999942, 59.769867412000053 ], [ -135.477226260999942, 59.833538588000046 ], [ -135.602637116999972, 59.956857723000049 ], [ -136.103249708999954, 60.224430091000023 ], [ -136.350291899999945, 60.38936535400007 ], [ -136.637922096999944, 60.716589696000057 ], [ -137.170546168999977, 61.053679570000043 ], [ -137.912839517999942, 61.266911931000024 ], [ -138.046959730999959, 61.341390648000029 ], [ -138.385068620999959, 61.370647418000033 ], [ -138.807801312, 61.370238679000067 ], [ -138.970416687999943, 61.374438703000067 ], [ -139.093999818999976, 61.384066815000047 ], [ -139.303271422999956, 61.36625400100008 ], [ -139.888442992999956, 61.641315460000037 ], [ -140.104856596, 61.733251402000072 ], [ -139.961587473999941, 61.784578265000036 ], [ -139.905766858, 61.842706603000074 ], [ -139.718005175999963, 61.944681068000079 ], [ -139.313613228999941, 62.197973485000034 ], [ -139.000668191999978, 62.292080621000082 ], [ -138.900145662999989, 62.460436092000066 ], [ -139.684237224999947, 62.585555969000048 ], [ -140.153561268999965, 62.898800261000076 ], [ -141.191015713999946, 63.11486933000004 ], [ -140.969760639999947, 63.378349331000031 ], [ -140.181478124999956, 63.436378157000043 ], [ -140.089114114999973, 63.550403028000055 ], [ -140.565124220999962, 63.718385926000053 ], [ -142.39458760499997, 63.729322610000054 ], [ -143.143001124999955, 63.899563491000038 ], [ -143.217813633999981, 64.273665180000094 ], [ -142.855202532999954, 64.367584295000029 ], [ -142.749329888999966, 64.756886449000035 ], [ -142.226082541000011, 64.710133059000043 ], [ -141.108270455999985, 64.807005939000078 ], [ -140.883098601999961, 64.731599808000055 ] ] ] } },
{ "type": "Feature", "properties": { "ANCHOR": 0, "TIME": 600.0, "FILE1": "Global_EarthByte_GPlates_PresentDay_StaticPlatePolygons.gpmlz", "RECONFILE1": "Zahirovic_etal_2022_OptimisedMantleRef_and_NNRMantleRef.rot", "OBJECTID_1": "732", "PLATEID1": 330, "FROMAGE": 600.0, "TOAGE": -999.0, "NAME": "Tornquist Block", "PLATEID2": 0, "GPGIM_TYPE": "gpml:ClosedContinentalBoundary", "L_PLATE": 0, "R_PLATE": 0, "SPREAD_ASY": 0.0, "IMPORT_AGE": 0.0, "Shape_Leng": 33.4870415902, "Shape_Area": 24.0240860133, "FEATURE_ID": "GPlates-6415bbfd-4f5c-48c5-a0d0-ff594fed66d2" }, "geometry": { "type": "Polygon", "coordinates": [ [ [ 4.779202928000073, 57.68301083300009 ], [ 8.978301011000044, 57.158698608000059 ], [ 10.836598903000031, 56.531200813000048 ], [ 12.750700926000036, 55.987499806000066 ], [ 14.287498963000075, 55.61989965800008 ], [ 14.774899803000036, 55.300399834000075 ], [ 15.34812889400007, 54.984630775000035 ], [ 16.84810970500007, 54.610956876000039 ], [ 16.254866408000048, 53.54934573000002 ], [ 15.84345562900006, 53.690488553000087 ], [ 14.977145966000023, 54.015653313000023 ], [ 14.8566, 54.0218 ], [ 14.523118836000036, 53.972544145000022 ], [ 13.8641, 53.8788 ], [ 13.7934, 53.9039 ], [ 13.4546, 54.0971 ], [ 12.851341490000031, 54.259747642000036 ], [ 12.472417403000064, 54.36416583000004 ], [ 12.3699, 54.396 ], [ 11.53952915800005, 54.596953547000062 ], [ 11.0783, 54.7161 ], [ 10.777831992000074, 54.823636928000042 ], [ 10.449828250000053, 54.894119746000058 ], [ 10.168937523000073, 54.950653916000071 ], [ 9.673375957000081, 55.045035857000073 ], [ 9.511031771000033, 55.073926632000052 ], [ 8.71046, 55.2732 ], [ 8.255640675000052, 55.371328714000072 ], [ 7.257771414000048, 55.577876418000059 ], [ 6.098992642000042, 55.845956072000035 ], [ 5.210840461000032, 56.030615650000072 ], [ 3.84568, 56.2971 ], [ 2.70096, 56.5833 ], [ 1.89609, 56.9947 ], [ 1.66743195600003, 57.183903841000074 ], [ 1.356653347000018, 57.179052283000033 ], [ 1.36789, 57.2163 ], [ 1.37739, 57.4239 ], [ 1.492720279000025, 58.078136493000031 ], [ 4.705234102000018, 57.686764251000049 ], [ 4.779202928000073, 57.68301083300009 ] ] ] } },
{ "type": "Feature", "properties": { "ANCHOR": 0, "TIME": 600.0, "FILE1": "Global_EarthByte_GPlates_PresentDay_StaticPlatePolygons.gpmlz", "RECONFILE1": "Zahirovic_etal_2022_OptimisedMantleRef_and_NNRMantleRef.rot", "OBJECTID_1": "733", "PLATEID1": 3307, "FROMAGE": 600.0, "TOAGE": -999.0, "NAME": "Apulia", "PLATEID2": 0, "GPGIM_TYPE": "gpml:ClosedContinentalBoundary", "L_PLATE": 0, "R_PLATE": 0, "SPREAD_ASY": 0.0, "IMPORT_AGE": 0.0, "Shape_Leng": 11.1563500844, "Shape_Area": 5.9693043081199999, "FEATURE_ID": "GPlates-20d05a97-5b0d-4343-aebd-6799d6c921e6" }, "geometry": { "type": "Polygon", "coordinates": [ [ [ 15.728259557000058, 42.313285710000052 ], [ 16.698075693000078, 41.636590403000071 ], [ 16.870233471000056, 41.694711869000052 ], [ 17.569598466000045, 41.930821558000048 ], [ 18.094338736000054, 41.912727066000059 ], [ 18.55713770400007, 41.789943666000056 ], [ 18.61071843600007, 41.683363008000079 ], [ 18.718986346000065, 41.44913504200008 ], [ 18.896670640000025, 40.983221012000058 ], [ 19.118196395000037, 40.373348923000037 ], [ 19.30306871900007, 39.827293823000055 ], [ 19.300217790000033, 39.819703805000081 ], [ 19.263966098000026, 39.842008531000033 ], [ 18.917488971000068, 39.858900679000044 ], [ 18.479457600000043, 39.549986948000033 ], [ 18.476967713000022, 39.548231 ], [ 17.895167644000026, 39.646364672000061 ], [ 16.848345545000029, 40.380983830000048 ], [ 16.575719629000048, 40.54745700400008 ], [ 16.455672607000057, 40.617035822000048 ], [ 16.276544490000049, 40.720765526000037 ], [ 16.168051124000051, 40.814615365000066 ], [ 16.040266788000054, 40.910628982000048 ], [ 15.75352035800006, 41.126082322000059 ], [ 15.399435338000048, 41.509750107000059 ], [ 15.308834330000025, 41.639608322000079 ], [ 15.223571498000068, 41.77418795300008 ], [ 15.121472643000057, 41.935193617000039 ], [ 15.10582706100007, 42.039922686000068 ], [ 15.728259557000058, 42.313285710000052 ] ] ] } },
{ "type": "Feature", "properties": { "ANCHOR": 0, "TIME": 600.0, "FILE1": "Global_EarthByte_GPlates_PresentDay_StaticPlatePolygons.gpmlz", "RECONFILE1": "Zahirovic_etal_2022_OptimisedMantleRef_and_NNRMantleRef.rot", "OBJECTID_1": "734", "PLATEID1": 2891, "FROMAGE": 600.0, "TOAGE": -999.0, "NAME": "North Falkland Block", "PLATEID2": 0, "GPGIM_TYPE": "gpml:ClosedContinentalBoundary", "L_PLATE": 0, "R_PLATE": 0, "SPREAD_ASY": 0.0, "IMPORT_AGE": 0.0, "Shape_Leng": 21.221575745300001, "Shape_Area": 16.239632244100001, "FEATURE_ID": "GPlates-5bd9c341-14d0-4cbe-8942-c55200f9b76d" }, "geometry": { "type": "Polygon", "coordinates": [ [ [ -56.407357044999976, -48.060348316999978 ], [ -56.277290492999946, -48.106226859999936 ], [ -55.5207, -48.3731 ], [ -54.929045558, -48.569169629999976 ], [ -54.892424901999945, -48.581305426999961 ], [ -53.1682, -49.1527 ], [ -52.6841, -49.2204 ], [ -52.5408, -49.2817 ], [ -52.2412, -49.3259 ], [ -51.5478, -49.478 ], [ -51.006, -49.533 ], [ -50.0209, -49.5858 ], [ -49.849805128999947, -49.584131556999985 ], [ -50.342808102999982, -50.143180737999948 ], [ -51.205099102999959, -51.141622947999963 ], [ -57.401375853999987, -50.261239325999952 ], [ -59.179651095999979, -49.751078395999969 ], [ -59.138382387999975, -48.904946551999956 ], [ -59.002522753999983, -48.20281375299993 ], [ -58.338858851999973, -48.290107254999953 ], [ -57.766886677999935, -48.290171985999962 ], [ -56.859523257999967, -47.901301948999958 ], [ -56.858951388999969, -47.901056861999955 ], [ -56.407357044999976, -48.060348316999978 ] ] ] } },
{ "type": "Feature", "properties": { "ANCHOR": 0, "TIME": 600.0, "FILE1": "Global_EarthByte_GPlates_PresentDay_StaticPlatePolygons.gpmlz", "RECONFILE1": "Zahirovic_etal_2022_OptimisedMantleRef_and_NNRMantleRef.rot", "OBJECTID_1": "735", "PLATEID1": 2881, "FROMAGE": 600.0, "TOAGE": -999.0, "NAME": "San Julian Block", "PLATEID2": 0, "GPGIM_TYPE": "gpml:ClosedContinentalBoundary", "L_PLATE": 0, "R_PLATE": 0, "SPREAD_ASY": 0.0, "IMPORT_AGE": 0.0, "Shape_Leng": 19.7568319463, "Shape_Area": 23.292753623599999, "FEATURE_ID": "GPlates-3269e799-9a9b-4bd1-be89-f49a84aa2774" }, "geometry": { "type": "Polygon", "coordinates": [ [ [ -59.138382387999975, -48.904946551999956 ], [ -59.179651095999979, -49.751078395999969 ], [ -60.304318280999951, -49.428427973999931 ], [ -64.206634330999975, -48.976330382999954 ], [ -65.642267014999959, -48.750351163999937 ], [ -65.185005243999967, -47.489849365999923 ], [ -65.185005243999967, -46.861671659999956 ], [ -65.286853770999983, -46.186925171999967 ], [ -64.78463140599996, -46.016066016999964 ], [ -64.442200969999988, -45.854477542999966 ], [ -64.135250500999973, -45.67601796699995 ], [ -63.100184962999947, -45.126362474999951 ], [ -62.422038575999984, -44.740889791999962 ], [ -61.808137636999959, -44.51959991899998 ], [ -61.42266495399997, -44.46963123699993 ], [ -61.267233142999949, -44.447386254999969 ], [ -60.938444638999954, -44.695680032999974 ], [ -60.267436635999957, -45.181090077999954 ], [ -59.974762931999969, -45.687915271999941 ], [ -59.831995271999972, -46.665873745999932 ], [ -59.653535695999956, -47.236944386999937 ], [ -59.002522753999983, -48.20281375299993 ], [ -59.138382387999975, -48.904946551999956 ] ] ] } },
{ "type": "Feature", "properties": { "ANCHOR": 0, "TIME": 600.0, "FILE1": "Global_EarthByte_GPlates_PresentDay_StaticPlatePolygons.gpmlz", "RECONFILE1": "Zahirovic_etal_2022_OptimisedMantleRef_and_NNRMantleRef.rot", "OBJECTID_1": "760", "PLATEID1": 43102, "FROMAGE": 600.0, "TOAGE": -999.0, "NAME": "Western Verkhoyansk", "PLATEID2": 0, "GPGIM_TYPE": "gpml:ClosedContinentalBoundary", "L_PLATE": 0, "R_PLATE": 0, "SPREAD_ASY": 0.0, "IMPORT_AGE": 0.0, "Shape_Leng": 27.1451658344, "Shape_Area": 19.449553748500001, "FEATURE_ID": "GPlates-a887baae-b7bc-4f2c-a1c5-e7699ad8e2f5" }, "geometry": { "type": "Polygon", "coordinates": [ [ [ 126.76148816400007, 72.16516075800007 ], [ 127.738722006000103, 71.917102985000042 ], [ 128.799038397000118, 71.307447384000071 ], [ 129.140158568000061, 70.776911700000028 ], [ 128.933465892000072, 69.164323204000084 ], [ 128.263055609000048, 67.761566613000085 ], [ 128.012538520000021, 66.466153614000049 ], [ 128.503852757000118, 65.868788214000062 ], [ 129.583448129000089, 65.066480704000071 ], [ 130.892138700000032, 64.514136083000039 ], [ 131.86420106300011, 64.127136833000066 ], [ 132.179575636000095, 64.014555850000079 ], [ 130.697607660000017, 64.027518293000071 ], [ 129.238939036000033, 63.894181466000077 ], [ 128.086992907000081, 64.065008157000079 ], [ 127.44923975100005, 64.210487386000068 ], [ 126.845731496000113, 64.236066244000028 ], [ 126.185532599000098, 64.569082489000039 ], [ 126.264200329000118, 64.969876140000054 ], [ 126.416103285000077, 65.310781631000069 ], [ 126.021615994000044, 65.639440722000074 ], [ 126.022047537000049, 65.854412852000053 ], [ 125.619328043000124, 66.423803278000037 ], [ 126.065572338000038, 67.192975980000028 ], [ 126.409541690000083, 68.859049872000071 ], [ 126.355004043, 69.489558342000066 ], [ 126.877401325000037, 69.970210892000068 ], [ 127.520629162000105, 71.174802443000033 ], [ 126.76148816400007, 72.16516075800007 ] ] ] } },
{ "type": "Feature", "properties": { "ANCHOR": 0, "TIME": 600.0, "FILE1": "Global_EarthByte_GPlates_PresentDay_StaticPlatePolygons.gpmlz", "RECONFILE1": "Zahirovic_etal_2022_OptimisedMantleRef_and_NNRMantleRef.rot", "OBJECTID_1": "767", "PLATEID1": 18202, "FROMAGE": 600.0, "TOAGE": -999.0, "NAME": "Southern North Chukchi", "PLATEID2": 0, "GPGIM_TYPE": "gpml:ClosedContinentalBoundary", "L_PLATE": 0, "R_PLATE": 0, "SPREAD_ASY": 0.0, "IMPORT_AGE": 0.0, "Shape_Leng": 7.1511689113000001, "Shape_Area": 3.0044936251399998, "FEATURE_ID": "GPlates-a40ca110-6e12-4f3f-8670-2473f8627bd0" }, "geometry": { "type": "Polygon", "coordinates": [ [ [ 180.0, 74.111466138000083 ], [ 180.0, 72.634134069000083 ], [ 178.996670227000095, 72.788410685000031 ], [ 177.701453824000055, 72.838261381000066 ], [ 177.541472188000057, 73.572204475000035 ], [ 178.587609653000072, 74.156508032000048 ], [ 180.0, 74.111466138000083 ] ] ] } },
{ "type": "Feature", "properties": { "ANCHOR": 0, "TIME": 600.0, "FILE1": "Global_EarthByte_GPlates_PresentDay_StaticPlatePolygons.gpmlz", "RECONFILE1": "Zahirovic_etal_2022_OptimisedMantleRef_and_NNRMantleRef.rot", "OBJECTID_1": "768", "PLATEID1": 111, "FROMAGE": 600.0, "TOAGE": -999.0, "NAME": "North Chukchi Basin", "PLATEID2": 0, "GPGIM_TYPE": "gpml:ClosedContinentalBoundary", "L_PLATE": 0, "R_PLATE": 0, "SPREAD_ASY": 0.0, "IMPORT_AGE": 0.0, "Shape_Leng": 11.8096271448, "Shape_Area": 3.38097020344, "FEATURE_ID": "GPlates-d46585bb-df2c-4259-ada7-2af1001ca6f3" }, "geometry": { "type": "Polygon", "coordinates": [ [ [ 180.0, 76.418798095000071 ], [ 180.0, 75.432506012000033 ], [ 178.985390580000058, 75.55382207500007 ], [ 177.375023903000056, 76.118787005000073 ], [ 175.969323297000074, 76.682366904000077 ], [ 174.855037114000083, 77.412791576000075 ], [ 177.574402878000114, 76.74039330800008 ], [ 180.0, 76.418798095000071 ] ] ] } },
{ "type": "Feature", "properties": { "ANCHOR": 0, "TIME": 600.0, "FILE1": "Global_EarthByte_GPlates_PresentDay_StaticPlatePolygons.gpmlz", "RECONFILE1": "Zahirovic_etal_2022_OptimisedMantleRef_and_NNRMantleRef.rot", "OBJECTID_1": "776", "PLATEID1": 201, "FROMAGE": 600.0, "TOAGE": -999.0, "NAME": "South America Craton", "PLATEID2": 0, "GPGIM_TYPE": "gpml:ClosedContinentalBoundary", "L_PLATE": 0, "R_PLATE": 0, "SPREAD_ASY": 0.0, "IMPORT_AGE": 0.0, "Shape_Leng": 150.82165970400001, "Shape_Area": 1258.96624262, "FEATURE_ID": "GPlates-767d0db6-6017-4ada-8229-372389f738b5" }, "geometry": { "type": "Polygon", "coordinates": [ [ [ -60.743610074999935, 10.967187695000064 ], [ -61.1809, 10.4083 ], [ -61.102888233, 10.404189274000032 ], [ -60.9266, 10.3949 ], [ -60.711868212999953, 10.372096885000076 ], [ -60.1968, 10.3174 ], [ -60.185936919999968, 10.30713466900005 ], [ -59.3418, 9.5516 ], [ -59.32599657999998, 9.525743974000022 ], [ -59.30729911199996, 9.495152989000076 ], [ -59.297975051999963, 9.479897864000066 ], [ -59.283403380999964, 9.456057107000049 ], [ -59.1673, 9.2661 ], [ -58.7867, 8.8697 ], [ -58.4696, 8.6794 ], [ -58.325603926999968, 8.574694343000033 ], [ -58.1207, 8.4257 ], [ -57.7401, 8.2829 ], [ -57.3595, 8.0292 ], [ -57.1692, 7.9182 ], [ -56.9155, 7.8548 ], [ -56.814354698999971, 7.740971653000031 ], [ -56.7887, 7.7121 ], [ -56.4081, 7.5852 ], [ -56.0592, 7.4901 ], [ -55.6945, 7.4583 ], [ -55.2504, 7.4583 ], [ -54.965, 7.5852 ], [ -54.854, 7.8389 ], [ -54.846253717999957, 7.886025468000071 ], [ -54.826197642999958, 8.008039081000049 ], [ -54.8064, 8.1878 ], [ -54.6954, 8.505 ], [ -54.6954, 9.1551 ], [ -54.5368, 9.5357 ], [ -54.52149277999996, 9.5357 ], [ -54.1404, 9.5357 ], [ -53.966, 9.4564 ], [ -53.6171, 9.0441 ], [ -53.4902, 8.9014 ], [ -53.2119, 8.7369 ], [ -52.9511, 8.6001 ], [ -52.494, 8.4979 ], [ -52.2601, 8.4016 ], [ -52.1551, 8.2937 ], [ -52.0088, 8.1143 ], [ -51.8614, 7.9914 ], [ -51.5996, 7.8942 ], [ -51.7502, 7.5092 ], [ -51.7702, 7.2344 ], [ -51.9122, 6.9127 ], [ -51.9195, 6.9058 ], [ -51.9734, 6.7093 ], [ -51.9399, 6.6098 ], [ -51.7106, 6.3651 ], [ -51.5239, 6.1421 ], [ -51.1591, 5.9201 ], [ -50.7944, 5.714 ], [ -50.5509, 5.557 ], [ -50.2601, 5.345 ], [ -50.0649, 4.9845 ], [ -50.061211539999924, 4.974043545000029 ], [ -49.9698, 4.7149 ], [ -49.9857, 4.4454 ], [ -49.9857, 4.0965 ], [ -49.8323, 3.8137 ], [ -49.7982, 3.5754 ], [ -49.6961, 3.3882 ], [ -49.4579, 3.201 ], [ -49.3728, 3.0479 ], [ -49.1515, 2.9798 ], [ -48.5389, 2.8437 ], [ -48.524213627999984, 2.843980505000047 ], [ -48.3517, 2.7245 ], [ -47.9181, 2.478 ], [ -47.7366, 2.332 ], [ -46.8098, 1.1225 ], [ -46.1146, 0.6414 ], [ -45.4787, 0.3766 ], [ -45.11, 0.1867 ], [ -44.8146, 0.0202 ], [ -44.5424, -0.1135 ], [ -44.2519, -0.3555 ], [ -44.045, -0.5914 ], [ -43.8683, -0.8312 ], [ -43.3267, -1.7034 ], [ -43.0721, -1.9925 ], [ -42.7276, -2.2661 ], [ -42.3214, -2.3062 ], [ -41.8545, -2.3201 ], [ -41.3588, -2.2939 ], [ -40.8131, -2.265 ], [ -40.3715, -2.2287 ], [ -40.080276454999932, -2.23204312699994 ], [ -39.8227, -2.235 ], [ -39.4322, -2.4336 ], [ -39.0616, -2.6123 ], [ -38.7505, -2.7579 ], [ -38.5387, -2.8903 ], [ -38.251237451999941, -3.173780904999944 ], [ -38.0622, -3.3602 ], [ -37.8107, -3.7706 ], [ -37.3408, -4.128 ], [ -36.7451, -4.5648 ], [ -36.6421, -4.7321 ], [ -36.156, -4.77 ], [ -35.8317, -4.7104 ], [ -35.4876, -4.6641 ], [ -35.388732732999983, -4.653905275999932 ], [ -34.8456, -4.5979 ], [ -34.7463, -4.8891 ], [ -34.811927639999972, -4.897280215999956 ], [ -34.8522, -4.9023 ], [ -34.7331, -5.4649 ], [ -34.6007, -5.9017 ], [ -34.5411, -6.2128 ], [ -34.4418, -6.4114 ], [ -34.3161, -6.7621 ], [ -34.2499, -7.1129 ], [ -34.3058, -7.283 ], [ -34.2661, -7.614 ], [ -34.0742, -7.8787 ], [ -33.8359, -8.0177 ], [ -33.667895634999979, -8.329814775999978 ], [ -33.6334, -8.3939 ], [ -33.687135033999937, -8.624818900999969 ], [ -33.7168, -8.7523 ], [ -33.9166, -8.9806 ], [ -34.1978, -9.1967 ], [ -34.3087, -9.3233 ], [ -34.4104, -9.3528 ], [ -34.5695, -9.244 ], [ -34.7251, -9.3656 ], [ -34.8106, -9.497 ], [ -35.0196, -9.5818 ], [ -35.2883, -9.8154 ], [ -35.3957, -10.1633 ], [ -35.6285, -10.1674 ], [ -35.8242, -10.2266 ], [ -36.1061, -10.3937 ], [ -36.2252, -10.5526 ], [ -36.3642, -10.6188 ], [ -36.4767, -10.685 ], [ -36.5826, -10.7578 ], [ -36.662, -10.8637 ], [ -36.7878, -10.9232 ], [ -36.8606, -10.9828 ], [ -36.8672, -11.1615 ], [ -36.8275, -11.3402 ], [ -36.953, -11.821 ], [ -37.1407, -12.145 ], [ -37.2255, -12.3215 ], [ -37.4496, -12.4722 ], [ -37.7475, -12.7899 ], [ -37.9857, -12.9818 ], [ -38.1843, -13.134 ], [ -38.3365, -13.2797 ], [ -38.1825, -13.5872 ], [ -38.23, -13.9242 ], [ -38.200356608999982, -13.980467546999932 ], [ -38.1868, -14.0062 ], [ -38.1609, -14.1617 ], [ -38.1436, -14.3216 ], [ -38.1695, -14.4425 ], [ -38.2473, -14.6282 ], [ -38.3294, -14.9306 ], [ -38.2689, -15.0213 ], [ -38.1782, -15.1725 ], [ -38.1587, -15.2809 ], [ -38.122, -15.3367 ], [ -38.1652, -15.4533 ], [ -38.1048, -15.6174 ], [ -38.1436, -15.7859 ], [ -38.132999607999977, -15.938496335999959 ], [ -38.1307, -15.9716 ], [ -38.0443, -16.3903 ], [ -38.0529, -16.6196 ], [ -38.055650914999937, -16.664531610999969 ], [ -38.0616, -16.7617 ], [ -38.0529, -17.0728 ], [ -38.0356, -17.2758 ], [ -38.0227, -17.4701 ], [ -38.04579291999994, -17.494984276999958 ], [ -38.082, -17.534 ], [ -38.4078, -18.2999 ], [ -38.4417, -18.5165 ], [ -38.4935, -18.6289 ], [ -38.6541, -18.7623 ], [ -38.7397, -18.8448 ], [ -38.7268, -19.104 ], [ -38.5952, -19.43 ], [ -38.6541, -19.5969 ], [ -38.6541, -19.7147 ], [ -38.6737, -19.862 ], [ -38.6443, -19.9995 ], [ -38.643467541999946, -20.034121702999983 ], [ -38.6404, -20.1617 ], [ -38.4119, -20.2966 ], [ -38.4037, -20.4689 ], [ -38.5021, -20.6494 ], [ -38.5267, -20.8545 ], [ -38.5924, -21.0924 ], [ -38.5349, -21.4616 ], [ -38.5924, -21.675 ], [ -38.6498, -21.8637 ], [ -38.7072, -22.0031 ], [ -38.7225, -22.1032 ], [ -38.6826, -22.2247 ], [ -38.6826, -22.479 ], [ -38.5924, -22.6595 ], [ -38.3955, -22.7908 ], [ -38.338, -22.9303 ], [ -38.4365, -23.0287 ], [ -38.5021, -23.201 ], [ -38.6498, -23.6605 ], [ -38.7975, -23.8738 ], [ -39.0354, -24.2595 ], [ -39.298, -24.3661 ], [ -39.3882, -24.4892 ], [ -39.4293, -24.6287 ], [ -39.5523, -24.7682 ], [ -39.6344, -24.9158 ], [ -39.7, -25.1456 ], [ -39.6836, -25.3999 ], [ -39.8149, -25.4656 ], [ -39.9708, -25.6215 ], [ -40.1349, -25.8676 ], [ -40.02, -26.0153 ], [ -39.9298, -26.204 ], [ -39.8313, -26.3271 ], [ -39.8313, -26.5404 ], [ -39.8231, -26.7373 ], [ -39.8887, -26.8522 ], [ -39.8711, -27.1022 ], [ -39.8181, -27.4697 ], [ -39.9999, -27.7514 ], [ -40.0415, -27.9314 ], [ -40.748, -27.8236 ], [ -41.2927, -27.639 ], [ -41.4205, -27.4555 ], [ -41.4338, -27.4478 ], [ -41.6287, -27.5174 ], [ -42.0425, -27.6152 ], [ -42.2429, -27.7215 ], [ -42.5407, -27.7475 ], [ -42.5353, -27.7607 ], [ -42.7557, -27.6929 ], [ -43.1268, -27.678 ], [ -43.3351, -27.6295 ], [ -43.5153, -27.6855 ], [ -43.6424, -27.5496 ], [ -43.7972, -27.4496 ], [ -43.9039, -27.3997 ], [ -44.0028, -27.4391 ], [ -44.0496, -27.4654 ], [ -44.311, -27.3456 ], [ -44.3251, -27.3439 ], [ -44.4798, -27.3255 ], [ -44.5942, -27.2788 ], [ -44.6352, -27.0819 ], [ -44.6302, -26.7009 ], [ -44.5508, -26.573 ], [ -44.4425, -26.4208 ], [ -44.4476, -26.4074 ], [ -44.608527960999936, -26.274215304999927 ], [ -44.6367, -26.2509 ], [ -44.8412, -26.2893 ], [ -45.1445, -26.6396 ], [ -45.2132, -26.7842 ], [ -45.2732, -26.821 ], [ -45.3489, -26.8941 ], [ -45.4393, -27.0819 ], [ -45.522, -27.1709 ], [ -45.5621, -27.2865 ], [ -45.6726, -27.482 ], [ -45.7275, -27.7291 ], [ -45.9562, -27.9106 ], [ -46.03, -28.0501 ], [ -46.0874, -28.1978 ], [ -46.1531, -28.3126 ], [ -46.2023, -28.4931 ], [ -46.2926, -28.649 ], [ -46.3992, -28.7393 ], [ -46.466695723999976, -28.781058816999973 ], [ -46.5715, -28.8459 ], [ -46.7503, -28.8996 ], [ -46.857094954999951, -28.979722314999947 ], [ -46.9549, -29.0531 ], [ -47.042806996999957, -29.199611660999953 ], [ -47.0572, -29.2236 ], [ -47.263527515999961, -29.350542142999984 ], [ -48.868987789999956, -28.410886504999951 ], [ -49.665338192999968, -28.261460648999957 ], [ -52.414788421999951, -27.653747931999931 ], [ -55.072590310999949, -27.124231581999936 ], [ -57.867864709999928, -26.468959375999933 ], [ -60.617314938999968, -25.685803495999949 ], [ -64.942936, -24.306223595999938 ], [ -65.841270374999965, -24.019715824999935 ], [ -68.61821510599998, -22.966861872999971 ], [ -70.238510171999962, -22.286420858999978 ], [ -71.297299599999974, -21.932600343999979 ], [ -71.286946626999963, -21.848627497999928 ], [ -71.270669388999977, -21.757089706999977 ], [ -71.265905691999933, -21.730300252999939 ], [ -71.257199749999984, -21.636400538999965 ], [ -71.249204749999933, -21.461200453999936 ], [ -71.261197691999939, -21.375299447999964 ], [ -71.29199755999997, -21.079000224999959 ], [ -71.29680480199994, -20.973699312999941 ], [ -71.290105600999937, -20.864299450999969 ], [ -71.292783481999948, -20.831554523999955 ], [ -71.297498437999934, -20.773900407999975 ], [ -71.297803580999982, -20.556499433999932 ], [ -71.301000521999981, -20.485399288999929 ], [ -71.315801558999965, -20.422599464999962 ], [ -71.341802660999974, -20.348899421999938 ], [ -71.362153271999944, -20.249867473999927 ], [ -71.362699499999962, -20.247209371999929 ], [ -71.367509764999966, -20.190154395999969 ], [ -71.36750976899998, -20.190154355999937 ], [ -71.371999658999982, -20.136899377999953 ], [ -71.402005588999941, -20.032699312999966 ], [ -71.425801818999958, -19.965299382999945 ], [ -71.543203567999967, -19.653799327999938 ], [ -71.56460350499998, -19.575500415999954 ], [ -71.626401547999933, -19.459499358999949 ], [ -71.708898651999959, -19.353889418999927 ], [ -71.737905802999933, -19.314399324999954 ], [ -71.798497576999978, -19.258998341999927 ], [ -71.813848727999982, -19.242726784999945 ], [ -71.822736519999978, -19.233306109999944 ], [ -71.905904824999936, -19.135499378999956 ], [ -71.930204505999939, -19.089500444999942 ], [ -71.979100710999944, -19.016900541999973 ], [ -71.996404699999971, -18.968700445999961 ], [ -72.126302665999958, -18.824998455999946 ], [ -72.172605682999972, -18.737110486999939 ], [ -72.228292560999989, -18.664199436999979 ], [ -72.232715852999945, -18.661329703999968 ], [ -72.293798765999952, -18.621700468999961 ], [ -72.533666617999984, -18.428852401999961 ], [ -72.581264353999984, -18.365963205999947 ], [ -72.677602763999971, -18.248397248999936 ], [ -72.796888701999933, -18.152299372999948 ], [ -72.889104830999955, -18.071998310999959 ], [ -72.981954181999981, -17.985526433999951 ], [ -73.071103535999953, -17.902500414999963 ], [ -73.246999551999977, -17.774600359999965 ], [ -73.331899658999987, -17.674589303999937 ], [ -73.430402656999945, -17.565399404999937 ], [ -73.497800644999984, -17.500589307999974 ], [ -73.609601743999974, -17.37129032699994 ], [ -73.709203645999935, -17.316900306999969 ], [ -73.901898787999983, -17.230001405999928 ], [ -74.010198508999963, -17.153400558999977 ], [ -74.113698580999937, -17.065799368999933 ], [ -74.206304614999979, -17.009199355999954 ], [ -74.30560049199994, -16.941499403999956 ], [ -74.432401641999945, -16.873201350999977 ], [ -74.563199674999964, -16.778400332999983 ], [ -74.604978214999974, -16.750696311999945 ], [ -74.71670368499997, -16.676589320999938 ], [ -74.78660356499995, -16.626810354999975 ], [ -74.899503744999947, -16.549900479999962 ], [ -74.996297551999987, -16.470989338999971 ], [ -75.205304789999957, -16.281900467999947 ], [ -75.284505711999941, -16.236299562999932 ], [ -75.360860041999956, -16.19879961099997 ], [ -75.409001511999975, -16.172300355999937 ], [ -75.465299559999949, -16.127099421999954 ], [ -75.543904497999961, -16.052700268999956 ], [ -75.607000636999942, -16.003000413999928 ], [ -75.665197706999948, -15.937799351999956 ], [ -75.722997631999988, -15.852700406999929 ], [ -75.783300684999972, -15.776399229999981 ], [ -75.832601628999953, -15.722299342999975 ], [ -75.898297664999973, -15.687999333999928 ], [ -75.945798651999951, -15.66050041699998 ], [ -75.995000706999974, -15.606499242999973 ], [ -76.100698763999958, -15.51370037499993 ], [ -76.200002586999972, -15.445499267999935 ], [ -76.303701849999982, -15.365999383999965 ], [ -76.398198606999983, -15.28439934499994 ], [ -76.483297727999968, -15.191899262999984 ], [ -76.507299505999981, -15.127099407999934 ], [ -76.562703490999979, -15.037189335999926 ], [ -76.611699820999945, -14.96969934699996 ], [ -76.638700760999939, -14.942599163999946 ], [ -76.715787576999972, -14.912299391999966 ], [ -76.808103653999979, -14.832799331999979 ], [ -76.868299694999962, -14.753900374999944 ], [ -77.014104842999984, -14.606600237999942 ], [ -77.085706672999947, -14.52069923199997 ], [ -77.197301516999971, -14.376099293999969 ], [ -77.291600672999948, -14.283099469999968 ], [ -77.336400576999949, -14.235400351999942 ], [ -77.410298574999956, -14.151599501999954 ], [ -77.511197688999971, -14.047100473999933 ], [ -77.622800656999971, -13.904499330999954 ], [ -77.67000374099996, -13.85889930899998 ], [ -77.849507616999972, -13.67699825699998 ], [ -77.910100802999978, -13.619999332999953 ], [ -78.001500567999983, -13.490799416999948 ], [ -78.094503747999966, -13.332500348999934 ], [ -78.156797648999955, -13.237300419999942 ], [ -78.264302725999983, -13.118899361999979 ], [ -78.320409529999949, -13.061900261999938 ], [ -78.378003553999974, -12.962199293999959 ], [ -78.433202697999945, -12.857999227999926 ], [ -78.488500553999984, -12.760599372999938 ], [ -78.523900703, -12.694789259999936 ], [ -78.556905619999952, -12.626900359999979 ], [ -78.632398732999945, -12.508799323999938 ], [ -78.694799821999936, -12.420000340999934 ], [ -78.752805647999935, -12.342498367999951 ], [ -78.819799602999979, -12.258200423999938 ], [ -78.900403688999972, -12.169009415999938 ], [ -78.992101709999986, -12.059399414999973 ], [ -79.038602681999976, -11.975189234999959 ], [ -79.100804580999977, -11.877299348999941 ], [ -79.138799507999977, -11.829289259999939 ], [ -79.174298722999936, -11.772398407999958 ], [ -79.211904626999967, -11.706399523999949 ], [ -79.254102690999957, -11.640309343999945 ], [ -79.294400671999938, -11.589899430999935 ], [ -79.332105641999988, -11.530600277999952 ], [ -79.408002786999987, -11.432300354999938 ], [ -79.55029861099996, -11.21310030799998 ], [ -79.572202704999938, -11.160800377999976 ], [ -79.587201696999955, -11.108599513999934 ], [ -79.606801676999964, -11.054098420999935 ], [ -79.638097578999989, -11.015100476999976 ], [ -79.662503741999956, -10.978500414999928 ], [ -79.738807855999937, -10.84182136499993 ], [ -79.784398583999973, -10.768389327999957 ], [ -79.857801606999942, -10.660799311999938 ], [ -79.972699697999985, -10.443799544999933 ], [ -80.041799635999951, -10.345200305999981 ], [ -80.131101540999964, -10.230399337999927 ], [ -80.181798585999957, -10.129799362999956 ], [ -80.237500650999948, -10.051800472999957 ], [ -80.312497728999972, -9.90529939399994 ], [ -80.359188279999969, -9.843584196999929 ], [ -80.387028315999942, -9.792473920999953 ], [ -80.450017123999942, -9.676806778999946 ], [ -80.52989764299997, -9.540799415999972 ], [ -80.567197521999958, -9.458399434999933 ], [ -80.620298805999937, -9.359800372999928 ], [ -80.717900500999974, -9.19670924899998 ], [ -80.77959965499997, -9.075199366999923 ], [ -80.841603599999985, -8.964998327999979 ], [ -80.955403492999949, -8.68550034799995 ], [ -81.011197559999971, -8.613899400999969 ], [ -81.024098691999939, -8.568200313999967 ], [ -81.070203577999962, -8.464899255999967 ], [ -81.169202610999946, -8.255900492999956 ], [ -81.215200660999983, -8.143400283999938 ], [ -81.249402663999945, -8.01289927199997 ], [ -81.277600514999961, -7.93269939499993 ], [ -81.308400558999949, -7.86600034099996 ], [ -81.358823715999961, -7.777206301999968 ], [ -81.360898796999948, -7.737300344999938 ], [ -81.387105622999968, -7.673000232999925 ], [ -81.41130659099997, -7.620100435999974 ], [ -81.443799579999961, -7.519099429999925 ], [ -81.479406689999962, -7.342700315999934 ], [ -81.502904662999981, -7.253300227999945 ], [ -81.640897754999983, -6.921899463999978 ], [ -81.707511905, -6.812299911999958 ], [ -81.018916011999977, -5.361403108999984 ], [ -80.090164166999955, -2.795316125999932 ], [ -79.6397, -1.55071 ], [ -78.529096075999973, -0.081144026999937 ], [ -76.8751, 2.1992 ], [ -76.241399564999938, 3.24863586400005 ], [ -76.129392669999959, 3.504855540000051 ], [ -75.604804915999978, 4.704868315000056 ], [ -75.470617432999973, 5.326423765000072 ], [ -75.185401075999948, 6.647543865000046 ], [ -75.176174871999933, 6.650520075000031 ], [ -73.47446453699996, 7.199461731000042 ], [ -73.019802483999968, 7.323086982000076 ], [ -71.943900011999972, 7.615631109000049 ], [ -71.5032, 7.73546 ], [ -70.378970144999982, 8.662100859000077 ], [ -69.330746909999959, 9.67999133500007 ], [ -69.015663057999973, 10.016590010000074 ], [ -68.976104974999942, 10.033600533000026 ], [ -68.885696219999943, 10.078699752000034 ], [ -68.830597200999932, 10.115300697000066 ], [ -68.740204161999941, 10.160399564000045 ], [ -68.596802193999963, 10.242099729000074 ], [ -68.543899041999964, 10.280800829000043 ], [ -68.488701310999943, 10.312999623000053 ], [ -68.444603164999933, 10.330200838000053 ], [ -68.400497073999986, 10.358100609000076 ], [ -68.347221144999935, 10.377380612000024 ], [ -68.296516153999974, 10.400980653000033 ], [ -68.184402141999954, 10.48970070200005 ], [ -68.100799245999951, 10.492999534000035 ], [ -68.029251098999964, 10.497806776000061 ], [ -67.951202234999982, 10.515420500000062 ], [ -67.805900184999985, 10.525620725000067 ], [ -67.761902164999981, 10.537620731000061 ], [ -67.700070092999965, 10.545179612000027 ], [ -67.676101990999939, 10.54810967800006 ], [ -67.632103087999951, 10.550019825000049 ], [ -67.491203188999989, 10.568919635000043 ], [ -67.341499164999959, 10.585619518000044 ], [ -67.226997159999939, 10.604618748000064 ], [ -67.116913021999949, 10.627919649000034 ], [ -66.978203337999958, 10.64461970900004 ], [ -66.883597979999934, 10.646420549000027 ], [ -66.833000176999974, 10.652719602000047 ], [ -66.77140008899994, 10.654620567000048 ], [ -66.650398248999977, 10.662819703000025 ], [ -66.53810111599995, 10.673119524000072 ], [ -66.502899097999943, 10.681619565000062 ], [ -66.421501073999934, 10.685620509000046 ], [ -66.33779911299996, 10.687420642000065 ], [ -66.133301036999967, 10.680119630000029 ], [ -66.061424083999952, 10.665225532000022 ], [ -65.98590130499997, 10.673020812000063 ], [ -65.91770213999996, 10.646220651000023 ], [ -65.807701173999988, 10.623620802000062 ], [ -65.730796949999956, 10.603819866000039 ], [ -65.662697203999983, 10.592720633000056 ], [ -65.554900933999988, 10.579320641000038 ], [ -65.518776245999959, 10.559061636000024 ], [ -65.453796094999973, 10.552929634000066 ], [ -65.363701134999985, 10.537420834000045 ], [ -65.275703152999938, 10.526220593000062 ], [ -65.198700216999953, 10.525919688000045 ], [ -65.094947977999936, 10.494971487000043 ], [ -65.02500112599995, 10.499319778000029 ], [ -64.948097078999979, 10.488119537000046 ], [ -64.821098149999955, 10.484190641000055 ], [ -64.753609043999973, 10.733598635000021 ], [ -64.090049954999984, 10.709030718000067 ], [ -63.827900287999967, 10.717219612000067 ], [ -60.743610074999935, 10.967187695000064 ] ] ] } },
{ "type": "Feature", "properties": { "ANCHOR": 0, "TIME": 600.0, "FILE1": "Global_EarthByte_GPlates_PresentDay_StaticPlatePolygons.gpmlz", "RECONFILE1": "Zahirovic_etal_2022_OptimisedMantleRef_and_NNRMantleRef.rot", "OBJECTID_1": "779", "PLATEID1": 802, "FROMAGE": 600.0, "TOAGE": -999.0, "NAME": "Antarctic Peninsula", "PLATEID2": 0, "GPGIM_TYPE": "gpml:ClosedContinentalBoundary", "L_PLATE": 0, "R_PLATE": 0, "SPREAD_ASY": 0.0, "IMPORT_AGE": 0.0, "Shape_Leng": 84.157740675300005, "Shape_Area": 312.09872073999998, "FEATURE_ID": "GPlates-341986e5-f9d4-482e-a3a5-143660fb4043" }, "geometry": { "type": "Polygon", "coordinates": [ [ [ -52.138994698999966, -62.733030826999943 ], [ -51.980049719999954, -62.798803138999972 ], [ -51.650514946999976, -62.781635264999977 ], [ -51.278003247999941, -63.344581631 ], [ -51.251, -63.3438 ], [ -51.080167652999926, -63.372057981999937 ], [ -51.083808787999942, -63.389899544999935 ], [ -51.235308847999917, -64.132249837999964 ], [ -51.287046044999954, -64.138530965999962 ], [ -51.286995333999982, -64.163513178999949 ], [ -51.296748548999965, -64.35415261199995 ], [ -51.377905262999953, -64.649971211999954 ], [ -51.386544301999919, -64.681460759999922 ], [ -51.769570413999979, -64.877712062999933 ], [ -52.24499328399996, -65.121304744999975 ], [ -52.315595324999954, -65.350283544999968 ], [ -52.441, -65.757 ], [ -52.437791659999959, -65.819596752999985 ], [ -52.413828755999965, -66.287128308999982 ], [ -52.413256092999973, -66.298301329999958 ], [ -52.396566904999972, -66.623918042999961 ], [ -52.394, -66.674 ], [ -52.443200073999947, -66.720152581999969 ], [ -52.811868845999975, -67.065985709999964 ], [ -53.522470041999966, -67.720192148999971 ], [ -53.526062022999952, -67.723709988999985 ], [ -53.76407005599998, -67.95543426899998 ], [ -53.763526310999964, -67.958696738999947 ], [ -53.847, -68.037 ], [ -53.629702872999978, -69.108220961999962 ], [ -54.925400146999927, -71.237296267 ], [ -56.229999174999932, -72.819999469999985 ], [ -58.080002219999969, -74.019996518999946 ], [ -60.56000106699998, -75.069999235999944 ], [ -62.970000968999955, -75.790000466999984 ], [ -65.80999716499997, -76.360000301999932 ], [ -67.010002337999936, -76.529998470999956 ], [ -69.620003160999943, -76.63999926 ], [ -72.400001270999951, -76.580001349999989 ], [ -77.507103089999987, -76.096397319999923 ], [ -78.903648068999985, -76.259086353999976 ], [ -85.339123531999974, -75.445400180999968 ], [ -85.343139202999964, -75.444892448999965 ], [ -81.780371998999954, -72.77039355899997 ], [ -83.015648235999947, -69.682189281999968 ], [ -83.01019576299997, -69.680271644999948 ], [ -83.043720851999979, -69.593624140999964 ], [ -83.102335498999935, -69.443018578999954 ], [ -82.996, -69.4159 ], [ -82.6054, -69.297 ], [ -82.3963, -69.2583 ], [ -82.220655204999957, -69.242003925999924 ], [ -82.1872, -69.2389 ], [ -81.978725556999962, -69.238800393999952 ], [ -81.5685, -69.229 ], [ -81.2136, -69.2257 ], [ -80.9225, -69.216 ], [ -80.6678, -69.1933 ], [ -80.232448615999942, -69.137850569999955 ], [ -80.200552050999988, -69.133567483999983 ], [ -79.939242748999959, -69.09026896599994 ], [ -79.841075942999964, -69.069919391 ], [ -79.67626331699995, -69.026237717999948 ], [ -79.5589, -68.9915 ], [ -79.460841406999975, -68.969142640999962 ], [ -79.459641275999957, -68.968824559999973 ], [ -79.459314637999967, -68.968794537999926 ], [ -79.4589, -68.9687 ], [ -79.3316, -68.949 ], [ -79.2134, -68.9392 ], [ -79.11739715799996, -68.937367672999983 ], [ -78.99875495799995, -68.932653527999932 ], [ -78.9132, -68.926 ], [ -78.91310151, -68.929250161999974 ], [ -78.912860808999937, -68.929240597999978 ], [ -78.6038, -68.9194 ], [ -78.548806484999943, -68.914441815999965 ], [ -77.967451437999955, -68.652832044999968 ], [ -77.966636947999973, -68.652465523999979 ], [ -77.587359646999971, -68.628839956999968 ], [ -76.779986032999943, -68.578547835999984 ], [ -76.679897178999965, -68.550819539999964 ], [ -76.282356850999975, -68.450208664999934 ], [ -75.935848688999954, -68.332704426999953 ], [ -75.628046126999948, -68.231757864999963 ], [ -75.361224285999981, -68.122590040999981 ], [ -75.105903833999946, -68.002522152999987 ], [ -74.761264431999962, -67.872879335999983 ], [ -74.271611200999985, -67.658672820999982 ], [ -74.077219179999986, -67.556751927999983 ], [ -73.303074996999953, -67.19534859 ], [ -73.031600397999966, -67.085753757999953 ], [ -71.980155361999948, -66.635178893999978 ], [ -71.77105856299994, -66.524565425999981 ], [ -71.440683501999956, -66.358368870999982 ], [ -70.885139186999936, -66.092764509999938 ], [ -70.718928183999935, -66.017336870999941 ], [ -70.262300774999972, -65.826123826999947 ], [ -70.074298446999933, -65.730614647999971 ], [ -69.713747377999937, -65.584128483999947 ], [ -69.520870994999939, -65.51884660199994 ], [ -69.058640594999986, -65.337732645999949 ], [ -68.821967306999966, -65.223187805999942 ], [ -68.492371335999962, -64.982272676999969 ], [ -68.043555635999951, -64.695399167999923 ], [ -67.815753879999988, -64.581121064999934 ], [ -67.459449467999946, -64.441039859999918 ], [ -67.006512687999987, -64.270228050999947 ], [ -66.716093165999951, -64.135466941999937 ], [ -66.56323204399996, -64.068127946999937 ], [ -66.541892579999967, -64.058398877999934 ], [ -66.380046204999985, -63.979533686999964 ], [ -66.348392815999944, -63.90562546099995 ], [ -66.21553443199997, -63.834137679999969 ], [ -66.144693979999943, -63.796020200999976 ], [ -65.901661752999985, -63.711324011999977 ], [ -65.666425653999966, -63.681595171999959 ], [ -65.430290317999948, -63.651752687999974 ], [ -64.262669461999963, -63.292835983999979 ], [ -64.314997473999938, -63.137370935999968 ], [ -64.314998531999947, -63.137367516 ], [ -64.31321570199998, -63.136921136999945 ], [ -64.313215196999977, -63.136922692999974 ], [ -63.748573462999957, -62.994914956999942 ], [ -63.106759992999976, -62.805760189999937 ], [ -63.079238669999931, -62.797649126999936 ], [ -62.941955067999977, -62.75718901099998 ], [ -62.44133417299998, -62.609646409999982 ], [ -59.760189156999957, -61.819461433999948 ], [ -57.728752283999931, -61.118970681999926 ], [ -56.384792206999975, -61.174969018999953 ], [ -55.656813831999926, -61.370963196999988 ], [ -55.114930656999952, -61.393308981999944 ], [ -54.873357664999958, -61.527993581999958 ], [ -54.704500046, -61.585382827999979 ], [ -54.66227472899994, -61.592185382999965 ], [ -54.471, -61.623 ], [ -53.189528774999978, -61.941654608999954 ], [ -53.183977281999944, -61.943035060999925 ], [ -52.619634872999939, -62.08336619499994 ], [ -52.625954171999979, -62.093754773999933 ], [ -52.508323210999947, -62.389701918999954 ], [ -52.138994698999966, -62.733030826999943 ] ] ] } },
{ "type": "Feature", "properties": { "ANCHOR": 0, "TIME": 600.0, "FILE1": "Global_EarthByte_GPlates_PresentDay_StaticPlatePolygons.gpmlz", "RECONFILE1": "Zahirovic_etal_2022_OptimisedMantleRef_and_NNRMantleRef.rot", "OBJECTID_1": "780", "PLATEID1": 802, "FROMAGE": 600.0, "TOAGE": -999.0, "NAME": "East Antarctica", "PLATEID2": 0, "GPGIM_TYPE": "gpml:ClosedContinentalBoundary", "L_PLATE": 0, "R_PLATE": 0, "SPREAD_ASY": 0.0, "IMPORT_AGE": 0.0, "Shape_Leng": 408.98759475200001, "Shape_Area": 4329.8376287700003, "FEATURE_ID": "GPlates-05c2c96f-78b4-4ef9-af8b-bd72ddd474e0" }, "geometry": { "type": "Polygon", "coordinates": [ [ [ 180.0, -72.530013726999982 ], [ 0.0, -90.0 ], [ 0.0, -90.0 ], [ 0.232859122000036, -69.720256693999957 ], [ 0.3369, -69.7214 ], [ 0.6289, -69.7776 ], [ 0.976, -69.855399 ], [ 1.295699, -69.9362 ], [ 1.660098128000072, -70.006248661999962 ], [ 1.6973, -70.0134 ], [ 2.2529, -70.052799 ], [ 2.816699, -70.0456 ], [ 3.5258, -70.0195 ], [ 4.2807, -70.015 ], [ 4.9172, -70.0045 ], [ 5.4079, -69.978699 ], [ 5.8713, -69.9467 ], [ 6.083088088000068, -69.927514864999978 ], [ 6.4706, -69.889399 ], [ 6.652299, -69.876499 ], [ 6.8068, -69.8669 ], [ 6.8702, -69.8542 ], [ 6.9334, -69.825899 ], [ 6.967265786000041, -69.811685495999939 ], [ 7.044612738000065, -69.777807777999953 ], [ 7.186, -69.7089 ], [ 7.2676, -69.689899 ], [ 7.321999, -69.683399 ], [ 7.5405, -69.692499 ], [ 7.596401427000047, -69.69417436699996 ], [ 7.598163277000026, -69.696207537999939 ], [ 8.3052, -69.729 ], [ 8.8337, -69.7816 ], [ 9.4976, -69.7709 ], [ 10.2792, -69.7349 ], [ 10.6057, -69.6806 ], [ 11.0224, -69.5817 ], [ 11.547899, -69.4597 ], [ 12.0194, -69.372399 ], [ 12.4462, -69.3331 ], [ 12.7735, -69.322899 ], [ 13.1831, -69.3414 ], [ 13.5294, -69.3792 ], [ 13.793299, -69.381999 ], [ 14.1025, -69.3814 ], [ 14.4296, -69.358299 ], [ 14.8468, -69.2869 ], [ 15.1828, -69.254 ], [ 15.4462, -69.2342 ], [ 15.918899, -69.2139 ], [ 16.3829, -69.2195 ], [ 16.683499, -69.2448 ], [ 17.084499, -69.2892 ], [ 17.4774, -69.387999 ], [ 17.815, -69.4546 ], [ 18.0342, -69.501999 ], [ 18.2989, -69.5556 ], [ 18.828, -69.6404 ], [ 19.356, -69.6647 ], [ 20.0405, -69.7959 ], [ 20.586699, -69.8201 ], [ 21.0237, -69.8412 ], [ 21.5152, -69.8592 ], [ 22.0159, -69.883299 ], [ 22.452599, -69.888799 ], [ 22.725499, -69.888299 ], [ 23.3172, -69.9123 ], [ 23.8632, -69.9238 ], [ 24.6816, -69.9098 ], [ 25.2998, -69.8899 ], [ 25.7991, -69.835799 ], [ 26.1617, -69.766 ], [ 26.542099, -69.670599 ], [ 26.9133, -69.5685 ], [ 27.2941, -69.4946 ], [ 27.6475, -69.4205 ], [ 27.9193, -69.355899 ], [ 28.2909, -69.2748 ], [ 28.5265, -69.222799 ], [ 28.752699, -69.1545 ], [ 29.0788, -69.075999 ], [ 29.8312, -68.9212 ], [ 29.921699, -68.8916 ], [ 30.147, -68.7662 ], [ 30.462799, -68.6135 ], [ 30.742599, -68.479699 ], [ 30.9314, -68.3488 ], [ 30.982575109000038, -68.293223116 ], [ 31.0744, -68.1935 ], [ 31.2352, -68.0098 ], [ 31.3331, -67.879699 ], [ 31.4218, -67.7386 ], [ 31.6362, -67.4885 ], [ 31.8605, -67.2921 ], [ 32.113035489000026, -67.008602793999941 ], [ 32.194264112000042, -66.873473862999958 ], [ 32.2437, -66.7834 ], [ 32.350299, -66.6139 ], [ 32.431124546000042, -66.492704792999987 ], [ 32.531214, -66.342624 ], [ 32.547571, -66.252704 ], [ 32.529286, -66.140485 ], [ 32.501278, -65.909851 ], [ 32.502968, -65.784317 ], [ 32.527912, -65.690024 ], [ 32.56175, -65.626156 ], [ 32.618258, -65.531238 ], [ 32.643095599000041, -65.500235410999949 ], [ 32.785627, -65.322326 ], [ 32.927513, -65.149159 ], [ 33.036668, -64.99457 ], [ 33.124725, -64.900979 ], [ 33.238636, -64.809464 ], [ 33.349878494000052, -64.746980380999958 ], [ 33.350386833000073, -64.746768245999988 ], [ 33.350438789000066, -64.746812551999938 ], [ 33.530048, -64.672056 ], [ 33.701834, -64.628861 ], [ 33.850932, -64.613912 ], [ 34.046116, -64.616103 ], [ 34.210015, -64.647813 ], [ 34.509042, -64.703813 ], [ 34.639509, -64.839269 ], [ 34.755471, -64.958294 ], [ 34.840767, -65.072714 ], [ 34.873334, -65.182414 ], [ 34.863223, -65.331246 ], [ 34.792919, -65.486466 ], [ 34.693723, -65.619512 ], [ 34.629268, -65.784779 ], [ 34.544827, -65.959533 ], [ 34.482591, -66.054058 ], [ 34.429372, -66.19108 ], [ 34.402132, -66.343437 ], [ 34.472862, -66.537007 ], [ 34.571635, -66.662121 ], [ 34.710647, -66.793327 ], [ 34.929949, -66.918104 ], [ 35.171656, -66.986238 ], [ 35.502426, -67.065234 ], [ 35.843159206000053, -67.113332292999985 ], [ 35.956439, -67.129323 ], [ 36.255347, -67.177892 ], [ 36.6461, -67.228457 ], [ 37.031103, -67.277817 ], [ 37.418976, -67.327071 ], [ 37.846987, -67.37286 ], [ 38.214586, -67.403227 ], [ 38.441483, -67.423841 ], [ 38.550588, -67.430296 ], [ 38.741728, -67.318646 ], [ 38.866861, -67.205451 ], [ 38.952317180000072, -67.136520786999938 ], [ 38.960803, -67.129676 ], [ 38.969962708000025, -67.121751815999971 ], [ 39.103063, -67.006605 ], [ 39.219741, -66.907693 ], [ 39.347919, -66.810621 ], [ 39.404978, -66.77665 ], [ 39.631808, -66.791028 ], [ 39.936257, -66.819965 ], [ 40.154501, -66.836585 ], [ 40.473385, -66.874457 ], [ 40.508533435000068, -66.87911797199996 ], [ 40.69175, -66.903414 ], [ 40.847009, -66.934671 ], [ 41.022035, -66.933306 ], [ 41.153214, -66.849861 ], [ 41.332965, -66.744564 ], [ 41.549919, -66.628528 ], [ 41.683968, -66.544035 ], [ 41.803538, -66.445529 ], [ 41.84935125800007, -66.412226051999937 ], [ 41.974515, -66.321241 ], [ 42.154222, -66.209046 ], [ 42.282422, -66.111522 ], [ 42.439139, -65.994924 ], [ 42.530191, -65.913013 ], [ 42.675464, -65.799044 ], [ 42.8524, -65.695146 ], [ 43.023752, -65.607419 ], [ 43.189398, -65.522968 ], [ 43.398097, -65.439369 ], [ 43.561215, -65.391414 ], [ 43.704434, -65.363728 ], [ 46.75, -64.679999 ], [ 48.85, -63.7 ], [ 49.43770328100004, -63.645679342999983 ], [ 49.867, -63.606 ], [ 52.41, -63.708 ], [ 54.263993583000037, -63.960540444999928 ], [ 56.367, -64.247 ], [ 56.848915650000038, -64.305191455999932 ], [ 57.22, -64.35 ], [ 57.27, -64.35 ], [ 57.31, -64.34 ], [ 57.36, -64.32 ], [ 57.582649755000027, -63.937393972999985 ], [ 57.74, -63.667 ], [ 57.78, -63.656 ], [ 57.82, -63.645 ], [ 57.9, -63.636 ], [ 59.756294548000028, -63.723592845999974 ], [ 60.187879505000069, -63.747333527999956 ], [ 62.524847617000034, -63.816734706999966 ], [ 63.747320754000043, -63.847057965999966 ], [ 65.447319811000057, -64.041323311999975 ], [ 65.870928204000052, -64.054680726999948 ], [ 67.138339156000029, -64.09464531499998 ], [ 68.845823328000051, -64.041739177999943 ], [ 69.807162432000041, -63.948487460999964 ], [ 70.560592660000054, -63.875403298999963 ], [ 70.780312735000052, -63.946886677999942 ], [ 72.149992, -64.379703 ], [ 73.950689999000076, -63.792496677 ], [ 75.644601034000061, -63.994341331999962 ], [ 76.262264577000053, -64.07412493299995 ], [ 76.287114475000067, -64.129678243999919 ], [ 76.56, -64.74 ], [ 77.104, -64.848 ], [ 82.667813498000044, -65.247942639999962 ], [ 85.029989765000039, -65.209919681999949 ], [ 85.98630350600007, -65.199267084999988 ], [ 86.006972760000053, -65.194193596999966 ], [ 86.209373816000038, -65.144512110999983 ], [ 86.446352154000067, -65.116712691999965 ], [ 86.908398438000063, -65.083160430999968 ], [ 90.688982816000077, -64.814860893999935 ], [ 94.160879682000086, -64.254877528999955 ], [ 96.064823125000046, -63.722893331999956 ], [ 95.839100995000081, -62.861045200999968 ], [ 95.777100916000052, -62.624317625999922 ], [ 95.756832273000057, -62.546928263999973 ], [ 101.776653452000062, -62.294935748999933 ], [ 101.779918543000065, -62.299236809999961 ], [ 101.888129723000077, -62.294936751999948 ], [ 101.888154945000053, -62.294935749999972 ], [ 101.888163374000044, -62.294946285999977 ], [ 103.554, -62.7669 ], [ 104.62, -62.9256 ], [ 105.482, -63.0577 ], [ 106.346, -63.2201 ], [ 107.098, -63.3148 ], [ 107.723, -63.3685 ], [ 108.361, -63.3953 ], [ 109.133, -63.4195 ], [ 109.701, -63.4368 ], [ 110.499, -63.3999 ], [ 111.553, -63.4674 ], [ 112.549, -63.4802 ], [ 113.197000000000116, -63.5162 ], [ 113.858, -63.5581 ], [ 114.335, -63.6247 ], [ 114.686, -63.7145 ], [ 115.216, -63.7569 ], [ 115.707000000000107, -63.7435 ], [ 116.042, -63.7065 ], [ 116.880000000000109, -63.6609 ], [ 117.411536769, -63.726160544 ], [ 117.697246132000018, -63.761762260999944 ], [ 117.967211226000018, -63.730642023999955 ], [ 118.026793058000067, -63.723690809999944 ], [ 118.415, -63.6784 ], [ 119.136, -63.6654 ], [ 119.783, -63.6533 ], [ 120.374, -63.6304 ], [ 121.077000000000126, -63.6246 ], [ 121.684, -63.5868 ], [ 122.314, -63.5422 ], [ 123.303000000000125, -63.5491 ], [ 124.232, -63.6088 ], [ 124.906, -63.6767 ], [ 125.587000000000103, -63.7043 ], [ 126.22, -63.7676 ], [ 126.934, -63.7734 ], [ 127.679, -63.7652 ], [ 128.386, -63.7025 ], [ 128.827000000000112, -63.6592 ], [ 129.386, -63.5783 ], [ 129.893, -63.3645 ], [ 130.422, -63.183 ], [ 131.236000000000104, -62.9884 ], [ 131.979, -62.8342 ], [ 132.470933760000094, -62.778814847999982 ], [ 132.845, -62.7367 ], [ 133.707000000000107, -62.6217 ], [ 134.439, -62.4452 ], [ 135.9, -62.4389 ], [ 136.198, -62.3663 ], [ 136.578911098000049, -62.273338268999957 ], [ 136.90400000000011, -62.194 ], [ 137.525, -61.994 ], [ 137.820332238000105, -61.954685371999979 ], [ 138.15, -61.9108 ], [ 138.796, -61.7214 ], [ 139.524000000000115, -61.7817 ], [ 139.961285236000094, -61.892644892999954 ], [ 140.332000000000107, -61.9867 ], [ 140.921870012000113, -62.205515970999961 ], [ 141.906590397000059, -62.570804158999977 ], [ 142.298000000000116, -62.716 ], [ 143.088, -63.0572 ], [ 143.306493646000035, -63.158258493999931 ], [ 144.142, -63.5447 ], [ 145.399000000000115, -63.9735 ], [ 146.840973517000066, -64.301763688999984 ], [ 146.994, -64.3366 ], [ 148.948, -64.8279 ], [ 150.448, -65.2232 ], [ 150.712025154000116, -65.322092162999979 ], [ 152.024000000000115, -65.8135 ], [ 153.428000000000111, -66.0609 ], [ 154.46, -66.5168 ], [ 154.93, -66.8232 ], [ 155.29433430500012, -66.869851541999935 ], [ 156.235, -66.9903 ], [ 157.424, -67.7431 ], [ 158.34, -68.2253 ], [ 159.36, -68.5374 ], [ 159.94271785300009, -68.720914697999945 ], [ 160.626, -68.9361 ], [ 162.739, -69.3687 ], [ 164.134, -69.6326 ], [ 165.731000000000108, -69.683 ], [ 166.959, -69.9874 ], [ 168.275650963000089, -70.389050234999942 ], [ 168.942535695000089, -70.592253956999969 ], [ 169.23722096500012, -70.682046300999957 ], [ 169.441483940000012, -70.744286436999971 ], [ 169.806593214000031, -70.85553739199996 ], [ 169.884844878000109, -70.864017528 ], [ 170.163999964000027, -70.894269574999953 ], [ 170.456629854000084, -70.925981886999978 ], [ 170.50840268200011, -70.927897610999949 ], [ 170.8652, -70.9411 ], [ 171.0328, -70.996 ], [ 171.1879, -71.0569 ], [ 171.2934, -71.1014 ], [ 171.498200000000111, -71.184 ], [ 171.6781, -71.270299 ], [ 171.790222174000064, -71.336573957999974 ], [ 171.864558595000062, -71.385023148999949 ], [ 171.978798167000036, -71.467158989999987 ], [ 172.037908809000101, -71.507135848999951 ], [ 172.144811418000018, -71.58881205299997 ], [ 172.199430308000046, -71.641729114999961 ], [ 172.264032716000088, -71.69444688599998 ], [ 172.485711745000117, -71.830073367999944 ], [ 172.62372133100007, -71.91778492899995 ], [ 172.701772046000087, -71.972654544999955 ], [ 172.775187409000068, -71.988170378999939 ], [ 172.775270394000017, -71.970916173999967 ], [ 172.874984131000019, -71.978908095999927 ], [ 173.376754873000095, -72.019124343999962 ], [ 173.67959969600011, -72.043396948999927 ], [ 174.029305219000094, -72.071425374999919 ], [ 175.138054872000112, -72.160290165999982 ], [ 175.235045774000014, -72.168063855999947 ], [ 176.736142441000084, -71.758530208999971 ], [ 177.097838683000077, -71.738589966999925 ], [ 178.056311376000053, -71.685749559999977 ], [ 178.290067551000135, -71.755104521999954 ], [ 178.35625496800003, -72.165749642 ], [ 178.364152388000093, -72.461186840000011 ], [ 178.364347244000101, -72.46847626999994 ], [ 178.730532150000045, -72.651741896 ], [ 179.377530695000019, -72.724655936 ], [ 180.0, -72.530013726999982 ] ] ] } },
{ "type": "Feature", "properties": { "ANCHOR": 0, "TIME": 600.0, "FILE1": "Global_EarthByte_GPlates_PresentDay_StaticPlatePolygons.gpmlz", "RECONFILE1": "Zahirovic_etal_2022_OptimisedMantleRef_and_NNRMantleRef.rot", "OBJECTID_1": "781", "PLATEID1": 804, "FROMAGE": 600.0, "TOAGE": -999.0, "NAME": "Marie Byrd Land", "PLATEID2": 0, "GPGIM_TYPE": "gpml:ClosedContinentalBoundary", "L_PLATE": 0, "R_PLATE": 0, "SPREAD_ASY": 0.0, "IMPORT_AGE": 0.0, "Shape_Leng": 258.65845592699998, "Shape_Area": 764.63026273499997, "FEATURE_ID": "GPlates-ddfea338-5818-4f07-8195-e5a5656477de" }, "geometry": { "type": "Polygon", "coordinates": [ [ [ -117.112684047999963, -75.634590309999965 ], [ -115.379769401, -75.621051914999953 ], [ -113.890545876999965, -75.566898331999937 ], [ -110.438254979999954, -75.309668813999977 ], [ -110.42849621, -75.288626466999972 ], [ -108.743908047, -75.366078795999968 ], [ -103.593300624999983, -75.414215314000018 ], [ -98.153874095999981, -75.534556608999935 ], [ -85.339123531999974, -75.445400180999968 ], [ -78.903648068999985, -76.259086353999976 ], [ -78.089996286999963, -76.819999347999953 ], [ -77.410004139999955, -77.160003279999955 ], [ -75.959999227999958, -77.430000319999976 ], [ -73.449997275999976, -77.720001549999935 ], [ -73.080002070999967, -77.910003554999932 ], [ -73.939400088999946, -78.163299476 ], [ -75.112198066999952, -78.14109730199992 ], [ -79.642799158999949, -77.798103389999923 ], [ -80.952301139999975, -77.602203360999965 ], [ -81.277801054999941, -77.694702384 ], [ -80.295082073999936, -77.905090359999974 ], [ -81.129997112999945, -77.928001355999967 ], [ -79.901001034999979, -78.138297329999929 ], [ -79.420303104999959, -78.165000366999948 ], [ -78.051597327999957, -78.302696614999931 ], [ -76.988899027999935, -78.612899458999948 ], [ -77.495499170999949, -78.824798318 ], [ -78.285698184999944, -78.906997518999972 ], [ -79.980903008999974, -78.858802365999964 ], [ -81.500297107999984, -78.679702345999928 ], [ -82.714104185999986, -78.328300394999971 ], [ -83.83730314099995, -78.399002334999963 ], [ -83.722099024, -78.547500266 ], [ -83.165901093999935, -78.81169852499994 ], [ -82.34880002899996, -79.127502370999935 ], [ -81.552101003999951, -79.164802425999952 ], [ -80.975998303999972, -79.436302402999971 ], [ -80.627800003999937, -79.611198580999925 ], [ -80.006203234999987, -79.594497461999921 ], [ -80.17310299899998, -79.296996382999978 ], [ -77.605301121999958, -79.279098353999984 ], [ -76.154899064999938, -79.421096450999983 ], [ -74.980003050999983, -79.709999306 ], [ -75.400000957999964, -79.970001491999938 ], [ -76.120003249999968, -80.089996428999925 ], [ -76.919916353999952, -80.197787594999951 ], [ -77.529999076999957, -80.279998433999936 ], [ -78.220001088999936, -80.360000357 ], [ -78.900001182999972, -80.620002365999923 ], [ -82.48999800699994, -81.230003338999921 ], [ -85.720001190999938, -81.610000284999956 ], [ -86.230003115999978, -81.809997497999973 ], [ -84.519996017999972, -82.080001601999982 ], [ -84.419998206999935, -82.220001611 ], [ -86.410003202999974, -82.269996543999966 ], [ -88.440002273999937, -82.209999339999982 ], [ -92.029999097999962, -82.419998470999971 ], [ -92.37999717799994, -82.499999509999938 ], [ -91.139999166999985, -82.790000385999974 ], [ -92.669998230999965, -83.279998474999985 ], [ -90.529999253999961, -83.629997437999961 ], [ -85.550003021999942, -83.650001273999962 ], [ -83.529999158999942, -83.62000240699993 ], [ -81.989998176999961, -83.74999943899995 ], [ -81.949997215999986, -83.949996474999963 ], [ -82.830002291999961, -84.199996389999981 ], [ -84.320000217999961, -84.419998321 ], [ -86.449997276999966, -84.660003381999942 ], [ -90.611000131999958, -84.885002386999986 ], [ -96.592003103999957, -84.875999424999961 ], [ -99.169998142999987, -84.599998407999948 ], [ -103.330002218999937, -83.690002411999956 ], [ -111.320000233999963, -83.139999348999922 ], [ -114.135811177999983, -82.254470437999956 ], [ -122.865959238999949, -84.090270547999964 ], [ -149.459269175999964, -85.286501125999948 ], [ -164.41952828099997, -84.756711175 ], [ -170.483163530999974, -84.032695024999938 ], [ -165.546706220999965, -76.396694835999938 ], [ -165.04571134699998, -75.548238249999926 ], [ -160.877158452999964, -75.777073101999974 ], [ -157.427142938999964, -75.956961894999949 ], [ -156.533337891999963, -76.029199189999986 ], [ -156.011403189999982, -76.059493570999962 ], [ -154.227172321999973, -75.888871693999988 ], [ -154.030073739999978, -75.865587564999942 ], [ -152.836469748999974, -75.665197184999968 ], [ -151.719696689999978, -75.461669169999936 ], [ -149.400282206999975, -75.136307671999973 ], [ -148.041907437999981, -74.983399486999986 ], [ -146.534132015999973, -74.856483749999938 ], [ -146.065735473999979, -74.811886718 ], [ -145.907063370999964, -74.78584213699996 ], [ -145.299908604999956, -74.680369866 ], [ -144.34194207799996, -74.520817621999967 ], [ -144.110436519999979, -74.459705171999971 ], [ -142.928267370999947, -74.101645342999959 ], [ -142.481915566999987, -73.964420834999927 ], [ -141.505416729, -73.853270089999967 ], [ -141.192937837999978, -74.282277823999948 ], [ -139.979034343999956, -75.336745605999965 ], [ -139.518728890999967, -75.526283144999979 ], [ -138.692886754999961, -75.648128705999966 ], [ -136.648589007999988, -75.756435870999951 ], [ -133.737833938000023, -75.851204640999981 ], [ -131.34153790299996, -75.851204640999981 ], [ -129.730468818, -75.810589453999967 ], [ -125.23572145299994, -75.756435870999951 ], [ -123.272654079999981, -75.729359079999924 ], [ -120.348360613999944, -75.729359079999924 ], [ -118.493600406999974, -75.68874389299998 ], [ -117.112684047999963, -75.634590309999965 ] ] ] } },
{ "type": "Feature", "properties": { "ANCHOR": 0, "TIME": 600.0, "FILE1": "Global_EarthByte_GPlates_PresentDay_StaticPlatePolygons.gpmlz", "RECONFILE1": "Zahirovic_etal_2022_OptimisedMantleRef_and_NNRMantleRef.rot", "OBJECTID_1": "784", "PLATEID1": 712, "FROMAGE": 600.0, "TOAGE": -999.0, "NAME": "Lake Victoria block, Africa", "PLATEID2": 0, "GPGIM_TYPE": "gpml:ClosedContinentalBoundary", "L_PLATE": 0, "R_PLATE": 0, "SPREAD_ASY": 0.0, "IMPORT_AGE": 0.0, "Shape_Leng": 36.816310516000001, "Shape_Area": 72.718085580600004, "FEATURE_ID": "GPlates-b9a2efe7-f1f8-4d15-a3ac-505c3b6d5013" }, "geometry": { "type": "Polygon", "coordinates": [ [ [ 36.083228986000051, -2.712470479999979 ], [ 35.777671984000058, -3.956513404999953 ], [ 35.346492907000027, -4.721324429999925 ], [ 35.276801754000076, -5.045591410999975 ], [ 35.229297765000098, -5.37815835899994 ], [ 35.205935941000064, -5.864307368999966 ], [ 35.363673991000034, -6.402013405999981 ], [ 35.384891866000039, -6.685261397999966 ], [ 35.44572097300005, -7.252970362999982 ], [ 34.474650942000039, -8.058569398999964 ], [ 33.906765037000085, -8.611104373999979 ], [ 33.862262859000055, -8.803357516999938 ], [ 33.764194796000027, -9.170961373999944 ], [ 32.245468021000079, -7.932090344999949 ], [ 30.764971034000048, -6.532626197999946 ], [ 29.71493494300006, -5.929616325999973 ], [ 29.262479893000037, -3.644661410999959 ], [ 29.104417982000029, -2.768792367999936 ], [ 29.113290975000037, -2.019815240999947 ], [ 29.346268029000043, -1.145083244999967 ], [ 29.921418922000043, 0.93089074300002 ], [ 31.556650028000039, 2.412299628000028 ], [ 31.526349903000039, 3.13946960800007 ], [ 32.137980779000031, 3.838470697000048 ], [ 32.882619968000029, 4.118884951000041 ], [ 35.802670068000054, 5.218509685000072 ], [ 36.673892917000046, 5.634514596000032 ], [ 36.518120110000027, 4.191042717000073 ], [ 36.344785319000039, 2.181032295000023 ], [ 35.985003760000041, 0.419891629000062 ], [ 36.369366127000028, -0.937508483999977 ], [ 36.083228986000051, -2.712470479999979 ] ] ] } },
{ "type": "Feature", "properties": { "ANCHOR": 0, "TIME": 600.0, "FILE1": "Global_EarthByte_GPlates_PresentDay_StaticPlatePolygons.gpmlz", "RECONFILE1": "Zahirovic_etal_2022_OptimisedMantleRef_and_NNRMantleRef.rot", "OBJECTID_1": "836", "PLATEID1": 16107, "FROMAGE": 600.0, "TOAGE": -999.0, "NAME": "Kootenay Terrane (NAM affinity Colpron et al 2007)", "PLATEID2": 0, "GPGIM_TYPE": "gpml:ClosedContinentalBoundary", "L_PLATE": 0, "R_PLATE": 0, "SPREAD_ASY": 0.0, "IMPORT_AGE": 0.0, "Shape_Leng": 21.351582502399999, "Shape_Area": 7.3516528979600002, "FEATURE_ID": "GPlates-1bcbcbc9-3894-40fd-bc5f-93be7767d8d8" }, "geometry": { "type": "Polygon", "coordinates": [ [ [ -120.557294274999933, 51.808672621000028 ], [ -120.742264871999978, 52.155900955000035 ], [ -121.464452079999958, 52.501120908000061 ], [ -122.549205359999988, 53.214929066000074 ], [ -122.599433623999971, 53.592743165000059 ], [ -122.38344761999997, 53.550324153000069 ], [ -122.323699951, 53.480699539000049 ], [ -121.768098830999975, 53.081399918000038 ], [ -121.287799834999987, 52.757299423000056 ], [ -121.000879183, 52.573694422000074 ], [ -120.60090139499998, 52.509751030000082 ], [ -118.876786098999958, 51.653155182000027 ], [ -119.00725807, 51.361141441000029 ], [ -118.949192668999956, 51.129849267000047 ], [ -118.456436547999942, 50.196248388000058 ], [ -118.278487866999967, 50.111708443000047 ], [ -118.446475385999975, 50.790220252000033 ], [ -118.622759495999972, 51.229143612000016 ], [ -118.521114779999948, 51.255694349000052 ], [ -118.006942454999958, 51.074920711000061 ], [ -117.034714147999978, 49.758140495000063 ], [ -117.123840437999945, 49.683101920000055 ], [ -117.539706573, 49.799022939000054 ], [ -118.049036486, 49.795040911000058 ], [ -118.030406847, 49.653058871000042 ], [ -117.549512, 49.477180013000066 ], [ -117.598514692, 49.219319612000049 ], [ -117.92430023699994, 48.758158263000034 ], [ -118.122476795999944, 48.95934211400003 ], [ -118.458057371999971, 48.552423783000044 ], [ -118.748513195999962, 48.692568094000066 ], [ -119.138320155999963, 48.894135992000038 ], [ -119.353870527999959, 49.176301809000051 ], [ -119.149722195999971, 49.319680916000038 ], [ -118.893636683999944, 49.363390006000031 ], [ -118.809783767999988, 49.45886164000008 ], [ -118.849399259, 49.567967627000023 ], [ -119.316087072999949, 49.772479902000043 ], [ -119.495321921999974, 49.736183649000061 ], [ -119.605536597999944, 49.602849851 ], [ -119.699968244999965, 49.487669794000048 ], [ -119.909015764999978, 49.569372713000064 ], [ -120.153507753999989, 49.829937279000035 ], [ -120.497251933999962, 50.601335932000055 ], [ -120.555731580999989, 50.843538460000048 ], [ -120.357839518, 51.146338603000054 ], [ -120.557294274999933, 51.808672621000028 ] ] ] } },
{ "type": "Feature", "properties": { "ANCHOR": 0, "TIME": 600.0, "FILE1": "Global_EarthByte_GPlates_PresentDay_StaticPlatePolygons.gpmlz", "RECONFILE1": "Zahirovic_etal_2022_OptimisedMantleRef_and_NNRMantleRef.rot", "OBJECTID_1": "860", "PLATEID1": 18102, "FROMAGE": 600.0, "TOAGE": -999.0, "NAME": "Ruby Terrane", "PLATEID2": 0, "GPGIM_TYPE": "gpml:ClosedContinentalBoundary", "L_PLATE": 0, "R_PLATE": 0, "SPREAD_ASY": 0.0, "IMPORT_AGE": 0.0, "Shape_Leng": 3.8766123932399998, "Shape_Area": 0.57310421495099995, "FEATURE_ID": "GPlates-8324e4ee-9dae-4450-a819-89dc8c351d6f" }, "geometry": { "type": "Polygon", "coordinates": [ [ [ -158.66132723399997, 64.308146609000062 ], [ -156.985768246999982, 64.527686881000079 ], [ -157.300798815999968, 64.347379746000072 ], [ -157.694428490999968, 64.005280734000053 ], [ -157.993186245999965, 63.878513606000084 ], [ -158.392953908999971, 63.84902197200006 ], [ -158.600790639999985, 63.985669065000096 ], [ -158.66132723399997, 64.308146609000062 ] ] ] } },
{ "type": "Feature", "properties": { "ANCHOR": 0, "TIME": 600.0, "FILE1": "Global_EarthByte_GPlates_PresentDay_StaticPlatePolygons.gpmlz", "RECONFILE1": "Zahirovic_etal_2022_OptimisedMantleRef_and_NNRMantleRef.rot", "OBJECTID_1": "861", "PLATEID1": 16105, "FROMAGE": 600.0, "TOAGE": -999.0, "NAME": "Yukon-Tanana Upland (NAM affinity Colpron 07)", "PLATEID2": 0, "GPGIM_TYPE": "gpml:ClosedContinentalBoundary", "L_PLATE": 0, "R_PLATE": 0, "SPREAD_ASY": 0.0, "IMPORT_AGE": 0.0, "Shape_Leng": 40.722898506, "Shape_Area": 26.434229292800001, "FEATURE_ID": "GPlates-4401e496-f82b-4cda-850e-6fb79d7d8fc1" }, "geometry": { "type": "Polygon", "coordinates": [ [ [ -141.108270455999985, 64.807005939000078 ], [ -142.226082541000011, 64.710133059000043 ], [ -142.749329888999966, 64.756886449000035 ], [ -142.855202532999954, 64.367584295000029 ], [ -143.217813633999981, 64.273665180000094 ], [ -143.143001124999955, 63.899563491000038 ], [ -142.39458760499997, 63.729322610000054 ], [ -140.565124220999962, 63.718385926000053 ], [ -140.089114114999973, 63.550403028000055 ], [ -140.181478124999956, 63.436378157000043 ], [ -140.969760639999947, 63.378349331000031 ], [ -141.191015713999946, 63.11486933000004 ], [ -140.153561268999965, 62.898800261000076 ], [ -139.684237224999947, 62.585555969000048 ], [ -138.900145662999989, 62.460436092000066 ], [ -139.000668191999978, 62.292080621000082 ], [ -139.313613228999941, 62.197973485000034 ], [ -139.718005175999963, 61.944681068000079 ], [ -139.905766858, 61.842706603000074 ], [ -139.961587473999941, 61.784578265000036 ], [ -140.104856596, 61.733251402000072 ], [ -140.339782714999956, 61.831851959000062 ], [ -140.774276732999965, 62.031818390000069 ], [ -141.367475848999959, 62.259090085000082 ], [ -141.534399032999943, 62.314100266000089 ], [ -142.43819999699997, 62.577699661000061 ], [ -143.191299437999987, 62.728399277000051 ], [ -143.937799453999958, 62.999399185000073 ], [ -144.727199553999981, 63.124002457000074 ], [ -145.641300200999979, 63.373300552000046 ], [ -146.421099935999962, 63.450610484000038 ], [ -146.929300307999966, 63.497900009000041 ], [ -148.300399779999964, 63.497900009000041 ], [ -149.006698607999965, 63.417001724000045 ], [ -150.671364774999972, 63.218222664000052 ], [ -151.222940282999957, 63.087106301000063 ], [ -151.582698821999969, 62.999399185000073 ], [ -152.372200011999979, 62.750101089000054 ], [ -153.05480003400001, 62.604902267000064 ], [ -154.229099273999964, 62.364099503000027 ], [ -154.235436597999978, 62.353036563000046 ], [ -154.424945561999976, 62.31370689400007 ], [ -154.032723125999979, 62.754883681000088 ], [ -153.781893208999975, 62.863769533000024 ], [ -153.723697400999981, 62.881038187000051 ], [ -153.170082582999981, 63.101915236000082 ], [ -152.989391111999964, 63.242769257000084 ], [ -153.065082973999978, 63.353810097000078 ], [ -152.854834362999981, 63.52353830900006 ], [ -152.523480151999962, 63.689968621000055 ], [ -152.35270273499998, 63.915871153000076 ], [ -151.987384219999967, 64.155323553000073 ], [ -151.788438593999985, 64.28334228600005 ], [ -151.775837080999963, 64.517921295000065 ], [ -151.662567665999973, 64.587681553000053 ], [ -151.21435457299998, 64.943599160000076 ], [ -151.213217346999983, 65.197670506000051 ], [ -151.183623134999976, 65.198585482000055 ], [ -148.517647788999966, 65.603138282000032 ], [ -147.293413167999972, 65.782911013000046 ], [ -146.900602712999984, 65.815094191000071 ], [ -145.968674633999967, 65.691250105000051 ], [ -143.8204, 65.3556 ], [ -143.275541842, 65.426104476000035 ], [ -143.190850736999948, 65.404100141000072 ], [ -142.484298705999947, 65.24910163900006 ], [ -141.108270455999985, 64.807005939000078 ] ] ] } },
{ "type": "Feature", "properties": { "ANCHOR": 0, "TIME": 600.0, "FILE1": "Global_EarthByte_GPlates_PresentDay_StaticPlatePolygons.gpmlz", "RECONFILE1": "Zahirovic_etal_2022_OptimisedMantleRef_and_NNRMantleRef.rot", "OBJECTID_1": "979", "PLATEID1": 290, "FROMAGE": 600.0, "TOAGE": -999.0, "NAME": "Salado Microplate", "PLATEID2": 0, "GPGIM_TYPE": "gpml:ClosedContinentalBoundary", "L_PLATE": 0, "R_PLATE": 0, "SPREAD_ASY": 0.0, "IMPORT_AGE": 0.0, "Shape_Leng": 27.400730060200001, "Shape_Area": 40.073986161999997, "FEATURE_ID": "GPlates-72202464-d8a7-4177-844a-0b5d76103ed5" }, "geometry": { "type": "Polygon", "coordinates": [ [ [ -53.197816082999964, -38.406203243999983 ], [ -53.2806, -38.5345 ], [ -53.5708, -39.1697 ], [ -53.9249, -39.4777 ], [ -54.0828, -39.6916 ], [ -54.1916, -39.9484 ], [ -54.3259, -40.2241 ], [ -54.446298139999946, -40.349551719999965 ], [ -54.455442115999958, -40.344452194999988 ], [ -54.653720375999967, -40.318470905999959 ], [ -54.647992558999924, -40.312862417999952 ], [ -55.872288052999977, -40.280515673999957 ], [ -55.879600240999935, -40.288101313999952 ], [ -61.956716937999943, -39.90552109999993 ], [ -62.807669970999939, -38.737253457999941 ], [ -64.189787938999984, -36.182034361999968 ], [ -64.16693163399998, -36.004397390999941 ], [ -64.114883735999967, -35.37621993199997 ], [ -64.080400349999934, -34.96003240899995 ], [ -64.080410221999955, -34.708065071999954 ], [ -60.489261744999972, -35.10037540999997 ], [ -56.400546048999956, -36.672958369999947 ], [ -53.614827661999975, -37.931024738999952 ], [ -53.218265017999961, -38.371649898999976 ], [ -53.197816082999964, -38.406203243999983 ] ] ] } },
{ "type": "Feature", "properties": { "ANCHOR": 0, "TIME": 600.0, "FILE1": "Global_EarthByte_GPlates_PresentDay_StaticPlatePolygons.gpmlz", "RECONFILE1": "Zahirovic_etal_2022_OptimisedMantleRef_and_NNRMantleRef.rot", "OBJECTID_1": "980", "PLATEID1": 2901, "FROMAGE": 600.0, "TOAGE": -999.0, "NAME": "Pampean Terrane", "PLATEID2": 0, "GPGIM_TYPE": "gpml:ClosedContinentalBoundary", "L_PLATE": 0, "R_PLATE": 0, "SPREAD_ASY": 0.0, "IMPORT_AGE": 0.0, "Shape_Leng": 36.970111001, "Shape_Area": 57.132042528500001, "FEATURE_ID": "GPlates-9bf4602a-4f37-423d-8055-594efa40bb59" }, "geometry": { "type": "Polygon", "coordinates": [ [ [ -65.540202758999953, -34.901113590999948 ], [ -64.114883735999967, -35.37621993199997 ], [ -64.16693163399998, -36.004397390999941 ], [ -64.189787938999984, -36.182034361999968 ], [ -62.807669970999939, -38.737253457999941 ], [ -61.956716937999943, -39.90552109999993 ], [ -62.259140083999966, -39.886482282999964 ], [ -63.657398314999973, -39.594497445999934 ], [ -63.994463405999973, -39.511249349999964 ], [ -65.548457415999962, -39.590941350999969 ], [ -69.008139927999935, -38.243013098999938 ], [ -74.732769495999946, -38.001127342999951 ], [ -74.715901624999958, -37.857700253999944 ], [ -74.712697796999976, -37.71990935499997 ], [ -74.695600768999967, -37.571098333999949 ], [ -74.683103492999976, -37.427299220999949 ], [ -74.662404607999974, -37.221301387999972 ], [ -74.62489882899996, -37.081001355999945 ], [ -74.585904592999952, -36.976997479999966 ], [ -74.545697553999958, -36.815998387999969 ], [ -74.516004713999962, -36.718997442999978 ], [ -74.460797623999952, -36.601898364999954 ], [ -74.440900622999948, -36.53400045799998 ], [ -74.393209627999966, -36.444202342999972 ], [ -74.355100625999967, -36.376399439999943 ], [ -74.342881622999982, -36.348486979999961 ], [ -74.331221780999954, -36.32185183799993 ], [ -74.318898591999982, -36.293701379999959 ], [ -74.278203465999979, -36.214698588999966 ], [ -74.192403644999956, -36.058299425999955 ], [ -74.158803627999987, -35.990100260999952 ], [ -74.066403671999979, -35.846401449999973 ], [ -73.939901660999965, -35.607799199999931 ], [ -73.924802719999946, -35.544502458999958 ], [ -73.905713607999985, -35.507400534999931 ], [ -73.90430267399995, -35.447601462999948 ], [ -73.910298702999967, -35.408199485999944 ], [ -73.906400533999943, -35.335300443999984 ], [ -73.893201674999943, -35.258602297999964 ], [ -73.871099449999974, -35.189498298999979 ], [ -73.844205697999939, -35.112899217999939 ], [ -73.815503689999957, -35.053199387999939 ], [ -73.769300621999946, -34.929698481999935 ], [ -73.744802632999949, -34.858501389999958 ], [ -73.685392759999957, -34.755699368999956 ], [ -73.572003608999978, -34.591197485999942 ], [ -73.510800665999966, -34.512699383 ], [ -73.463697529999934, -34.449001434999957 ], [ -73.402997507999942, -34.391200273999985 ], [ -73.365705752999986, -34.361499486999946 ], [ -73.300710592999963, -34.315010345999951 ], [ -73.244603788999939, -34.260898451999935 ], [ -73.183797637999987, -34.199089283999967 ], [ -73.116201695999962, -34.139301335999953 ], [ -73.064504635999981, -34.07740051899998 ], [ -73.024198531999957, -34.011398455999938 ], [ -72.970601742999975, -33.859699522999946 ], [ -72.955503685999986, -33.797000353999977 ], [ -72.917104725999934, -33.713600356999962 ], [ -72.890203557999939, -33.633689377999929 ], [ -72.889402733999987, -33.597400285999989 ], [ -72.881002640999952, -33.526699405999977 ], [ -72.856198626999969, -33.438899377999974 ], [ -72.852498587999946, -33.375698346999961 ], [ -72.802404589999981, -33.276699490999938 ], [ -72.762647672999947, -33.107925425999952 ], [ -72.765309729999956, -33.042598457999929 ], [ -72.772199645999933, -32.942298504999954 ], [ -72.777898654999944, -32.888198441999975 ], [ -72.779203636999966, -32.841899485999932 ], [ -72.777799588999983, -32.77819835899993 ], [ -72.771703787999968, -32.706802429999982 ], [ -72.751599649999946, -32.625900263999945 ], [ -72.746305556, -32.589199370999943 ], [ -72.692899658999977, -32.446708417999965 ], [ -72.657849681999949, -32.390724342999931 ], [ -72.642804600999966, -32.348598503999938 ], [ -72.650502580999955, -32.282402371999979 ], [ -72.67940254399997, -32.247001515999948 ], [ -72.694699791999938, -32.211799320999937 ], [ -72.693898613999977, -32.174900472999987 ], [ -72.690404652999973, -32.120498444999953 ], [ -72.689397574999987, -32.073787333999974 ], [ -72.683202706999964, -31.997899371999946 ], [ -72.663304647999951, -31.924200564999985 ], [ -72.644002746999945, -31.873800363999983 ], [ -72.635991500999978, -31.823099433999968 ], [ -72.637097644999983, -31.768400385999939 ], [ -72.640813752999975, -31.725400261999937 ], [ -72.660199531999979, -31.672300390999961 ], [ -72.661504690999948, -31.623399417999963 ], [ -72.646604587999946, -31.465000400999941 ], [ -72.637609748999978, -31.257200491999985 ], [ -72.60490167599994, -31.114299502999977 ], [ -72.606603449999966, -30.871999333999948 ], [ -72.59499847099994, -30.75970043399996 ], [ -72.568524212999989, -30.615426105999969 ], [ -72.565807916999972, -30.599060629999943 ], [ -72.561399513999959, -30.572500343999934 ], [ -72.55750081399998, -30.497289417999983 ], [ -72.562299580999934, -30.400199472999933 ], [ -72.580999670999972, -30.312599341999945 ], [ -72.578900750999935, -30.21339935299995 ], [ -72.545598461999987, -30.04310027899993 ], [ -72.541328225999962, -29.994011388999979 ], [ -67.14403344699997, -34.366503361999946 ], [ -65.540202758999953, -34.901113590999948 ] ] ] } },
{ "type": "Feature", "properties": { "ANCHOR": 0, "TIME": 600.0, "FILE1": "Global_EarthByte_GPlates_PresentDay_StaticPlatePolygons.gpmlz", "RECONFILE1": "Zahirovic_etal_2022_OptimisedMantleRef_and_NNRMantleRef.rot", "OBJECTID_1": "981", "PLATEID1": 291, "FROMAGE": 600.0, "TOAGE": -999.0, "NAME": "Rawson Block", "PLATEID2": 0, "GPGIM_TYPE": "gpml:ClosedContinentalBoundary", "L_PLATE": 0, "R_PLATE": 0, "SPREAD_ASY": 0.0, "IMPORT_AGE": 0.0, "Shape_Leng": 29.072814459899998, "Shape_Area": 33.527767440200002, "FEATURE_ID": "GPlates-a01b7286-5f4b-43b9-857b-a074d4e978ff" }, "geometry": { "type": "Polygon", "coordinates": [ [ [ -54.446298139999946, -40.349551719999965 ], [ -54.445514558999939, -40.349988716999974 ], [ -54.8273, -40.7518 ], [ -55.005, -41.2678 ], [ -55.7638, -41.6728 ], [ -56.0167, -42.1241 ], [ -56.6441, -42.9922 ], [ -56.817, -43.1411 ], [ -57.1196, -43.3503 ], [ -57.601, -43.6691 ], [ -57.8782, -43.9535 ], [ -57.8336, -44.1278 ], [ -57.5833, -44.2768 ], [ -57.5722, -44.9478 ], [ -57.3978, -45.1924 ], [ -57.3427, -45.3225 ], [ -57.2908, -45.9827 ], [ -57.3113, -46.4266 ], [ -57.3916, -46.7977 ], [ -57.4666, -47.0399 ], [ -57.5837, -47.2668 ], [ -57.6061, -47.6826 ], [ -57.3968, -47.8025 ], [ -57.3649, -47.8091 ], [ -57.1828, -47.7895 ], [ -56.859523257999967, -47.901301948999958 ], [ -57.766886677999935, -48.290171985999962 ], [ -58.338858851999973, -48.290107254999953 ], [ -59.002522753999983, -48.20281375299993 ], [ -59.653535695999956, -47.236944386999937 ], [ -59.831995271999972, -46.665873745999932 ], [ -59.974762931999969, -45.687915271999941 ], [ -60.267436635999957, -45.181090077999954 ], [ -60.938444638999954, -44.695680032999974 ], [ -61.267233142999949, -44.447386254999969 ], [ -61.639465485999956, -43.679657046999978 ], [ -61.953982077999967, -42.107074086999951 ], [ -61.549603602999987, -40.759145835999959 ], [ -61.956716937999943, -39.90552109999993 ], [ -55.879600240999935, -40.288101313999952 ], [ -55.872288052999977, -40.280515673999957 ], [ -54.647992558999924, -40.312862417999952 ], [ -54.653720375999967, -40.318470905999959 ], [ -54.455442115999958, -40.344452194999988 ], [ -54.446298139999946, -40.349551719999965 ] ] ] } },
{ "type": "Feature", "properties": { "ANCHOR": 0, "TIME": 600.0, "FILE1": "Global_EarthByte_GPlates_PresentDay_StaticPlatePolygons.gpmlz", "RECONFILE1": "Zahirovic_etal_2022_OptimisedMantleRef_and_NNRMantleRef.rot", "OBJECTID_1": "988", "PLATEID1": 43101, "FROMAGE": 600.0, "TOAGE": -999.0, "NAME": "Cenral Verkhoyansk", "PLATEID2": 0, "GPGIM_TYPE": "gpml:ClosedContinentalBoundary", "L_PLATE": 0, "R_PLATE": 0, "SPREAD_ASY": 0.0, "IMPORT_AGE": 0.0, "Shape_Leng": 64.010742919099997, "Shape_Area": 92.6561423781, "FEATURE_ID": "GPlates-242e824d-8279-4589-994a-3819702281a4" }, "geometry": { "type": "Polygon", "coordinates": [ [ [ 134.734862502000055, 71.410518492000051 ], [ 136.666061925, 70.549320296000062 ], [ 134.635068948000026, 69.877783220000097 ], [ 133.478690338000092, 69.112781471000062 ], [ 133.959801260000063, 68.49694618500007 ], [ 135.322369748000028, 67.565220130000057 ], [ 135.808796314000119, 67.033534197000051 ], [ 137.41300985700002, 66.144364876000054 ], [ 139.506004291000067, 65.413689980000072 ], [ 141.596826473000078, 64.822973600000068 ], [ 142.357480235000025, 64.758490401000074 ], [ 143.044328386000075, 64.966978198000064 ], [ 143.975189026000066, 64.845525507000048 ], [ 145.647826253000062, 64.099468450000074 ], [ 147.027100616000098, 63.191105435000054 ], [ 147.792159260000062, 62.526972646000047 ], [ 147.518980163000037, 62.568527716000062 ], [ 146.305352710000079, 62.792423023000069 ], [ 144.632146674000069, 62.550204265000048 ], [ 144.114859035000109, 62.117874865000033 ], [ 144.145576832000074, 62.102732223000032 ], [ 143.245606814000098, 62.210049002000062 ], [ 142.597281671000019, 62.071534537000048 ], [ 141.124801265000087, 61.131475751000018 ], [ 140.055879485000105, 60.371709571000061 ], [ 138.715929227000061, 59.504531518000078 ], [ 138.156044909000116, 58.104682039000068 ], [ 137.911574368000061, 57.331407672000061 ], [ 137.18965404000005, 56.847402153000068 ], [ 136.983112914000117, 57.087056400000044 ], [ 136.882391018000021, 57.203926248000073 ], [ 136.435618519000059, 58.24133151900002 ], [ 136.520170723000092, 59.135715270000048 ], [ 136.596127705000072, 60.256204766000053 ], [ 136.250306119000015, 61.03107575100006 ], [ 136.330688573000089, 61.714063559000053 ], [ 137.027247040000049, 62.279315128000086 ], [ 137.435186424000108, 63.16220187600004 ], [ 136.291663715000027, 63.411715089000033 ], [ 134.215129849000078, 63.686060100000077 ], [ 132.179575636000095, 64.014555850000079 ], [ 131.86420106300011, 64.127136833000066 ], [ 130.892138700000032, 64.514136083000039 ], [ 129.583448129000089, 65.066480704000071 ], [ 128.503852757000118, 65.868788214000062 ], [ 128.012538520000021, 66.466153614000049 ], [ 128.263055609000048, 67.761566613000085 ], [ 128.933465892000072, 69.164323204000084 ], [ 129.140158568000061, 70.776911700000028 ], [ 128.799038397000118, 71.307447384000071 ], [ 130.8608, 70.9617 ], [ 131.537931159000095, 70.92405920200008 ], [ 132.2542, 71.6448 ], [ 132.709532077000063, 71.817333460000043 ], [ 133.645978368000101, 71.505461998000044 ], [ 134.734862502000055, 71.410518492000051 ] ] ] } },
{ "type": "Feature", "properties": { "ANCHOR": 0, "TIME": 600.0, "FILE1": "Global_EarthByte_GPlates_PresentDay_StaticPlatePolygons.gpmlz", "RECONFILE1": "Zahirovic_etal_2022_OptimisedMantleRef_and_NNRMantleRef.rot", "OBJECTID_1": "989", "PLATEID1": 43400, "FROMAGE": 600.0, "TOAGE": -999.0, "NAME": "Eurasia", "PLATEID2": 0, "GPGIM_TYPE": "gpml:ClosedContinentalBoundary", "L_PLATE": 0, "R_PLATE": 0, "SPREAD_ASY": 0.0, "IMPORT_AGE": 0.0, "Shape_Leng": 27.236198189700001, "Shape_Area": 27.697860684999998, "FEATURE_ID": "GPlates-dc19f4b7-b9c7-4fee-84a4-db69afdb3f96" }, "geometry": { "type": "Polygon", "coordinates": [ [ [ 147.863312214000075, 59.515088659000071 ], [ 148.406598306000092, 58.898655420000054 ], [ 148.435194864000096, 58.866208668000077 ], [ 148.165893081000036, 58.87831153700003 ], [ 145.130402125000046, 59.103160797000051 ], [ 142.881897172000095, 58.653449564000013 ], [ 141.808149494000077, 58.131089165000056 ], [ 140.108733883000014, 57.304351714000063 ], [ 138.77141106900001, 56.28831689000004 ], [ 137.730740597000022, 56.037436475000035 ], [ 137.18965404000005, 56.847402153000068 ], [ 137.911574368000061, 57.331407672000061 ], [ 138.156044909000116, 58.104682039000068 ], [ 138.715929227000061, 59.504531518000078 ], [ 140.055879485000105, 60.371709571000061 ], [ 141.124801265000087, 61.131475751000018 ], [ 142.597281671000019, 62.071534537000048 ], [ 143.245606814000098, 62.210049002000062 ], [ 144.145576832000074, 62.102732223000032 ], [ 145.230404966000037, 61.550865523000027 ], [ 147.863312214000075, 59.515088659000071 ] ] ] } },
{ "type": "Feature", "properties": { "ANCHOR": 0, "TIME": 600.0, "FILE1": "Global_EarthByte_GPlates_PresentDay_StaticPlatePolygons.gpmlz", "RECONFILE1": "Zahirovic_etal_2022_OptimisedMantleRef_and_NNRMantleRef.rot", "OBJECTID_1": "1028", "PLATEID1": 102, "FROMAGE": 600.0, "TOAGE": -999.0, "NAME": "Greenland", "PLATEID2": 0, "GPGIM_TYPE": "gpml:ClosedContinentalBoundary", "L_PLATE": 0, "R_PLATE": 0, "SPREAD_ASY": 0.0, "IMPORT_AGE": 0.0, "Shape_Leng": 171.880999871, "Shape_Area": 977.40313531000004, "FEATURE_ID": "GPlates-3a03565f-0447-4bc6-91fb-7a37da9f971d" }, "geometry": { "type": "Polygon", "coordinates": [ [ [ -26.31787778099994, 83.674338680000091 ], [ -25.375845312999957, 83.608797953000078 ], [ -24.978260873999943, 83.695138706000094 ], [ -21.3683, 83.605000000000103 ], [ -20.758809018999965, 83.34212050400005 ], [ -20.941354297999972, 83.295599571000096 ], [ -20.076518052999969, 83.20994582600008 ], [ -17.970484202999959, 83.157730111 ], [ -17.175288881999961, 83.138014525000088 ], [ -16.213213817999947, 83.062766843000091 ], [ -15.634923754999955, 83.017536498000055 ], [ -14.60328586799994, 82.494171822000069 ], [ -10.724999105999927, 82.006669658000092 ], [ -7.737700745999973, 81.356937490000078 ], [ -7.614993566999943, 81.354299904000086 ], [ -7.50814248799998, 81.352003145000097 ], [ -5.0445, 80.911 ], [ -5.046037603999932, 80.907806662000041 ], [ -5.15143567399997, 80.688913025000019 ], [ -5.15661019199996, 80.678166442000077 ], [ -5.2059, 80.5758 ], [ -5.037146096999946, 80.513305561000038 ], [ -4.1355, 80.1794 ], [ -4.005165739999939, 80.118498327000069 ], [ -3.57665396599998, 79.918266373000066 ], [ -3.224493736999932, 79.737427337000057 ], [ -3.174806045999958, 79.474226443000077 ], [ -3.154443622999963, 79.470472809000057 ], [ -3.195940204999943, 79.232981603000027 ], [ -3.257046213999956, 79.155716181000074 ], [ -3.286717528999929, 79.111814261000092 ], [ -3.471365291999973, 78.838607918000037 ], [ -3.535087427999938, 78.759698469000043 ], [ -3.589458081999965, 78.645052333000081 ], [ -3.650371176999954, 78.516610786000072 ], [ -3.799680516999956, 78.318549127000054 ], [ -3.86662278399996, 78.182187610000099 ], [ -3.928793685999949, 78.165442508000055 ], [ -4.351513325999975, 78.051587263000059 ], [ -4.110389892999933, 77.863392511000029 ], [ -3.442190521999977, 77.33065510800003 ], [ -3.405155903999969, 77.299287094000093 ], [ -3.0888, 77.0694 ], [ -3.046264058999954, 76.889766809000022 ], [ -3.007150054999954, 76.804863794000084 ], [ -2.918003169999963, 76.611356648000083 ], [ -2.822350407999977, 76.403727486000037 ], [ -3.76254533399998, 76.221832128000088 ], [ -6.279645048999961, 75.948833211000093 ], [ -8.647977136999941, 75.691969293000042 ], [ -9.270832312999971, 75.545027313000062 ], [ -10.478582260999929, 75.333392832000058 ], [ -11.902600645999938, 75.127212844000027 ], [ -13.265931562999977, 74.744561285000017 ], [ -14.46383739099997, 74.44530781300007 ], [ -14.902491291999977, 74.352443778000065 ], [ -15.663925509999956, 74.232611018000057 ], [ -16.590765239999939, 74.129505180000081 ], [ -17.271906408999939, 74.102956289000076 ], [ -18.218815045999975, 74.042438520000076 ], [ -19.159068909999974, 73.872145421000113 ], [ -20.663469672999952, 73.363235568000064 ], [ -20.999513603999951, 73.074145917000052 ], [ -21.082910385999988, 72.941605376000041 ], [ -21.092118170999989, 72.784136627000066 ], [ -21.106168454999931, 72.543852923000031 ], [ -20.487984978999975, 72.217746866000098 ], [ -20.481918743999927, 72.03313384300003 ], [ -20.573484508999968, 71.773056824000037 ], [ -20.597772239999923, 71.704071645000056 ], [ -20.668365070999979, 71.479802697000096 ], [ -20.705784046999959, 71.358749719000059 ], [ -20.749467243999963, 71.203969374000039 ], [ -21.254026149999955, 70.802550426000039 ], [ -21.594088873999965, 70.358106144000033 ], [ -21.971054713999933, 70.110719016000075 ], [ -22.484577990999973, 69.85293271900008 ], [ -23.484441190999977, 69.390410063000047 ], [ -23.879722514999965, 69.233744399000059 ], [ -24.543291053999944, 69.020559381000055 ], [ -25.351202921999974, 68.759144598000049 ], [ -25.729930261999989, 68.632927720000055 ], [ -25.817596284999979, 68.613111510000081 ], [ -26.105946637999978, 68.547932194000055 ], [ -26.805623251999968, 68.37283377600005 ], [ -27.238524205999969, 68.279719148000083 ], [ -27.336095939999954, 68.258272149000049 ], [ -27.734666899999979, 68.170663261000087 ], [ -27.769644426999946, 68.164754534000053 ], [ -28.69744488199996, 68.008021904000032 ], [ -28.995900560999928, 67.957604012000047 ], [ -29.640370245999978, 67.794363262000061 ], [ -29.787730914999941, 67.794363262000061 ], [ -29.813064759999971, 67.750620659000049 ], [ -30.779947137999955, 67.522772560000078 ], [ -31.658557743999953, 66.975117492000038 ], [ -32.575651253999979, 66.597189373000049 ], [ -32.855050581999933, 66.482050773000097 ], [ -34.431280795999953, 65.893906070000071 ], [ -35.31381618599994, 65.352569828000071 ], [ -35.777725043999951, 64.92822806900007 ], [ -36.26993020599997, 64.614522028000067 ], [ -36.882731469999953, 64.328354104000027 ], [ -37.727556590999946, 63.920079534000081 ], [ -39.093709988999947, 63.38673448600008 ], [ -39.256073614999934, 63.338025398000063 ], [ -39.25496702099997, 63.323779887000057 ], [ -40.708498989999967, 61.469318979000043 ], [ -41.088786553999981, 60.802837217999972 ], [ -41.540378035999936, 60.169546127999958 ], [ -42.372257082999965, 59.559972888000068 ], [ -42.697602098999923, 59.340972029000056 ], [ -43.195034889999931, 59.271891968000034 ], [ -43.200445812999931, 59.272371708 ], [ -43.417631827999969, 59.263490005 ], [ -43.633284196999959, 59.263362999000037 ], [ -43.993090717999969, 59.259291978000071 ], [ -44.530355019999945, 59.327501261000045 ], [ -44.983554580999964, 59.385037965000038 ], [ -45.808113938999952, 59.61813896600006 ], [ -46.163159835999977, 59.479474237000034 ], [ -47.491574648999972, 59.41345814400006 ], [ -48.575516911999955, 59.514409660000076 ], [ -49.290109479999941, 59.550306174000028 ], [ -53.109480175999984, 61.382948796000065 ], [ -53.73229731899994, 61.668613611000069 ], [ -54.114194266999966, 61.812181288000012 ], [ -54.398504390999967, 61.918057732000086 ], [ -54.85779026199998, 62.081635938000034 ], [ -55.488310337999955, 62.363845537000032 ], [ -55.896784789999955, 62.518607545000073 ], [ -56.370286733999912, 62.715437565000059 ], [ -56.760135332999937, 62.857490596000055 ], [ -57.703629337999985, 62.955219304000082 ], [ -58.379221955999988, 62.998727437000085 ], [ -58.90837020999998, 62.963681555000051 ], [ -59.492194968999968, 63.086599310000047 ], [ -59.695677321999938, 63.238775220000036 ], [ -59.99447763499996, 63.546709473000078 ], [ -60.067397640999964, 63.653178551000053 ], [ -60.276148404999965, 63.957971470000075 ], [ -59.955743932999951, 64.345370517000063 ], [ -60.018107016999977, 64.663477872000072 ], [ -59.786634309999954, 65.113689510000043 ], [ -59.752637992999951, 65.454560557000036 ], [ -59.553540428999959, 65.908719533000067 ], [ -59.523744197, 66.162849668000064 ], [ -59.29195677599995, 66.230130796000068 ], [ -58.954367738999963, 66.325234948000059 ], [ -58.80690606699995, 66.46455346700003 ], [ -58.697172421999937, 66.567532724000046 ], [ -58.638058003999966, 66.621826968000022 ], [ -58.646747796999932, 66.754452197000035 ], [ -58.659278134999965, 66.843118801000074 ], [ -58.663398508999933, 66.872275201000036 ], [ -58.672761637999947, 66.997043133000048 ], [ -58.654834446999971, 67.084194457000081 ], [ -58.615294621999972, 67.24141108300006 ], [ -58.586980930999971, 67.393775829000049 ], [ -58.525837276999937, 67.49787767600003 ], [ -58.470861958999926, 67.587225252000039 ], [ -58.419779294999955, 67.677787762000037 ], [ -58.354091811999979, 67.782253880000027 ], [ -58.290457215999943, 67.893874159000077 ], [ -58.230863375999952, 67.986210411000059 ], [ -58.219362645999979, 68.061414098000043 ], [ -58.198695899999969, 68.15463558600004 ], [ -58.157565456999983, 68.332258630000069 ], [ -58.136888779999936, 68.459090567000032 ], [ -58.033206364999955, 68.644100385000044 ], [ -57.980329432999952, 68.751955269000064 ], [ -57.90129352299995, 68.900488753000047 ], [ -57.828514969999965, 69.035487176000061 ], [ -57.763803654999954, 69.161274706000029 ], [ -57.901871442999948, 69.322973846000082 ], [ -57.999340242999942, 69.438308514000028 ], [ -58.55678326299995, 69.868361626000066 ], [ -58.992509251999934, 70.234661882000069 ], [ -59.504181414999955, 70.621522995000078 ], [ -59.738274292999968, 70.869741800000043 ], [ -60.069453265999982, 71.096158664000029 ], [ -60.392012538999936, 71.339462489000084 ], [ -60.72277349899997, 71.582207729000075 ], [ -61.011324896999959, 71.720953181000098 ], [ -61.45054660499995, 71.916081023000075 ], [ -62.067676891999945, 72.209601680000034 ], [ -62.626953053999948, 72.549024139000053 ], [ -63.083621956999934, 72.814561168000068 ], [ -63.779336399999977, 73.159449892000055 ], [ -64.863460029999942, 73.689449760000059 ], [ -65.560745576999977, 74.057584324000061 ], [ -66.241355802999976, 74.32195983600009 ], [ -66.77707245299996, 74.512762425000062 ], [ -67.890323032999959, 74.862931135000053 ], [ -69.050468253999952, 75.028134833000081 ], [ -69.811394289999953, 75.130144339000083 ], [ -71.077986274999944, 75.171464267000047 ], [ -71.951342571999987, 75.319659041000094 ], [ -72.441150990999972, 75.398760148000065 ], [ -73.326398660999985, 75.608922191000033 ], [ -74.363811341999963, 75.770852470000079 ], [ -75.21883825499998, 75.91584019500003 ], [ -75.333503378999978, 76.023413757000071 ], [ -75.446081008999954, 76.129028928000082 ], [ -75.818293763999975, 76.222007809000047 ], [ -75.472838540999987, 76.973880940000086 ], [ -74.871226105999938, 77.689723585000067 ], [ -74.615577856999948, 77.96542267600006 ], [ -73.969731942999942, 78.238222749000059 ], [ -70.56366067099998, 79.676914090000068 ], [ -69.896515221999948, 79.958709832000082 ], [ -69.529493480999975, 80.049742302000084 ], [ -68.00273118299998, 80.428413776000099 ], [ -65.975852943999939, 80.910041615000054 ], [ -65.673050177999983, 80.979919775000042 ], [ -63.683750118999974, 81.561172650000074 ], [ -63.129853675999989, 81.688240519000018 ], [ -62.937729215999987, 81.732315266000043 ], [ -62.373893591999952, 81.861663255000067 ], [ -61.048858130999982, 82.165636019000019 ], [ -58.008089398999964, 82.560239595000056 ], [ -57.847701171999979, 82.60905340300009 ], [ -51.785447392999941, 83.210082563000057 ], [ -47.109258338999943, 83.526228088000025 ], [ -40.928120389999954, 83.838188892000076 ], [ -40.3784, 83.5688 ], [ -40.2377, 83.5753 ], [ -36.918312161999935, 83.682966104000087 ], [ -33.63731557899996, 83.789386967000041 ], [ -30.93285861499993, 83.843821685000052 ], [ -30.860290503999984, 83.885861227000078 ], [ -29.727955673999929, 83.858775238000106 ], [ -28.848394624999973, 83.835981919000062 ], [ -27.209676575999932, 83.731260619000068 ], [ -26.31787778099994, 83.674338680000091 ] ] ] } },
{ "type": "Feature", "properties": { "ANCHOR": 0, "TIME": 600.0, "FILE1": "Global_EarthByte_GPlates_PresentDay_StaticPlatePolygons.gpmlz", "RECONFILE1": "Zahirovic_etal_2022_OptimisedMantleRef_and_NNRMantleRef.rot", "OBJECTID_1": "1029", "PLATEID1": 311, "FROMAGE": 600.0, "TOAGE": -999.0, "NAME": "Barentsia (Franz Josef Land)", "PLATEID2": 0, "GPGIM_TYPE": "gpml:ClosedContinentalBoundary", "L_PLATE": 0, "R_PLATE": 0, "SPREAD_ASY": 0.0, "IMPORT_AGE": 0.0, "Shape_Leng": 51.783157444399997, "Shape_Area": 71.514632752200001, "FEATURE_ID": "GPlates-6209b627-21dc-44c6-a093-354fd6808ca9" }, "geometry": { "type": "Polygon", "coordinates": [ [ [ 49.588778175000073, 82.254139475000045 ], [ 54.249626024000037, 82.359024181000052 ], [ 60.214242571000057, 82.286060335000059 ], [ 63.509219320000057, 82.24575360700004 ], [ 67.196226247000084, 82.413412615000084 ], [ 67.18893, 82.13847 ], [ 66.631960407000065, 81.265366055000072 ], [ 65.904474368000081, 80.492412140000042 ], [ 65.90695177300006, 80.390350686000048 ], [ 60.377158909000052, 78.770317762000033 ], [ 50.989551800000058, 78.723647620000065 ], [ 42.497589065000057, 79.824958726000034 ], [ 42.523205880000049, 80.147769321000055 ], [ 43.00192, 80.67967 ], [ 44.75591, 81.81765 ], [ 48.186038960000062, 82.121364659000051 ], [ 49.588778175000073, 82.254139475000045 ] ] ] } },
{ "type": "Feature", "properties": { "ANCHOR": 0, "TIME": 600.0, "FILE1": "Global_EarthByte_GPlates_PresentDay_StaticPlatePolygons.gpmlz", "RECONFILE1": "Zahirovic_etal_2022_OptimisedMantleRef_and_NNRMantleRef.rot", "OBJECTID_1": "1030", "PLATEID1": 120, "FROMAGE": 600.0, "TOAGE": -999.0, "NAME": "Canadian Arctic Islands North", "PLATEID2": 0, "GPGIM_TYPE": "gpml:ClosedContinentalBoundary", "L_PLATE": 0, "R_PLATE": 0, "SPREAD_ASY": 0.0, "IMPORT_AGE": 0.0, "Shape_Leng": 82.966253380400005, "Shape_Area": 161.06491851199999, "FEATURE_ID": "GPlates-58fdcc03-4be7-470d-b0d5-8e712cf74efd" }, "geometry": { "type": "Polygon", "coordinates": [ [ [ -91.185433572999969, 77.389235748000047 ], [ -91.699220318999963, 77.204055699000051 ], [ -92.044514877999973, 77.18167660500005 ], [ -93.799367368999981, 77.264957740000071 ], [ -94.931990807999966, 77.235214477000056 ], [ -95.234737401999951, 77.209736178000099 ], [ -95.517447697999955, 77.201810646000069 ], [ -95.735058897999977, 77.18167660500005 ], [ -96.93073805299997, 77.259009087000024 ], [ -98.03123876799998, 77.336341570000059 ], [ -99.429172108999978, 77.383930790000093 ], [ -99.770624764, 77.383930790000093 ], [ -100.538000937999982, 77.264957740000071 ], [ -101.489785339999969, 77.205471215000031 ], [ -103.095921518999944, 77.003217029000041 ], [ -103.500429889999964, 76.943730504000044 ], [ -104.45816294499997, 76.795014191000078 ], [ -105.873942243, 76.485684260000099 ], [ -106.421218274999944, 76.289378727000042 ], [ -107.364310139999986, 75.911609162000047 ], [ -107.793100684999956, 75.845840172000095 ], [ -108.035600193999983, 75.815200624000084 ], [ -109.036869277999983, 75.724456084000053 ], [ -112.009161086999953, 75.379842562000078 ], [ -113.040052964999973, 75.323593200000047 ], [ -113.529722900999957, 75.284441676000029 ], [ -113.864390569999955, 75.263623687000063 ], [ -114.575409978999971, 75.29012124500008 ], [ -115.718948363999971, 75.310249329000072 ], [ -117.367876220999946, 75.432331467000054 ], [ -118.444357463999935, 75.535821676000097 ], [ -118.455333591999974, 75.532676430000038 ], [ -119.352712328999971, 75.641022046000032 ], [ -119.406945454999985, 75.603181818000053 ], [ -121.993897803999985, 75.35649438500009 ], [ -125.927917134999973, 75.84629874500007 ], [ -126.911094184, 76.479682733000047 ], [ -127.110794522, 77.018688185000059 ], [ -126.850021162999951, 77.164440912000018 ], [ -122.236446863999973, 78.545011250000087 ], [ -118.568054718999974, 79.256260820000122 ], [ -118.563607757999989, 79.29190714100011 ], [ -117.662264066999967, 79.386785424000038 ], [ -117.623362314999952, 79.409120134000048 ], [ -113.40160134499996, 80.040227440000081 ], [ -113.504567821999956, 80.052362091000077 ], [ -111.904098798999954, 80.29410299900006 ], [ -108.50320161599997, 80.660248112000048 ], [ -106.095271270999945, 80.980560977000053 ], [ -103.790035184999965, 81.318168390000011 ], [ -101.817890076999959, 81.715236022000042 ], [ -99.842929109999943, 82.079933191000038 ], [ -96.260619143999975, 82.673546415000047 ], [ -93.465526952999937, 82.904261076000083 ], [ -92.946667602, 82.416778105000049 ], [ -92.974832718999949, 82.413648648000034 ], [ -91.711985201999937, 81.270185478000016 ], [ -90.250889363999988, 80.550647770000054 ], [ -89.587098081999955, 80.193972412000051 ], [ -89.328573579999954, 80.055059290000045 ], [ -88.496909005999953, 79.608180478000051 ], [ -88.240715869999988, 79.555353209000018 ], [ -88.213330055999961, 79.54718376700005 ], [ -87.994919148999941, 79.435635221000069 ], [ -87.958070186999976, 79.411160453000065 ], [ -87.846703113999979, 79.313989289000062 ], [ -87.789578940999945, 79.259618651000025 ], [ -87.692288175999977, 79.126667211000026 ], [ -87.657826572, 79.077439182000035 ], [ -87.574768854999945, 78.887077860000048 ], [ -87.531076068999937, 78.684258277000083 ], [ -87.509268627999973, 78.504795929000082 ], [ -87.778130125999951, 78.351778292000077 ], [ -88.470146396999951, 77.914400042000068 ], [ -88.490343715999984, 77.771188069000075 ], [ -90.042560701999946, 77.561663607000085 ], [ -91.185433572999969, 77.389235748000047 ] ] ] } },
{ "type": "Feature", "properties": { "ANCHOR": 0, "TIME": 600.0, "FILE1": "Global_EarthByte_GPlates_PresentDay_StaticPlatePolygons.gpmlz", "RECONFILE1": "Zahirovic_etal_2022_OptimisedMantleRef_and_NNRMantleRef.rot", "OBJECTID_1": "1031", "PLATEID1": 311, "FROMAGE": 600.0, "TOAGE": -999.0, "NAME": "East Svalbard", "PLATEID2": 0, "GPGIM_TYPE": "gpml:ClosedContinentalBoundary", "L_PLATE": 0, "R_PLATE": 0, "SPREAD_ASY": 0.0, "IMPORT_AGE": 0.0, "Shape_Leng": 50.0860601794, "Shape_Area": 80.799473948100001, "FEATURE_ID": "GPlates-c48b5595-7f1b-4e18-9e4d-0e0bd962cd9e" }, "geometry": { "type": "Polygon", "coordinates": [ [ [ 13.881221943000071, 80.784484615000054 ], [ 17.067785037000018, 81.06632194900007 ], [ 22.045835815000032, 81.285583375000044 ], [ 24.493795273000053, 81.393405313000102 ], [ 31.019352020000039, 81.240954913000067 ], [ 33.483315607000073, 81.38922132700003 ], [ 37.235792230000065, 81.783405210000041 ], [ 34.120383858000025, 79.389198615000055 ], [ 32.924488015000065, 78.882780678000074 ], [ 26.518343003000044, 76.17001371300006 ], [ 19.327676970000027, 75.98089357700006 ], [ 18.689688985000032, 76.713467197000071 ], [ 17.966875338000033, 77.501991176000033 ], [ 17.943623612000067, 77.507247834000069 ], [ 17.480207475000036, 77.994233361000056 ], [ 16.730957190000026, 78.669241305000071 ], [ 16.70521457600006, 78.667388173000077 ], [ 16.680730990000029, 78.686549240000033 ], [ 16.502769558000068, 78.840243204000046 ], [ 15.980449356000063, 79.208939818000047 ], [ 15.800688670000056, 79.336664516000056 ], [ 15.198542222000071, 79.764505413000052 ], [ 14.252023060000054, 80.422953525000068 ], [ 13.881221943000071, 80.784484615000054 ] ] ] } },
{ "type": "Feature", "properties": { "ANCHOR": 0, "TIME": 600.0, "FILE1": "Global_EarthByte_GPlates_PresentDay_StaticPlatePolygons.gpmlz", "RECONFILE1": "Zahirovic_etal_2022_OptimisedMantleRef_and_NNRMantleRef.rot", "OBJECTID_1": "1033", "PLATEID1": 101, "FROMAGE": 600.0, "TOAGE": -999.0, "NAME": "North America Craton", "PLATEID2": 0, "GPGIM_TYPE": "gpml:ClosedContinentalBoundary", "L_PLATE": 0, "R_PLATE": 0, "SPREAD_ASY": 0.0, "IMPORT_AGE": 0.0, "Shape_Leng": 248.19488229500001, "Shape_Area": 2155.0877571699998, "FEATURE_ID": "GPlates-2a71628c-d876-43dc-a824-061db684fc20" }, "geometry": { "type": "Polygon", "coordinates": [ [ [ -117.928146235999975, 74.850288727000063 ], [ -114.315140055999962, 73.846496673000061 ], [ -106.256201067999939, 74.154925572000082 ], [ -105.491981045999978, 74.184173534000095 ], [ -103.387405174999969, 74.238349706000065 ], [ -95.597397132999959, 74.186904637000055 ], [ -89.206786908999959, 74.174435801000072 ], [ -90.104287464, 73.217101875000083 ], [ -90.874471752, 71.762309332000015 ], [ -89.291315160999943, 70.43588083700007 ], [ -86.895186266999985, 69.708484566000038 ], [ -85.661687993999976, 69.740016701000073 ], [ -85.044844840999986, 69.869477610000047 ], [ -84.603154682999957, 69.915169695000031 ], [ -83.978696181999965, 69.823785525000048 ], [ -83.48369858999996, 69.778093439000031 ], [ -82.64601035799997, 69.717170659000033 ], [ -82.006321161999949, 69.686709268000072 ], [ -81.221940362999987, 69.511556274000057 ], [ -80.414713519999964, 69.054635420000068 ], [ -79.993613004999986, 66.964222513000067 ], [ -79.560384342999953, 65.213256672000057 ], [ -78.549517465999941, 64.184338601000036 ], [ -77.855956737999975, 63.971390919000044 ], [ -76.835500163999939, 63.788622577000069 ], [ -74.272512631999973, 63.161202553000059 ], [ -72.593751567999959, 62.673820308000082 ], [ -70.116225159999942, 61.699055820000055 ], [ -67.002394153999944, 60.954444057000046 ], [ -64.443637371999955, 60.900290475000084 ], [ -61.965050557999966, 60.597552013000048 ], [ -61.877152961999975, 60.356795250000069 ], [ -61.638756339999986, 60.094621011000065 ], [ -61.28877119699996, 59.702017859000073 ], [ -60.77947736, 59.292323809000038 ], [ -60.31575185399997, 59.090302339000033 ], [ -60.020913707999959, 58.959442533000065 ], [ -59.983340834999971, 58.940471182000053 ], [ -59.770383367999948, 58.832944377000047 ], [ -59.500382705999982, 58.686918749000036 ], [ -59.31053108399994, 58.58063375700003 ], [ -59.084718400999975, 58.451110484000068 ], [ -58.693335765999961, 58.24372289400003 ], [ -58.460801544999981, 58.108824958000056 ], [ -58.222849203999935, 57.911285841 ], [ -57.947304693999953, 57.701274490000053 ], [ -57.659318438999932, 57.464070247000059 ], [ -57.259348451999983, 57.27633487700006 ], [ -56.957616679999944, 57.089927980000027 ], [ -56.593216491999954, 56.837915183000057 ], [ -56.253296192999976, 56.597605456000053 ], [ -55.728445922999988, 56.326795361000052 ], [ -55.418977651999974, 56.147450980000023 ], [ -55.156755732999933, 56.029041253000067 ], [ -54.61243242799997, 55.884597594000084 ], [ -54.360411940999917, 55.750665692000041 ], [ -54.224008359999949, 55.615033906000065 ], [ -54.062225197999943, 55.466763734000033 ], [ -53.878943705999966, 55.328586295000029 ], [ -53.720366196999969, 55.223316033000046 ], [ -53.629712434999909, 55.224627411000029 ], [ -52.972665129999939, 54.722882196000057 ], [ -52.710845668999973, 54.630801907000027 ], [ -52.68150571499995, 54.620005394000025 ], [ -52.280733937999969, 54.472529438000045 ], [ -51.622453155999949, 54.21773454100002 ], [ -51.623475659999933, 54.197588733000025 ], [ -51.595588359999965, 53.839771958000021 ], [ -51.455139984999967, 53.641516724000027 ], [ -51.222114900999941, 53.345522264000067 ], [ -50.970943516999967, 52.967038475000031 ], [ -50.82226482699997, 52.695624946000066 ], [ -50.483494575999941, 52.483591411000077 ], [ -50.215465139999935, 52.269275418000063 ], [ -50.086752825999945, 52.102169252000046 ], [ -50.083012942999957, 52.097099215000071 ], [ -49.966653535999953, 51.939354537000035 ], [ -49.802106661, 51.750127987000035 ], [ -49.658959109999934, 51.706750434000057 ], [ -48.765865003999984, 51.43090285300007 ], [ -48.549055760999977, 51.323703918000035 ], [ -53.922285641999949, 49.691197143000053 ], [ -54.272542301999977, 49.487515281000071 ], [ -54.483049001999966, 49.346645836000036 ], [ -55.075196541999951, 49.004043211000052 ], [ -55.541515297999979, 48.772600717000046 ], [ -55.792079749999949, 48.660438425000038 ], [ -56.240984721999951, 48.475331754000074 ], [ -56.408289585999967, 48.416801201000055 ], [ -56.728816177999938, 48.308292758000057 ], [ -57.039619997999964, 48.209922882000065 ], [ -57.392460783999987, 48.113482306000037 ], [ -57.541129613999942, 48.077777347000051 ], [ -57.705776895999975, 48.045883452000055 ], [ -58.041859069999987, 47.977238039000042 ], [ -58.169191229999967, 47.954654076000047 ], [ -59.331261907999973, 47.815368942000084 ], [ -60.1716, 47.5921 ], [ -61.423359214999948, 47.596640646000019 ], [ -61.63069290499994, 47.57977514800006 ], [ -64.803786972999944, 47.043246001000057 ], [ -65.159976096999969, 46.874732281000028 ], [ -65.507825518999937, 46.679817505000074 ], [ -65.841352462999964, 46.461297989000059 ], [ -66.158958434999988, 46.220222473000035 ], [ -66.641090392999956, 45.989032745000038 ], [ -67.020140106999975, 45.74235896600004 ], [ -67.616081237999936, 45.308517456000061 ], [ -68.050677614999984, 45.04095398700008 ], [ -68.148091245999979, 44.983202959000046 ], [ -68.786638979999964, 44.626318287000061 ], [ -69.405334472999982, 44.239408493000042 ], [ -70.229818534999936, 43.676916593000044 ], [ -70.713315896999973, 43.33236104000008 ], [ -71.036193195999942, 43.105504700000047 ], [ -71.668766171999948, 42.714109451000084 ], [ -72.028267479999954, 42.014345094000085 ], [ -72.318064146999973, 41.279514802000051 ], [ -72.38023289299997, 41.087704720000033 ], [ -72.552147816999934, 40.965125059000059 ], [ -72.844408701999953, 40.849419713000025 ], [ -74.061957456999949, 40.35353212200004 ], [ -74.610099791999971, 40.127584457000069 ], [ -75.005528609999942, 39.933847160000035 ], [ -75.521505271999956, 39.667049131000056 ], [ -75.860160822999944, 39.458622801000047 ], [ -76.417678906999981, 39.094779508000052 ], [ -76.834479256999941, 38.781466937000062 ], [ -77.988656426999981, 37.817205299000079 ], [ -78.954474140999935, 37.078193675000072 ], [ -79.794862907999971, 36.49104949000008 ], [ -80.089488936999956, 36.270592740000033 ], [ -80.587094702999934, 35.881278604000052 ], [ -81.238952636999954, 35.332551956000032 ], [ -81.861503600999981, 34.650312424000049 ], [ -82.054405211999949, 34.48339653000005 ], [ -82.466522216999977, 34.27245903000005 ], [ -82.685729979999962, 34.137613297000037 ], [ -83.19429779099994, 33.750104904000068 ], [ -83.879956334999974, 33.330039132000024 ], [ -84.721568524999952, 32.887149821000044 ], [ -85.579292296999938, 32.506359100000054 ], [ -86.02491043699996, 32.346639957000036 ], [ -86.622802079999985, 32.150760708000064 ], [ -86.995903107999936, 32.038964849000024 ], [ -87.841422558999966, 31.81641141900008 ], [ -88.643014907999941, 31.63764381400005 ], [ -89.575582702999967, 31.474741577000032 ], [ -90.228898554999944, 31.387477799000067 ], [ -91.309052891999954, 31.290881953000056 ], [ -92.406507320999935, 31.252871247000034 ], [ -91.772358442999973, 31.112847749000025 ], [ -90.480133056999989, 30.838968277000049 ], [ -89.933761596999958, 30.621063232000044 ], [ -89.271621703999983, 30.317094803000028 ], [ -85.136238476999949, 27.903429102000075 ], [ -85.300318668999978, 27.775811411000063 ], [ -85.577140463999967, 27.608855491000043 ], [ -85.568246553999984, 27.602111711000077 ], [ -87.130074392999973, 27.302366974000051 ], [ -87.166046392999988, 27.295463257000051 ], [ -88.011796162999985, 27.416082860000074 ], [ -88.035428457999956, 27.425392549000037 ], [ -88.035506472999941, 27.425423282000054 ], [ -88.191355018999957, 27.48681814300005 ], [ -88.525335775999963, 27.522924205000038 ], [ -88.752009793999946, 27.50548774300006 ], [ -88.767062253999939, 27.504329861000031 ], [ -89.730947760999982, 27.602618552000028 ], [ -90.0926, 27.5273 ], [ -91.4088, 27.5036 ], [ -92.0323, 27.3634 ], [ -93.1917, 27.1919 ], [ -93.9808, 26.9636 ], [ -94.7618, 26.5974 ], [ -95.1589, 26.355 ], [ -95.809841417999962, 25.396133573000043 ], [ -95.966351961999976, 25.16149456900007 ], [ -96.2782, 24.7814 ], [ -96.458809817999963, 24.421180606000064 ], [ -96.770273695999947, 24.009682878000035 ], [ -96.862731398999983, 23.886194154000066 ], [ -97.199623499999973, 23.958115028000069 ], [ -97.72933665499994, 24.395763742000046 ], [ -98.095670670999937, 24.517875081000057 ], [ -98.315471115999969, 24.981898203000075 ], [ -100.440208339, 25.738988468000056 ], [ -100.757697889999974, 25.763410700000065 ], [ -100.95307592599994, 25.616877129000045 ], [ -101.417099047999955, 25.51918802300003 ], [ -102.198611721999953, 25.445921326000075 ], [ -102.980124218999947, 25.470343558000025 ], [ -103.319480218999956, 25.614569864000032 ], [ -103.571229278999965, 25.998815428000057 ], [ -103.737199782999937, 26.188501358000046 ], [ -103.956899642999986, 26.763101578000033 ], [ -104.198374337999951, 27.801150380000028 ], [ -104.265937604999976, 28.209495917000027 ], [ -104.31396478399995, 28.755278463000028 ], [ -104.328599929999939, 29.399099350000029 ], [ -104.362400054999966, 29.855302811000058 ], [ -104.565198897999949, 30.379102707000072 ], [ -104.825498580999977, 30.745199203000031 ], [ -105.142398833999948, 30.969701767000064 ], [ -105.580099105999977, 31.222299576000069 ], [ -106.006703547999962, 31.437068897000074 ], [ -106.202999114999969, 31.508401871000046 ], [ -106.607000350999954, 31.710500717000066 ], [ -106.977399825999953, 31.962999344000025 ], [ -107.258798599, 32.150499344000025 ], [ -107.360330852999937, 32.421806827000069 ], [ -107.415100097999982, 33.293001175000029 ], [ -107.415100097999982, 33.747499466000079 ], [ -107.246799468999953, 34.050500870000064 ], [ -107.078399657999967, 34.488199234000035 ], [ -106.912438184999985, 34.731654860000042 ], [ -106.688417744, 35.02553959100004 ], [ -106.473962356999948, 35.301706564000028 ], [ -106.253499984999962, 35.599302292000061 ], [ -106.068300246999968, 36.08760261500003 ], [ -105.784859581999967, 36.526861144000065 ], [ -105.69698208799997, 36.718248788000039 ], [ -105.613800048999963, 36.979799271000047 ], [ -105.462299346999941, 37.198701859000039 ], [ -105.411800385, 37.43440055800005 ], [ -105.765298842999982, 38.05719947800003 ], [ -106.01779937699996, 38.62960243200007 ], [ -106.152500152999949, 38.86530113200007 ], [ -106.47239875799994, 39.723901749000049 ], [ -106.709600449, 40.222101212000048 ], [ -107.057600020999985, 40.854200363000082 ], [ -107.192600249999941, 41.152502060000081 ], [ -107.381500243999938, 41.508401871000054 ], [ -107.751798629999939, 42.215501785000079 ], [ -108.138999938999973, 42.653200150000032 ], [ -108.418951, 43.006240059000049 ], [ -108.804800033999982, 43.347299576000069 ], [ -109.481599807999942, 43.811899185000073 ], [ -110.192798614999958, 44.437002182000072 ], [ -110.46809959399998, 44.746702194000079 ], [ -110.571399688999975, 44.953199387000041 ], [ -110.783599853999988, 45.102300644000074 ], [ -110.875299453999958, 45.228502274000043 ], [ -110.927000046, 45.480901718000041 ], [ -111.230899810999972, 45.96840095500005 ], [ -111.313899993999939, 46.217401505000055 ], [ -111.499300002999973, 46.432600021000042 ], [ -111.579572733999953, 46.588125942000033 ], [ -111.595199584999989, 46.618402481000032 ], [ -111.676099777, 46.726202011000062 ], [ -111.900798797999983, 46.933000565000043 ], [ -112.074600219999979, 47.127702713000069 ], [ -112.326198577999946, 47.355401993000044 ], [ -112.484998702999974, 47.49630165100006 ], [ -112.646598816, 47.738901138000067 ], [ -112.80839919999994, 48.069299698000059 ], [ -113.098299025999964, 48.379400253000021 ], [ -113.356199264999987, 48.642301559000032 ], [ -113.539400100999956, 48.844701767000053 ], [ -113.742099761999953, 49.036699295000055 ], [ -114.055599213, 49.429399490000037 ], [ -114.374198913999976, 49.869302750000031 ], [ -114.546098708999978, 50.088399887000037 ], [ -114.682600021, 50.270399094000034 ], [ -114.915199279999982, 50.629400253000021 ], [ -115.147800445999962, 50.979902267000057 ], [ -115.269100188999971, 51.168699265000029 ], [ -115.375299453999972, 51.411401749000049 ], [ -115.486499785999953, 51.622102737000041 ], [ -115.810098647999951, 51.957502365000046 ], [ -116.11689948999998, 52.265901566000075 ], [ -116.549999236999952, 52.533899307000063 ], [ -116.964599608999961, 52.763101578000033 ], [ -117.337099074999983, 52.951799393000037 ], [ -117.659000396999943, 53.137201309000027 ], [ -118.284299849999982, 53.47599983200007 ], [ -120.023599624999989, 54.258001328000034 ], [ -120.648899077999943, 54.561399460000061 ], [ -121.417400359999988, 54.93050193800007 ], [ -121.742698669, 55.12100029000004 ], [ -121.955099105999977, 55.257501602000048 ], [ -122.09160041799997, 55.373800278000033 ], [ -122.172498702999974, 55.458002090000036 ], [ -122.46909904499995, 55.717599869000075 ], [ -122.661298752, 55.881101608000058 ], [ -122.927598952999986, 56.132200241000071 ], [ -123.072500228999957, 56.258600235000074 ], [ -123.21579933199996, 56.420400620000066 ], [ -123.325300216999963, 56.587202072000082 ], [ -123.460100174, 56.840101242000053 ], [ -123.628700255999945, 57.059202194000086 ], [ -123.879798888999957, 57.350702286000057 ], [ -124.537099837999975, 58.051900864000068 ], [ -124.744400023999958, 58.277700424000038 ], [ -124.998899459999961, 58.549100876000075 ], [ -125.169099807999942, 58.712499619000027 ], [ -125.413499831999957, 58.926599503000041 ], [ -125.935998916999949, 59.282201767000039 ], [ -126.134899138999984, 59.484399796000034 ], [ -126.206100463999988, 59.678800583000054 ], [ -126.196699141999943, 59.811399460000018 ], [ -126.054599761999953, 59.915502548000042 ], [ -125.922100066999974, 60.048101425000034 ], [ -125.789499282999941, 60.142801285000068 ], [ -125.723199843999978, 60.265901566000082 ], [ -125.685298919999966, 60.426900864000061 ], [ -125.685298919999966, 60.824602127000034 ], [ -125.609600066999988, 61.004499435000078 ], [ -125.505399703999956, 61.269701004000076 ], [ -125.505399703999956, 61.648500443000053 ], [ -125.581100463999974, 62.008302689000061 ], [ -125.656900405999963, 62.112501144000092 ], [ -125.779998778999982, 62.39660072300007 ], [ -125.959899901999975, 62.633302689000061 ], [ -126.111398696999984, 62.917402267000043 ], [ -126.329299926999965, 63.22990226700005 ], [ -126.651199341, 63.504499435000056 ], [ -127.011098861999983, 63.675001144000085 ], [ -127.370899199999954, 63.816999435000078 ], [ -127.759199141999943, 63.987501144000078 ], [ -128.194799422999949, 64.129499435000071 ], [ -128.573598861999983, 64.214700699000048 ], [ -128.980798720999985, 64.328401566000096 ], [ -129.454198836999979, 64.489400864000061 ], [ -129.766698836999979, 64.565099716000077 ], [ -130.098199843999964, 64.584100723000063 ], [ -130.656900405999977, 64.612501144000078 ], [ -131.073598861999983, 64.640901566000082 ], [ -131.660699843999964, 64.640901566000082 ], [ -132.161212915999954, 64.706924432000051 ], [ -132.485698699999944, 64.791101456000035 ], [ -132.60890571799996, 64.852510694000046 ], [ -132.775113855999962, 64.935352689000069 ], [ -133.231970368999953, 65.149504179000076 ], [ -133.630399703999956, 65.426900864000075 ], [ -134.151199341, 65.909799576000069 ], [ -134.331100463999974, 66.080301285000075 ], [ -134.700399399, 66.354902267000057 ], [ -134.975099563999947, 66.534799576000069 ], [ -135.1833992, 66.714700699000048 ], [ -135.325399399, 66.932500839000042 ], [ -135.4958992, 67.074602127000034 ], [ -135.704198836999979, 67.22610282900007 ], [ -135.760999679999941, 67.415502548000063 ], [ -135.742099761999953, 67.652200699000076 ], [ -135.505399703999956, 67.870000839000056 ], [ -135.467498778999982, 68.050001144000078 ], [ -135.590599059999988, 68.248800278000033 ], [ -135.723199843999964, 68.353002548000063 ], [ -136.685899733999975, 68.637102127000034 ], [ -136.906099318999964, 68.708101273000054 ], [ -137.079500197999948, 68.815999985000076 ], [ -137.314843555999971, 69.006716233000077 ], [ -136.685199428999965, 70.535851971000056 ], [ -136.684665049999978, 70.537149748000047 ], [ -136.684639874999959, 70.537146598000049 ], [ -136.677984414999969, 70.552545181000028 ], [ -136.625978165999982, 70.733077790000038 ], [ -136.280737728999952, 70.780457613000067 ], [ -136.020235901999968, 70.816208148000044 ], [ -135.543682006000012, 70.881609058000052 ], [ -135.275017318999971, 70.95328254900005 ], [ -133.870173949, 71.32806209500005 ], [ -133.035235235999949, 71.550804330000062 ], [ -132.98241907299996, 71.564894454000068 ], [ -131.648858536999967, 72.138771809000048 ], [ -130.525322449999976, 72.765792298000065 ], [ -130.331213113999979, 72.874120399000049 ], [ -130.300331046999986, 72.891354994000039 ], [ -130.231736457999943, 72.929636108000068 ], [ -129.227122956999949, 74.222773891000045 ], [ -129.68563479, 75.102952675000026 ], [ -129.170852221999951, 75.704846406000058 ], [ -128.904711478999957, 76.016023309000047 ], [ -128.199523296999985, 76.410170551000093 ], [ -127.110794522, 77.018688185000059 ], [ -126.911094184, 76.479682733000047 ], [ -125.927917134999973, 75.84629874500007 ], [ -121.993897803999985, 75.35649438500009 ], [ -117.928146235999975, 74.850288727000063 ] ] ] } },
{ "type": "Feature", "properties": { "ANCHOR": 0, "TIME": 600.0, "FILE1": "Global_EarthByte_GPlates_PresentDay_StaticPlatePolygons.gpmlz", "RECONFILE1": "Zahirovic_etal_2022_OptimisedMantleRef_and_NNRMantleRef.rot", "OBJECTID_1": "1038", "PLATEID1": 315, "FROMAGE": 600.0, "TOAGE": -999.0, "NAME": "England-Brabant (Avalonia)", "PLATEID2": 0, "GPGIM_TYPE": "gpml:ClosedContinentalBoundary", "L_PLATE": 0, "R_PLATE": 0, "SPREAD_ASY": 0.0, "IMPORT_AGE": 0.0, "Shape_Leng": 75.812785859300007, "Shape_Area": 139.90909877499999, "FEATURE_ID": "GPlates-558306fe-d796-4d62-ab4d-8fc67573587e" }, "geometry": { "type": "Polygon", "coordinates": [ [ [ 13.7934, 53.9039 ], [ 13.8641, 53.8788 ], [ 14.523118836000036, 53.972544145000022 ], [ 14.8566, 54.0218 ], [ 14.977145966000023, 54.015653313000023 ], [ 15.84345562900006, 53.690488553000087 ], [ 16.254866408000048, 53.54934573000002 ], [ 16.5494, 53.4483 ], [ 18.0535, 52.7428 ], [ 18.8831, 52.2156 ], [ 20.205427387000043, 51.470020295000026 ], [ 19.8061, 51.4945 ], [ 19.215767252000035, 51.512903230000056 ], [ 18.466370533000035, 51.58302582500005 ], [ 17.41385451900004, 51.594117104000077 ], [ 17.313776016000077, 51.589109421000039 ], [ 14.879719735000039, 51.98228931500006 ], [ 14.166714669000044, 51.931363106000049 ], [ 13.173600674000056, 51.829503060000043 ], [ 12.384202480000056, 51.625786782000034 ], [ 10.347046852000064, 50.963711739000075 ], [ 9.379396439000061, 50.581746102000068 ], [ 7.856336117000076, 49.677365303000045 ], [ 6.599610567000071, 49.370846749000066 ], [ 5.588098765000038, 49.278889656000054 ], [ 4.423329830000058, 49.278889656000054 ], [ 3.442471266000038, 49.309540749000078 ], [ 2.734471039000031, 49.37390577900004 ], [ 2.653764220000029, 49.381242959000076 ], [ 0.908023, 49.74088 ], [ 0.649752, 49.85683 ], [ 0.402344183000025, 49.95739107200005 ], [ 0.26884155800002, 50.03954653300007 ], [ 0.10453063500006, 50.162779725000064 ], [ 0.012105741000028, 50.296282350000062 ], [ -0.244630075999965, 50.337360081000043 ], [ -0.439749296999935, 50.337360081000043 ], [ -0.932682065999927, 50.316821215000061 ], [ -1.610464621999938, 50.316821215000061 ], [ -1.86720043899993, 50.306551783000032 ], [ -2.072589092999977, 50.275743485000085 ], [ -2.647677322999926, 50.203857456000037 ], [ -3.253573850999941, 50.121701995000087 ], [ -3.500040234999972, 50.121701995000087 ], [ -3.838931512999978, 50.080624264000051 ], [ -4.516714069999979, 49.916313341000034 ], [ -5.009646838999978, 49.84442731200005 ], [ -5.595004500999949, 49.80334958200006 ], [ -6.447367413999928, 49.690385822000046 ], [ -7.412694084999941, 49.526074899000029 ], [ -7.977512882999974, 49.392572274000024 ], [ -8.645026006999956, 49.289877948000026 ], [ -9.374155726999957, 49.12556702500008 ], [ -9.969782821999958, 48.848292343000026 ], [ -10.6784, 48.6326 ], [ -11.014948359999945, 48.467882382000028 ], [ -11.442340965999959, 48.182674530000028 ], [ -11.983969956999941, 47.580151553000064 ], [ -12.551673362999969, 47.41887470000006 ], [ -12.897345731999962, 47.513581578000071 ], [ -13.056951625999943, 47.560109982000029 ], [ -13.137401699999941, 47.62777245500007 ], [ -13.241375633999954, 47.719689978000069 ], [ -13.39396235199996, 47.865400489000081 ], [ -13.52996572099994, 48.074112804000023 ], [ -13.661024020999946, 48.321688567000074 ], [ -13.936187040999927, 48.656575549000081 ], [ -14.115096561999957, 48.92218514700005 ], [ -14.169681805, 49.081042093000057 ], [ -14.724554085999952, 49.457354868000046 ], [ -14.884328746999921, 49.606500366000027 ], [ -14.607001698999968, 49.766403750000052 ], [ -14.599253279999973, 49.760523212000066 ], [ -13.894253601999935, 50.179447509000056 ], [ -13.18041529999994, 50.607750490000065 ], [ -12.5666, 50.9282 ], [ -12.085592295999964, 51.243319887000027 ], [ -11.906628039999926, 51.355320359000061 ], [ -11.909106220999943, 51.366525849000027 ], [ -11.68755, 51.5212 ], [ -11.24808, 51.85324 ], [ -11.00393, 51.98997 ], [ -10.76369, 52.10228 ], [ -10.35136, 52.27732 ], [ -10.175694566999942, 52.362489230000051 ], [ -9.833433077999928, 52.373529923000028 ], [ -9.680281817999985, 52.512772727000019 ], [ -7.994038992999949, 52.747569189000046 ], [ -7.860394920999959, 52.802835468000069 ], [ -7.61660860099994, 52.939965273000034 ], [ -7.327513850999933, 53.125811897000069 ], [ -7.017769475999955, 53.29100889700004 ], [ -6.64607622699998, 53.435556272000035 ], [ -6.439579976999938, 53.559454022000054 ], [ -6.295032601999935, 53.642052522000043 ], [ -5.902689727999922, 53.807249522000063 ], [ -5.551646102999941, 54.013745771000053 ], [ -5.221252102999925, 54.13764352100003 ], [ -4.808259603999951, 54.302840521000064 ], [ -4.271369353999952, 54.488687146000075 ], [ -3.899676104999969, 54.63323452100007 ], [ -3.486683604999939, 54.777781896000079 ], [ -3.032391855999947, 54.901679646000041 ], [ -2.454202355999939, 55.046227020000053 ], [ -1.937961731999962, 55.190774395000062 ], [ -1.60756773199995, 55.335321770000064 ], [ -0.98807898299998, 55.417920270000081 ], [ -0.471838357999957, 55.583117270000059 ], [ 0.085701516000029, 55.748314270000037 ], [ 0.787788765000073, 56.181956394000053 ], [ 0.862444855000035, 56.261945063000042 ], [ 1.30165362300005, 56.996867270000045 ], [ 1.356653347000018, 57.179052283000033 ], [ 1.66743195600003, 57.183903841000074 ], [ 1.89609, 56.9947 ], [ 2.70096, 56.5833 ], [ 3.84568, 56.2971 ], [ 5.210840461000032, 56.030615650000072 ], [ 6.098992642000042, 55.845956072000035 ], [ 7.257771414000048, 55.577876418000059 ], [ 8.255640675000052, 55.371328714000072 ], [ 8.71046, 55.2732 ], [ 9.511031771000033, 55.073926632000052 ], [ 9.673375957000081, 55.045035857000073 ], [ 10.168937523000073, 54.950653916000071 ], [ 10.449828250000053, 54.894119746000058 ], [ 10.777831992000074, 54.823636928000042 ], [ 11.0783, 54.7161 ], [ 11.53952915800005, 54.596953547000062 ], [ 12.3699, 54.396 ], [ 12.472417403000064, 54.36416583000004 ], [ 12.851341490000031, 54.259747642000036 ], [ 13.4546, 54.0971 ], [ 13.7934, 53.9039 ] ] ] } },
{ "type": "Feature", "properties": { "ANCHOR": 0, "TIME": 600.0, "FILE1": "Global_EarthByte_GPlates_PresentDay_StaticPlatePolygons.gpmlz", "RECONFILE1": "Zahirovic_etal_2022_OptimisedMantleRef_and_NNRMantleRef.rot", "OBJECTID_1": "1040", "PLATEID1": 304, "FROMAGE": 600.0, "TOAGE": -999.0, "NAME": "Iberia", "PLATEID2": 0, "GPGIM_TYPE": "gpml:ClosedContinentalBoundary", "L_PLATE": 0, "R_PLATE": 0, "SPREAD_ASY": 0.0, "IMPORT_AGE": 0.0, "Shape_Leng": 46.798719460400001, "Shape_Area": 104.468614858, "FEATURE_ID": "GPlates-a303a3c2-6344-4c2b-a742-69920b2f9dda" }, "geometry": { "type": "Polygon", "coordinates": [ [ [ -5.105307875999927, 44.712087947000043 ], [ -3.632629151999935, 44.095619774000063 ], [ -1.927992257999961, 43.644119710000034 ], [ -1.581920071999946, 43.439159682000032 ], [ -1.533799968999973, 43.445400638000088 ], [ -1.452698965999957, 43.462001632000067 ], [ -1.396200137999926, 43.458698739000063 ], [ -1.293500006999977, 43.45629856100004 ], [ -1.213899114999947, 43.445598593000049 ], [ -1.11559919299998, 43.426300754000067 ], [ -1.027400076999925, 43.40390062500007 ], [ -0.859800142999973, 43.339000645000056 ], [ -0.810700155999939, 43.317798840000073 ], [ -0.654900153999961, 43.220001485000068 ], [ -0.58279999399997, 43.177398684000025 ], [ -0.50169916699997, 43.168800637000061 ], [ -0.403399067999942, 43.147300751000046 ], [ -0.367200036999975, 43.145088816000055 ], [ -0.290599189999967, 43.135299686000053 ], [ -0.209600077999937, 43.118099530000052 ], [ -0.090998945999957, 43.097598777000037 ], [ 0.008789962000037, 43.086799743000029 ], [ 0.195500906000063, 43.084098484000037 ], [ 0.266500749000045, 43.091300783000079 ], [ 0.311400071000037, 43.093299577000032 ], [ 0.380800914000019, 43.088897603000071 ], [ 0.456199730000037, 43.111000712000077 ], [ 0.495299918000058, 43.11188859400005 ], [ 0.532999767000035, 43.118198596000063 ], [ 0.595200076000026, 43.124401586000033 ], [ 0.689301101000069, 43.124099622000074 ], [ 0.803599854000026, 43.107898775000088 ], [ 0.851300031000051, 43.09930072800006 ], [ 0.919200940000052, 43.08100166800007 ], [ 1.017599928000038, 43.068000764000033 ], [ 1.098599923000051, 43.049800594000033 ], [ 1.224299874000053, 43.010101774000077 ], [ 1.433900976000075, 42.952098596000042 ], [ 1.497489970000061, 42.940299547000052 ], [ 1.535099759000047, 42.941200850000037 ], [ 1.621899772000063, 42.918598529000072 ], [ 1.686900054000034, 42.903598654000064 ], [ 1.773600824000028, 42.862899819000063 ], [ 1.874801020000064, 42.839099704000041 ], [ 1.916709833000026, 42.835800696000035 ], [ 1.981899946000055, 42.84099960900005 ], [ 2.11659985700004, 42.864002784000036 ], [ 2.215100913000072, 42.86270168800008 ], [ 2.261300979000059, 42.854000690000078 ], [ 2.3061, 42.832599694000081 ], [ 2.372609929000018, 42.813301678000073 ], [ 2.45219987300004, 42.80659859200005 ], [ 2.517299750000062, 42.815010516000022 ], [ 2.565200884000034, 42.829799722000075 ], [ 2.609999905000052, 42.824298667000051 ], [ 2.706999790000054, 42.829399751000047 ], [ 2.763500031000035, 42.839908652000076 ], [ 2.804200985000023, 42.855701581000055 ], [ 2.847600020000074, 42.869399653000073 ], [ 2.980901004000033, 42.890399619000043 ], [ 3.004999905000035, 42.927101572000026 ], [ 4.527549977000035, 41.873489583000037 ], [ 5.002780646000076, 42.06315068400005 ], [ 5.073225713000055, 41.753192389000048 ], [ 5.112513323000031, 41.687189203000059 ], [ 3.934418949000076, 41.255456743000032 ], [ 3.792996264000067, 41.203630027000031 ], [ 2.680858475000039, 40.647561132000078 ], [ 1.865632849000064, 40.239948319000064 ], [ 1.479026315000055, 39.744608698000036 ], [ 1.387031790000038, 39.626740711000025 ], [ 0.501250821000042, 39.000431902000066 ], [ 0.291850949000036, 38.852371615000031 ], [ 0.350102715000048, 38.744790204000026 ], [ -0.184056960999953, 38.431142162000079 ], [ -0.504189051999958, 38.334381577000045 ], [ -0.562099166999928, 38.333400633000061 ], [ -0.683799056999931, 38.321300679000046 ], [ -0.867900035999981, 38.267101727000068 ], [ -1.018600013999958, 38.237800734000075 ], [ -1.102599171999941, 38.223197828000025 ], [ -1.192400288999977, 38.199501724000072 ], [ -1.217300013999932, 38.14929965400006 ], [ -1.236290060999977, 38.103599860000024 ], [ -1.283000112999958, 38.029399544000057 ], [ -1.379211180999959, 37.910304674000031 ], [ -1.413999984999975, 37.884201681000036 ], [ -1.479199103999974, 37.869499710000071 ], [ -1.563199144999942, 37.853698657000052 ], [ -1.758899099999952, 37.798000653000031 ], [ -1.837200130999975, 37.769599551000056 ], [ -1.922800054999925, 37.733001785000056 ], [ -1.990900153999974, 37.706798667000044 ], [ -2.030100113999936, 37.696601620000031 ], [ -2.096690212999931, 37.67609751100008 ], [ -2.185099997999941, 37.654510745000039 ], [ -2.319800084999941, 37.647998727000072 ], [ -2.41529915299998, 37.652889495000068 ], [ -2.48910002699995, 37.658801646000022 ], [ -2.54989911499996, 37.661300536000063 ], [ -2.697700054999927, 37.626098517000059 ], [ -2.794799005999948, 37.595298650000075 ], [ -2.86879995399994, 37.559799611000074 ], [ -2.993599130999939, 37.487598796000043 ], [ -3.097999093999931, 37.453300729000034 ], [ -3.199500017999981, 37.428199518000049 ], [ -3.303799148999929, 37.399600637000049 ], [ -3.476400041999967, 37.325000527000043 ], [ -3.593999039999972, 37.26060170300007 ], [ -3.653500031999954, 37.231899695000038 ], [ -3.72889990699997, 37.201999541000077 ], [ -3.807199171999969, 37.165199582000071 ], [ -3.882600106999981, 37.135299604000068 ], [ -3.978199122999967, 37.119399662000035 ], [ -4.040500086999945, 37.112598570000046 ], [ -4.144800277999936, 37.104801701000049 ], [ -4.289710126999978, 37.073902591000035 ], [ -4.398300157999927, 37.067298570000055 ], [ -4.456099022999979, 37.073299544000065 ], [ -4.538499003999959, 37.090900554000029 ], [ -4.692200262999966, 37.051998673000078 ], [ -4.748699091999981, 37.025501537000025 ], [ -4.787898874999939, 37.004699526000024 ], [ -4.87499926299995, 36.950401685000031 ], [ -4.943300141999941, 36.897098561000064 ], [ -4.978200195999932, 36.858798668000084 ], [ -5.011598902999938, 36.834499517000047 ], [ -5.058000101999937, 36.817199590000023 ], [ -5.114700063999976, 36.783599573000068 ], [ -5.150999926999932, 36.745300739000072 ], [ -5.184500170999971, 36.717399733000036 ], [ -5.251200107999978, 36.682701695000048 ], [ -5.316300160999959, 36.688697725000054 ], [ -5.386999981999963, 36.730899673000074 ], [ -5.41730010699996, 36.750801618000025 ], [ -5.459298979999974, 36.753200736000053 ], [ -5.504300016999936, 36.717300667000082 ], [ -5.526509253999961, 36.625190667000027 ], [ -5.542599203999942, 36.577400783000037 ], [ -5.603699196999968, 36.531997656000044 ], [ -5.676200033999977, 36.501899724000054 ], [ -5.718300090999946, 36.478599705000079 ], [ -5.786499961999939, 36.435600641000065 ], [ -5.846000071999972, 36.406497779000063 ], [ -5.960599023999973, 36.340202581000028 ], [ -6.012899129999939, 36.315700531000061 ], [ -6.106300160999979, 36.285800554000048 ], [ -6.288799138999934, 36.265300860000025 ], [ -6.29317739399994, 36.269453240000075 ], [ -7.800898110999981, 36.05658212600008 ], [ -7.800951215999931, 36.056574628000085 ], [ -7.815989572999968, 36.074864308000024 ], [ -8.180357685999976, 36.077491831000032 ], [ -8.418263797999941, 36.079207414000052 ], [ -8.609331130999976, 36.083044665000045 ], [ -8.666956778999975, 36.078831170000051 ], [ -8.689451781999935, 36.072706959000072 ], [ -8.789020294999943, 36.106621265000058 ], [ -8.902213645999952, 36.145176364000079 ], [ -8.992465080999978, 36.15534004900006 ], [ -9.03263265399994, 36.125072342000067 ], [ -9.170790522999937, 36.131223669000065 ], [ -9.253691910999976, 36.168686143000066 ], [ -9.433303402999968, 36.200220430000059 ], [ -9.669482195999933, 36.252472364000027 ], [ -10.062005964999971, 36.47327990000008 ], [ -10.604327369999966, 36.594485767000037 ], [ -11.105365211999981, 36.498305894000062 ], [ -11.500948372999972, 36.121176583000079 ], [ -11.734346668999935, 36.14248064800006 ], [ -12.144789890999959, 36.179944970000065 ], [ -12.559212333999932, 36.198635737000075 ], [ -12.939656204999949, 36.262493048000067 ], [ -13.129970828999948, 36.319895980000069 ], [ -13.200304339999946, 36.33762932500008 ], [ -13.011803670999939, 36.601084781000054 ], [ -12.869571915999927, 36.795551155000048 ], [ -12.868873988999953, 36.800848551000058 ], [ -12.852305676999947, 36.926605223000038 ], [ -12.833652553999968, 37.068186019000052 ], [ -12.803179647999965, 37.427627425000033 ], [ -12.765873265999971, 37.652673640000053 ], [ -12.750754922999933, 37.704904501000044 ], [ -12.695415527999966, 37.896091074000033 ], [ -12.72646061699993, 38.149102329000087 ], [ -12.733985228999927, 38.210426405000078 ], [ -12.736656075999973, 38.270691752000062 ], [ -12.748004647999949, 38.526762389000055 ], [ -12.774312446999943, 38.818339878000081 ], [ -12.776307236999969, 38.970419249000031 ], [ -12.778421132999938, 39.131579134000049 ], [ -12.765094507999951, 39.270423967000063 ], [ -12.760769440999979, 39.315485130000063 ], [ -12.76311879899993, 39.323285512000041 ], [ -12.865535451999962, 39.663331251000052 ], [ -12.894038642999934, 39.757968094000034 ], [ -12.895136196999946, 39.761612215000071 ], [ -12.944823012999962, 40.182416535000073 ], [ -12.949710526999988, 40.272817932000066 ], [ -12.959351496999943, 40.45114114800004 ], [ -12.95149300199995, 40.512095248000037 ], [ -12.920603660999975, 40.75168719100003 ], [ -12.828555759999972, 40.852509252000068 ], [ -12.668002195999977, 41.028367051000039 ], [ -12.681638614999944, 41.420092086000068 ], [ -12.874658960999966, 41.872562884000047 ], [ -12.97917371799997, 42.117562319000058 ], [ -12.994986241999982, 42.154629425000053 ], [ -12.998367897999971, 42.162556571000039 ], [ -12.965110062999941, 42.38927605300006 ], [ -12.911827020999965, 42.752507872000081 ], [ -12.76740187799993, 42.948919916000079 ], [ -12.720201311999972, 43.013110677000043 ], [ -12.498920784999939, 43.194817630000038 ], [ -12.283509618999972, 43.287584001000027 ], [ -12.148496029999933, 43.345727322000066 ], [ -12.127118990999975, 43.354933300000027 ], [ -12.027234813999943, 43.372892130000018 ], [ -11.562615362999964, 43.456429100000044 ], [ -11.555986769999947, 43.459800848000043 ], [ -11.539155788999947, 43.468362218000038 ], [ -11.162242173999973, 43.660085854000037 ], [ -11.00307984899996, 43.741046526000048 ], [ -10.990674164999973, 43.747356892000035 ], [ -10.901798359999932, 43.768524597000074 ], [ -10.672296690999929, 43.82318540700004 ], [ -10.486077569999964, 43.867537538000079 ], [ -9.686105615999963, 44.24099544000007 ], [ -8.742698132999976, 44.50010153900007 ], [ -8.726158763999941, 44.504644063000065 ], [ -8.216518591999943, 44.478305331000058 ], [ -7.644595102999972, 44.448747734000051 ], [ -7.067923379999968, 44.634597476000074 ], [ -7.014161242999933, 44.655311917000056 ], [ -6.854001448999951, 44.717021157000033 ], [ -6.452713715999946, 44.721450662000045 ], [ -6.269511323999949, 44.723472891000029 ], [ -6.076936221999973, 44.725598579000064 ], [ -5.805238371999963, 44.880134613000052 ], [ -5.369760093999957, 44.822788518000038 ], [ -5.105307875999927, 44.712087947000043 ] ] ] } },
{ "type": "Feature", "properties": { "ANCHOR": 0, "TIME": 600.0, "FILE1": "Global_EarthByte_GPlates_PresentDay_StaticPlatePolygons.gpmlz", "RECONFILE1": "Zahirovic_etal_2022_OptimisedMantleRef_and_NNRMantleRef.rot", "OBJECTID_1": "1043", "PLATEID1": 7250, "FROMAGE": 600.0, "TOAGE": -999.0, "NAME": "West Burma Block", "PLATEID2": 0, "GPGIM_TYPE": "gpml:ClosedContinentalBoundary", "L_PLATE": 0, "R_PLATE": 0, "SPREAD_ASY": 0.0, "IMPORT_AGE": 0.0, "Shape_Leng": 29.2756478895, "Shape_Area": 19.894791703700001, "FEATURE_ID": "GPlates-f881dc85-2900-46e3-a1cf-040dceab60d8" }, "geometry": { "type": "Polygon", "coordinates": [ [ [ 94.643250336000051, 14.126256934000025 ], [ 94.571711324000034, 14.040735117000054 ], [ 94.569641020000063, 14.041959711000061 ], [ 94.119587717000059, 14.322233641000025 ], [ 94.280917791000036, 14.760425191000024 ], [ 94.527524375000041, 15.679937830000027 ], [ 94.688086095000074, 16.584088863000034 ], [ 94.893692889000079, 17.249346887000058 ], [ 94.974470858000075, 17.693730908000077 ], [ 94.946679883000058, 18.263445892000053 ], [ 94.897031195000068, 18.643293776000064 ], [ 94.758522928000048, 19.087852800000064 ], [ 94.580063352000082, 19.494740632000063 ], [ 94.401603777000048, 20.122918337000044 ], [ 94.302355500000033, 20.463098134000067 ], [ 94.147222527000054, 21.073934215000065 ], [ 94.068625629000053, 21.605188601000066 ], [ 94.051823009000032, 22.178772646000027 ], [ 94.001854328000036, 22.707012990000067 ], [ 93.980439179000086, 23.278083631000072 ], [ 94.076233370000068, 23.924759072000032 ], [ 94.469635586000038, 24.762876837000078 ], [ 94.604614224000045, 25.022491266000031 ], [ 95.343870335000076, 26.028740554000027 ], [ 95.768835706000061, 26.438518440000056 ], [ 96.006458488000078, 26.006044978000034 ], [ 96.131380191000062, 25.625331217000053 ], [ 96.213550169000086, 24.481544890000066 ], [ 96.216281865000042, 24.443520345000024 ], [ 96.164489027000059, 23.604476366000029 ], [ 96.127095117000067, 22.472857219000048 ], [ 96.135730796000075, 22.311724668000068 ], [ 96.150507616000098, 22.036004986000023 ], [ 96.141288600000053, 21.053508940000032 ], [ 96.215420324000036, 20.200645048000069 ], [ 96.528253996000046, 18.658997529000033 ], [ 96.742403759000069, 17.691979980000042 ], [ 96.954056681000054, 16.778979818000039 ], [ 96.955533981000087, 16.611776352000053 ], [ 96.518198013000074, 17.734312057000068 ], [ 96.523177866000083, 17.535669711000025 ], [ 96.360442918000047, 15.956109767000044 ], [ 94.664847836000035, 14.817379762000032 ], [ 94.643250336000051, 14.126256934000025 ] ] ] } },
{ "type": "Feature", "properties": { "ANCHOR": 0, "TIME": 600.0, "FILE1": "Global_EarthByte_GPlates_PresentDay_StaticPlatePolygons.gpmlz", "RECONFILE1": "Zahirovic_etal_2022_OptimisedMantleRef_and_NNRMantleRef.rot", "OBJECTID_1": "1044", "PLATEID1": 603, "FROMAGE": 600.0, "TOAGE": -999.0, "NAME": "Sino/Burma/Malaya", "PLATEID2": 0, "GPGIM_TYPE": "gpml:ClosedContinentalBoundary", "L_PLATE": 0, "R_PLATE": 0, "SPREAD_ASY": 0.0, "IMPORT_AGE": 0.0, "Shape_Leng": 33.525393265600002, "Shape_Area": 29.720484273099999, "FEATURE_ID": "GPlates-4ad3fcfb-80fc-4366-af86-b3a333bdb899" }, "geometry": { "type": "Polygon", "coordinates": [ [ [ 100.376403667000048, 12.884403224000039 ], [ 99.304567337000037, 13.879640579000068 ], [ 98.703208181000036, 14.580603300000066 ], [ 98.294889205000075, 15.030567039000063 ], [ 97.046510696000041, 16.378236771000036 ], [ 96.955533981000087, 16.611776352000053 ], [ 96.954056681000054, 16.778979818000039 ], [ 96.742403759000069, 17.691979980000042 ], [ 96.528253996000046, 18.658997529000033 ], [ 96.215420324000036, 20.200645048000069 ], [ 96.141288600000053, 21.053508940000032 ], [ 96.150507616000098, 22.036004986000023 ], [ 96.135730796000075, 22.311724668000068 ], [ 96.20047629700008, 22.707012990000067 ], [ 96.422505983000065, 23.054329860000053 ], [ 96.678656222000086, 23.088944757000032 ], [ 97.63519954700007, 23.117498290000075 ], [ 97.963565165000034, 23.431587142000069 ], [ 98.220546954000042, 23.817059825000058 ], [ 98.734510531000069, 24.074041614000066 ], [ 98.962938788000088, 24.288193105000065 ], [ 98.962938788000088, 24.73077285200003 ], [ 98.863001426000039, 25.473164685000029 ], [ 98.82498105500008, 25.800343327000064 ], [ 98.793436851000081, 26.071792282000047 ], [ 98.863001426000039, 26.558198904000051 ], [ 98.802931994000062, 27.082435781000072 ], [ 98.77330000700006, 27.447011781000072 ], [ 99.222786090000071, 26.965141840000062 ], [ 99.319733176000057, 26.835540717000075 ], [ 99.384827049000094, 26.764526747000048 ], [ 99.500412065000035, 26.597539572000073 ], [ 99.563209947000075, 26.455699697000053 ], [ 99.645500091000088, 26.355310744000064 ], [ 99.768447925000032, 26.166749693000042 ], [ 99.873755900000049, 25.946569762000024 ], [ 99.897465407000084, 25.909030444000052 ], [ 99.932861328000058, 24.243652344000058 ], [ 99.686950684000067, 23.133300781000059 ], [ 99.891723633000083, 22.489379883000026 ], [ 99.838073731000065, 21.75921630900007 ], [ 99.93682861300006, 21.120727539000029 ], [ 99.666442871000072, 20.718139648000037 ], [ 99.552307129000042, 20.432617188000052 ], [ 99.458374023000033, 19.865234375000057 ], [ 99.190368652000075, 18.900268555000025 ], [ 98.857299805000082, 18.100830078000058 ], [ 98.926635742000087, 17.305969238000046 ], [ 99.371215820000032, 16.661560059000067 ], [ 99.742614746000072, 15.662353516000053 ], [ 100.312277031000065, 14.990109303000052 ], [ 100.285399982000058, 14.615880672000062 ], [ 100.304550017000068, 14.13722974500007 ], [ 100.358154297000056, 13.558471680000025 ], [ 100.365173340000069, 13.187133789000029 ], [ 100.376403667000048, 12.884403224000039 ] ] ] } },
{ "type": "Feature", "properties": { "ANCHOR": 0, "TIME": 600.0, "FILE1": "Global_EarthByte_GPlates_PresentDay_StaticPlatePolygons.gpmlz", "RECONFILE1": "Zahirovic_etal_2022_OptimisedMantleRef_and_NNRMantleRef.rot", "OBJECTID_1": "1047", "PLATEID1": 60402, "FROMAGE": 600.0, "TOAGE": -999.0, "NAME": "Indochina", "PLATEID2": 0, "GPGIM_TYPE": "gpml:ClosedContinentalBoundary", "L_PLATE": 0, "R_PLATE": 0, "SPREAD_ASY": 0.0, "IMPORT_AGE": 0.0, "Shape_Leng": 32.842823554699997, "Shape_Area": 39.589474860899998, "FEATURE_ID": "GPlates-9d15ff65-82ea-46a4-b96c-0d97ebc052ae" }, "geometry": { "type": "Polygon", "coordinates": [ [ [ 109.119592520000083, 2.321673593000071 ], [ 108.906161625000038, 2.286101777000056 ], [ 108.383246428000064, 2.547559375000048 ], [ 108.036511421000057, 2.681525173000068 ], [ 107.686631392000038, 3.30631093900007 ], [ 107.422949607000078, 3.947936130000074 ], [ 107.411053041000059, 4.038091113000064 ], [ 106.069839132000084, 5.017609580000055 ], [ 104.902045997000073, 6.077660657000025 ], [ 103.316428924000036, 7.524190502000068 ], [ 101.684760496000095, 8.894336318000059 ], [ 101.687774251000064, 8.941274084000042 ], [ 101.741271973000039, 9.774475098000039 ], [ 101.810363769000048, 10.810424805000025 ], [ 101.817382813000052, 11.601989746000072 ], [ 101.652832031000074, 12.706604004000042 ], [ 101.096226921000039, 13.786183335000032 ], [ 100.67707751100005, 14.710888031000025 ], [ 101.609497070000032, 14.144348145000039 ], [ 101.890415018000056, 13.972735443000033 ], [ 102.333913233000033, 13.697933801000033 ], [ 103.200467913000068, 13.142935170000044 ], [ 103.465064213000062, 12.963449037000032 ], [ 104.067565918000071, 12.549316406000059 ], [ 105.772583008000083, 11.141540527000075 ], [ 107.176818848000039, 9.761474609000063 ], [ 107.787045441000103, 9.11758608100007 ], [ 107.797747149000088, 9.052977691000024 ], [ 108.111368807000076, 8.582545205000031 ], [ 108.485740301000078, 7.821323166000071 ], [ 108.335887500000069, 6.554709767000077 ], [ 108.523810148000052, 4.168909184000029 ], [ 108.817949946000056, 3.507094638000069 ], [ 109.286822544000074, 2.807831290000024 ], [ 109.453711794000071, 2.387270378000039 ], [ 109.392471048000061, 2.371634443000062 ], [ 109.119592520000083, 2.321673593000071 ] ] ] } },
{ "type": "Feature", "properties": { "ANCHOR": 0, "TIME": 600.0, "FILE1": "Global_EarthByte_GPlates_PresentDay_StaticPlatePolygons.gpmlz", "RECONFILE1": "Zahirovic_etal_2022_OptimisedMantleRef_and_NNRMantleRef.rot", "OBJECTID_1": "1048", "PLATEID1": 215, "FROMAGE": 600.0, "TOAGE": -999.0, "NAME": "Guerrero, Mexico", "PLATEID2": 0, "GPGIM_TYPE": "gpml:ClosedContinentalBoundary", "L_PLATE": 0, "R_PLATE": 0, "SPREAD_ASY": 0.0, "IMPORT_AGE": 0.0, "Shape_Leng": 37.008408036, "Shape_Area": 41.150660228200003, "FEATURE_ID": "GPlates-5bddc0e4-9045-4f43-b359-e4d0d16b9edf" }, "geometry": { "type": "Polygon", "coordinates": [ [ [ -98.762901190999983, 19.63965065900004 ], [ -97.236282188999965, 19.434141619000059 ], [ -96.179390262999974, 19.463499650000074 ], [ -95.871132178999972, 19.404779704000077 ], [ -94.888634358, 18.883146993000025 ], [ -94.464470147999975, 18.657947586000034 ], [ -94.554672118999974, 18.157711658000039 ], [ -94.702759306999951, 17.753837604000068 ], [ -94.320000001999972, 17.34000048200005 ], [ -93.769996232999972, 16.909999597000024 ], [ -93.127670205999948, 16.515298736000034 ], [ -92.537958146999983, 16.198460780000062 ], [ -92.141678351999985, 16.103191819000074 ], [ -91.507171090999975, 16.04463574600004 ], [ -90.821380161999969, 15.65067054900004 ], [ -89.918030036999937, 15.561090695000075 ], [ -89.750030131999949, 15.580750715000024 ], [ -89.743691456999954, 15.583862127000033 ], [ -89.76, 15.55 ], [ -90.059312965999936, 15.445184971000062 ], [ -90.42, 15.37 ], [ -90.470812283999976, 15.337091250000073 ], [ -90.500801211999942, 15.350999563000071 ], [ -90.539802335, 15.355699617000029 ], [ -90.575798113999952, 15.364490674000024 ], [ -90.651298113999985, 15.367100637000023 ], [ -90.690010162999954, 15.371100522000063 ], [ -90.767097153999941, 15.357200787000069 ], [ -90.804298143999972, 15.348799635000034 ], [ -90.84230013399997, 15.356099587000074 ], [ -90.928398210999944, 15.347999694000066 ], [ -90.966896058999964, 15.355599668000021 ], [ -91.035301301999937, 15.336599556000067 ], [ -91.077053097999965, 15.340069443000063 ], [ -91.107498054999951, 15.342599647000043 ], [ -91.140235970999981, 15.366251781000074 ], [ -91.233711168999946, 15.334000540000035 ], [ -91.365600159999985, 15.340499668000064 ], [ -91.608101107999971, 15.390299648000052 ], [ -91.691368133999958, 15.410590615000046 ], [ -91.809799211999973, 15.417200640000027 ], [ -91.922897346999946, 15.419110787000022 ], [ -92.049896098, 15.407901540000067 ], [ -92.128296194999962, 15.41089964300005 ], [ -92.226486279999961, 15.387978581000029 ], [ -92.329689155999972, 15.405399648000072 ], [ -92.505104147999987, 15.418199772000039 ], [ -92.561104115999967, 15.42729968100002 ], [ -92.59909816, 15.42540065800006 ], [ -92.707001088999959, 15.409399709000068 ], [ -92.760498105999943, 15.403099772000076 ], [ -92.921402193999938, 15.394699503000027 ], [ -93.105416264999974, 15.391043786000067 ], [ -93.199303115999953, 15.393499591000023 ], [ -93.252304097999968, 15.393000731000029 ], [ -93.375702229999945, 15.402999647000058 ], [ -93.530098183999939, 15.411499688000049 ], [ -93.602600256999949, 15.417699499000038 ], [ -93.712112075999983, 15.433000809000074 ], [ -93.749000151999951, 15.428699490000042 ], [ -93.786499044, 15.43150052100003 ], [ -93.856499224999951, 15.430498740000075 ], [ -93.942398287999936, 15.43760073800007 ], [ -93.982399249999958, 15.444400594000058 ], [ -95.562672370999962, 15.269270463000055 ], [ -95.550207137999976, 15.207762587000046 ], [ -95.538111258999947, 15.148077231000057 ], [ -95.541181452999979, 15.151960873000066 ], [ -95.54116868899996, 15.151885813000035 ], [ -95.530275529999983, 15.087829343000069 ], [ -95.5296, 15.0843 ], [ -95.585199086999978, 15.097981733000038 ], [ -95.710535449999952, 15.128824302000053 ], [ -95.771913050999956, 15.143928003000042 ], [ -95.946142265, 15.186802046000025 ], [ -96.028180874999975, 15.20285299300002 ], [ -96.137638599999946, 15.224268520000065 ], [ -96.239847443999963, 15.244265796000034 ], [ -96.34038693499997, 15.263936461000071 ], [ -96.531286116999979, 15.264112730000022 ], [ -96.668595096, 15.264239515000043 ], [ -96.8424, 15.2644 ], [ -96.989562643999989, 15.278718190000063 ], [ -97.110710236999978, 15.29050524500007 ], [ -97.168768567999962, 15.296154030000023 ], [ -97.296677552999938, 15.308598935000079 ], [ -97.399319411999954, 15.318585475000077 ], [ -97.5485, 15.3331 ], [ -97.616327843999954, 15.348652049000068 ], [ -97.83301017499997, 15.398334510000041 ], [ -98.0156, 15.4402 ], [ -98.12860741999998, 15.481532591000075 ], [ -98.4844, 15.4875 ], [ -98.648356773999978, 15.703090724000047 ], [ -98.9365, 15.8156 ], [ -98.954686238999955, 15.824754720000044 ], [ -98.98701168499997, 15.841026935000059 ], [ -99.044364644999973, 15.864040814000075 ], [ -99.263759586, 15.952076875000044 ], [ -99.526980593999951, 16.057698913000024 ], [ -99.680835133999949, 16.118998479000027 ], [ -99.744231319999983, 16.143996351000055 ], [ -99.77611604599997, 16.156568879000076 ], [ -99.949907119999978, 16.225096772000029 ], [ -100.073944320999942, 16.274006120000028 ], [ -100.189837714999953, 16.319704267000077 ], [ -100.287794235999968, 16.358329691000051 ], [ -100.410110749999944, 16.40656055200003 ], [ -100.665972322999949, 16.507449821000023 ], [ -100.714497653999956, 16.526583937000055 ], [ -100.7838, 16.5455 ], [ -100.8749, 16.5835 ], [ -101.1272, 16.6706 ], [ -101.237, 16.722 ], [ -101.4588, 16.7912 ], [ -101.5663, 16.8359 ], [ -101.6527, 16.8783 ], [ -101.7415, 16.9073 ], [ -101.8582, 16.9362 ], [ -101.9647, 16.9809 ], [ -102.1354, 17.0477 ], [ -102.2839, 17.1145 ], [ -102.3803, 17.1664 ], [ -102.4546, 17.1961 ], [ -102.5362, 17.2332 ], [ -102.6104, 17.2778 ], [ -102.652907935999963, 17.295397200000025 ], [ -102.660431450999965, 17.298511743000063 ], [ -102.773100924999937, 17.346049415000039 ], [ -102.8439, 17.3775 ], [ -102.9513, 17.4175 ], [ -102.993720955999947, 17.442140454000025 ], [ -103.0892, 17.4976 ], [ -103.2083, 17.5532 ], [ -103.293, 17.597 ], [ -103.3251, 17.6133 ], [ -103.4278, 17.6622 ], [ -103.533, 17.7044 ], [ -103.6848, 17.7777 ], [ -103.7782, 17.8154 ], [ -103.923, 17.8776 ], [ -104.0206, 17.9383 ], [ -104.1023, 17.9903 ], [ -104.1913, 18.0497 ], [ -104.3027, 18.1239 ], [ -104.335954826999966, 18.147920141000039 ], [ -104.4363, 18.2204 ], [ -104.5476, 18.3169 ], [ -104.5773, 18.354 ], [ -104.597282996, 18.370659981000074 ], [ -104.6218, 18.3911 ], [ -104.6961, 18.4431 ], [ -104.7257, 18.4727 ], [ -104.8055, 18.5436 ], [ -104.869804055999964, 18.600911327000063 ], [ -104.930977116999941, 18.655432138000037 ], [ -104.976743463, 18.69622163400004 ], [ -105.023396830999957, 18.736708483000029 ], [ -105.023121671999959, 18.73755645600005 ], [ -105.067804208, 18.775246210000034 ], [ -105.068088967999984, 18.775493332000053 ], [ -105.147075445999974, 18.84211156300006 ], [ -105.147079997999981, 18.842115403000037 ], [ -105.147066547999941, 18.842123149000031 ], [ -105.147204357999954, 18.842220290000057 ], [ -105.147204413999987, 18.842220333000057 ], [ -105.192729765999957, 18.874310556000069 ], [ -105.374259321999943, 19.002268344000072 ], [ -105.411715473999962, 19.028468165000053 ], [ -105.457895416999989, 19.06077010100006 ], [ -105.348244171999966, 19.12574861700006 ], [ -105.57766785299998, 19.457138378000025 ], [ -105.684785848999979, 19.857045567000057 ], [ -105.729974797999944, 20.02575097600004 ], [ -105.725404106999974, 20.277138974000025 ], [ -105.719821001999946, 20.584209776000023 ], [ -105.679686152999977, 20.784884023000075 ], [ -105.670234061999963, 20.780893043000049 ], [ -105.192314120999981, 20.579099690000078 ], [ -101.816139193999959, 20.080030653000051 ], [ -98.762901190999983, 19.63965065900004 ] ] ] } },
{ "type": "Feature", "properties": { "ANCHOR": 0, "TIME": 600.0, "FILE1": "Global_EarthByte_GPlates_PresentDay_StaticPlatePolygons.gpmlz", "RECONFILE1": "Zahirovic_etal_2022_OptimisedMantleRef_and_NNRMantleRef.rot", "OBJECTID_1": "1050", "PLATEID1": 710, "FROMAGE": 600.0, "TOAGE": -999.0, "NAME": "Danakil plate, Africa", "PLATEID2": 0, "GPGIM_TYPE": "gpml:ClosedContinentalBoundary", "L_PLATE": 0, "R_PLATE": 0, "SPREAD_ASY": 0.0, "IMPORT_AGE": 0.0, "Shape_Leng": 23.4514096077, "Shape_Area": 18.095638682299999, "FEATURE_ID": "GPlates-ab9cc311-23d6-4e67-af5d-1ed0e684b4ab" }, "geometry": { "type": "Polygon", "coordinates": [ [ [ 41.352011370000064, 15.169405620000077 ], [ 42.096703304000073, 14.550378043000022 ], [ 42.176432075000037, 14.684023222000064 ], [ 42.181201288000068, 14.669996080000034 ], [ 42.459998877000032, 13.850000587000068 ], [ 43.229999986000053, 12.920000577000053 ], [ 43.489737243000036, 12.377265186000045 ], [ 43.524297464000028, 12.316392696000037 ], [ 43.525116031000032, 12.315125052000042 ], [ 43.50854574400006, 12.301444957000058 ], [ 43.48531457400005, 12.27949189800006 ], [ 43.446291912000049, 12.242368609000039 ], [ 43.349446423000117, 12.026736132000053 ], [ 43.343345688000063, 12.004171264000036 ], [ 43.276123476000073, 11.732281197000077 ], [ 43.449884590000075, 11.553821613000025 ], [ 43.514557145000026, 11.508342005000031 ], [ 43.56647007600003, 11.346589623000057 ], [ 43.635736982000061, 11.13076503700006 ], [ 43.745368094000071, 10.971401528000058 ], [ 43.877610900000043, 10.914074990000074 ], [ 44.033133029000076, 10.825569126000062 ], [ 44.073736322000059, 10.802462257000059 ], [ 44.161707304000075, 10.691958320000026 ], [ 44.289380278000067, 10.61097538100006 ], [ 44.384980092000028, 10.619571232000055 ], [ 44.523043761000061, 10.53138619200007 ], [ 44.523608704000026, 10.531025348000071 ], [ 44.491738778000069, 10.517263334000063 ], [ 44.129924850000066, 10.361025502000075 ], [ 43.82, 10.34 ], [ 43.42, 10.19 ], [ 43.11, 10.04 ], [ 42.79, 9.88 ], [ 42.32, 9.79 ], [ 42.12, 9.71 ], [ 41.82, 9.66 ], [ 41.61, 9.64 ], [ 41.31, 9.5 ], [ 40.76, 9.12 ], [ 40.57, 9.06 ], [ 40.31, 8.94 ], [ 40.16, 8.82 ], [ 40.072474766000035, 9.320144197000047 ], [ 40.02, 9.62 ], [ 40.13, 9.81 ], [ 40.26, 10.24 ], [ 40.21, 10.39 ], [ 40.21, 10.54 ], [ 40.22, 10.64 ], [ 40.25, 10.74 ], [ 40.2, 11.08 ], [ 40.14, 11.23 ], [ 40.1, 11.41 ], [ 40.03, 11.54 ], [ 40.01, 11.62 ], [ 39.96, 11.74 ], [ 39.89, 11.92 ], [ 39.87, 12.2 ], [ 39.84, 12.44 ], [ 40.13, 12.66 ], [ 40.07, 12.88 ], [ 40.05, 13.12 ], [ 40.28, 13.16 ], [ 40.18, 13.54 ], [ 40.13, 13.86 ], [ 40.112289429000043, 14.081382137000048 ], [ 39.749881929000026, 14.898580714000046 ], [ 39.585860894000056, 15.759659668000038 ], [ 39.545886177000057, 17.398779755000078 ], [ 39.545861796000054, 17.399779471000045 ], [ 39.796131348000081, 16.730436639000061 ], [ 39.809727666000072, 16.694073453000044 ], [ 39.919065204000049, 16.057630623000026 ], [ 40.207056813000065, 15.679116048000026 ], [ 40.551930900000059, 15.480188620000037 ], [ 40.900223262000061, 15.431981645000064 ], [ 41.352011370000064, 15.169405620000077 ] ] ] } },
{ "type": "Feature", "properties": { "ANCHOR": 0, "TIME": 600.0, "FILE1": "Global_EarthByte_GPlates_PresentDay_StaticPlatePolygons.gpmlz", "RECONFILE1": "Zahirovic_etal_2022_OptimisedMantleRef_and_NNRMantleRef.rot", "OBJECTID_1": "1053", "PLATEID1": 670, "FROMAGE": 600.0, "TOAGE": -999.0, "NAME": "Sula-Banggai", "PLATEID2": 0, "GPGIM_TYPE": "gpml:ClosedContinentalBoundary", "L_PLATE": 0, "R_PLATE": 0, "SPREAD_ASY": 0.0, "IMPORT_AGE": 0.0, "Shape_Leng": 10.9338540658, "Shape_Area": 4.0564754795200004, "FEATURE_ID": "GPlates-88da33b6-c2c3-4d23-964c-02c7ffb9bfc3" }, "geometry": { "type": "Polygon", "coordinates": [ [ [ 127.618897889000081, -1.810194327999966 ], [ 127.270969760000071, -1.895972370999971 ], [ 126.683115650000104, -1.979951529999937 ], [ 126.20056016400008, -1.987003825999977 ], [ 125.829205572000092, -1.97851318499994 ], [ 125.439578108000106, -2.073620591999941 ], [ 124.661155907000065, -2.199589329999981 ], [ 124.432506552000049, -2.270045234999941 ], [ 122.703918033000036, -2.051489216999924 ], [ 122.678397956000026, -1.719729450999978 ], [ 122.754951124000058, -1.31139921099998 ], [ 122.882561045000102, -1.056200204999925 ], [ 125.358017001, -1.209319254999969 ], [ 126.591880132000028, -1.203029889999925 ], [ 126.642791450000118, -1.259733767999933 ], [ 126.91920081800005, -1.473013474999959 ], [ 127.339406951000115, -1.730662664999954 ], [ 127.618897889000081, -1.810194327999966 ] ] ] } },
{ "type": "Feature", "properties": { "ANCHOR": 0, "TIME": 600.0, "FILE1": "Global_EarthByte_GPlates_PresentDay_StaticPlatePolygons.gpmlz", "RECONFILE1": "Zahirovic_etal_2022_OptimisedMantleRef_and_NNRMantleRef.rot", "OBJECTID_1": "1056", "PLATEID1": 713, "FROMAGE": 600.0, "TOAGE": -999.0, "NAME": "North Mozambique, Africa", "PLATEID2": 0, "GPGIM_TYPE": "gpml:ClosedContinentalBoundary", "L_PLATE": 0, "R_PLATE": 0, "SPREAD_ASY": 0.0, "IMPORT_AGE": 0.0, "Shape_Leng": 43.999086123200001, "Shape_Area": 80.669776832899998, "FEATURE_ID": "GPlates-5ffd3a36-559a-41e9-b522-6131a1a41e5e" }, "geometry": { "type": "Polygon", "coordinates": [ [ [ 38.293788809000034, -5.041169305999972 ], [ 38.808872040000054, -5.374450373999935 ], [ 39.341511074000039, -5.344160313999964 ], [ 39.393417882000058, -5.526431081999931 ], [ 39.393532126000025, -5.586201010999957 ], [ 39.429986414000048, -5.753863575999958 ], [ 39.55336611000007, -5.962121528999944 ], [ 39.651678778000097, -6.248602292999976 ], [ 39.685795800000051, -6.386398706999955 ], [ 39.72537799100008, -6.586353754999948 ], [ 39.73824466800005, -6.866529365999952 ], [ 39.721401210000067, -7.155507836999959 ], [ 39.748028516000034, -7.367724548999945 ], [ 39.88021649900007, -7.600081117999935 ], [ 39.978633749000039, -7.882958025999927 ], [ 39.989269002000064, -7.956418924999979 ], [ 39.839291395000032, -8.31970879499994 ], [ 39.737442030000068, -8.547269990999951 ], [ 39.730946189000065, -8.692272985999978 ], [ 39.821478082000063, -9.055175922999979 ], [ 39.852006685000049, -9.201995953999926 ], [ 39.951576507000027, -9.575056510999957 ], [ 40.023864979000045, -9.696312464999949 ], [ 40.182248427000033, -9.999446795999972 ], [ 40.279798351000068, -10.103787477999958 ], [ 40.397107690000041, -10.189307602999975 ], [ 40.530653233000073, -10.258933757999955 ], [ 40.600651689000074, -10.32574855699994 ], [ 40.651435926000055, -10.415118240999959 ], [ 40.695939638000041, -10.57000613699995 ], [ 40.746395303000043, -10.848703710999928 ], [ 40.762573342000053, -11.039047342999936 ], [ 40.755797452000024, -11.150759839999978 ], [ 40.744508328000059, -11.464932233999946 ], [ 40.765326867000063, -11.732708418999948 ], [ 40.722385910000071, -12.169973681999977 ], [ 40.750825360000093, -12.476699878999966 ], [ 40.771920951000027, -12.818400372999976 ], [ 40.792820137000035, -12.962098495999953 ], [ 40.833097998000035, -13.239040042999932 ], [ 40.900907923000034, -13.69156927099994 ], [ 40.948003507000074, -13.919909455999971 ], [ 40.980603352000074, -14.13177406199998 ], [ 41.021590264000054, -14.481627909999929 ], [ 41.099007300000039, -14.868995911999946 ], [ 41.110489478000019, -15.346633537999937 ], [ 41.107921078000061, -15.421188782999934 ], [ 41.091787227000054, -15.889520569999938 ], [ 40.817303865000042, -16.276667701999941 ], [ 40.748270953000031, -16.341427714999952 ], [ 40.587704843000047, -16.481940666999947 ], [ 40.40563624400005, -16.667370164999966 ], [ 40.198304518000043, -16.818433862999935 ], [ 39.980262145000047, -16.981792706999954 ], [ 39.795681971000086, -17.104285962999938 ], [ 39.351913897000031, -17.25148558799998 ], [ 39.09668973600003, -17.386445588999948 ], [ 38.468792562000033, -17.735431693999942 ], [ 38.315196122000025, -17.802009039999973 ], [ 38.147487308000045, -17.850065742999959 ], [ 38.023476060000064, -17.916359457999931 ], [ 37.84355312100007, -17.990903855999932 ], [ 37.722960673000046, -18.090722763999963 ], [ 37.585388576000071, -18.175897864999968 ], [ 37.525757859000066, -18.212817068999982 ], [ 37.485480879000079, -18.411602386999959 ], [ 37.468726321000076, -18.59246995999996 ], [ 37.405913883000032, -18.741643043999943 ], [ 37.352603353000063, -18.819163631999974 ], [ 37.309019075000037, -18.879050388999929 ], [ 37.276781698000036, -18.913741699999946 ], [ 37.238581835000041, -18.954849364999973 ], [ 37.180194289000042, -19.018886575999947 ], [ 37.127706703000058, -19.063170732999936 ], [ 36.972411067000053, -19.192689396999988 ], [ 36.918484104000072, -19.239560470999947 ], [ 36.693104679000044, -19.434798735999948 ], [ 36.592865680000045, -19.548829860999945 ], [ 36.570496084000055, -19.581625429999974 ], [ 36.532401783000076, -19.639040657999942 ], [ 36.50950484100008, -19.67895348899998 ], [ 36.361307479000061, -19.935459141999957 ], [ 36.347709740000035, -19.959001498999953 ], [ 36.342350123000074, -19.968280837999941 ], [ 36.254309737000028, -20.094830983999941 ], [ 36.134198684000069, -20.256333615999949 ], [ 36.069697388000066, -20.363599095999973 ], [ 35.963471430000048, -20.560981814999934 ], [ 35.812684103000038, -20.960723388999956 ], [ 34.7796, -20.1459 ], [ 34.445857815000068, -19.760259536999964 ], [ 34.445857815000068, -18.760391433999928 ], [ 35.283390058000066, -17.548459362999949 ], [ 35.311688034000028, -17.223012423999933 ], [ 35.364741992000063, -16.861471346999963 ], [ 34.653300841000032, -15.960309494999935 ], [ 35.142731024000057, -14.851870255999927 ], [ 34.707709932000057, -13.579330340999945 ], [ 34.616821035000044, -12.034099365999964 ], [ 34.404731991000077, -10.276779347999932 ], [ 33.764194796000027, -9.170961373999944 ], [ 33.862262859000055, -8.803357516999938 ], [ 33.906765037000085, -8.611104373999979 ], [ 34.474650942000039, -8.058569398999964 ], [ 35.44572097300005, -7.252970362999982 ], [ 35.384891866000039, -6.685261397999966 ], [ 35.363673991000034, -6.402013405999981 ], [ 35.205935941000064, -5.864307368999966 ], [ 35.229297765000098, -5.37815835899994 ], [ 35.276801754000076, -5.045591410999975 ], [ 35.346492907000027, -4.721324429999925 ], [ 35.777671984000058, -3.956513404999953 ], [ 36.083228986000051, -2.712470479999979 ], [ 37.250899922000031, -3.071760419999976 ], [ 37.614478996000067, -3.829219222999939 ], [ 37.856872756000037, -4.526090312999941 ], [ 38.293788809000034, -5.041169305999972 ] ] ] } },
{ "type": "Feature", "properties": { "ANCHOR": 0, "TIME": 600.0, "FILE1": "Global_EarthByte_GPlates_PresentDay_StaticPlatePolygons.gpmlz", "RECONFILE1": "Zahirovic_etal_2022_OptimisedMantleRef_and_NNRMantleRef.rot", "OBJECTID_1": "1059", "PLATEID1": 684, "FROMAGE": 600.0, "TOAGE": -999.0, "NAME": "Timor", "PLATEID2": 0, "GPGIM_TYPE": "gpml:ClosedContinentalBoundary", "L_PLATE": 0, "R_PLATE": 0, "SPREAD_ASY": 0.0, "IMPORT_AGE": 0.0, "Shape_Leng": 37.213741128499997, "Shape_Area": 32.198785657899997, "FEATURE_ID": "GPlates-0bf7bc21-1fe4-427e-90b1-1ecf4d2be9a9" }, "geometry": { "type": "Polygon", "coordinates": [ [ [ 120.204298392000055, -11.881746260999932 ], [ 120.151016531000096, -11.832650267999952 ], [ 120.164000000000101, -11.807 ], [ 120.106480682000097, -11.786781087999943 ], [ 120.589256012000064, -10.584370284999977 ], [ 121.112105916000033, -9.829410371999927 ], [ 121.182533086000049, -9.336510419999968 ], [ 122.437916527000098, -9.35807204799994 ], [ 123.469521053000122, -9.375790197999947 ], [ 125.230422973000032, -8.406030445999932 ], [ 125.903572177000115, -8.259089487999972 ], [ 127.069314922000103, -8.215582445999928 ], [ 127.908962866000024, -7.993764345999978 ], [ 128.65222432500002, -7.652074728999935 ], [ 129.057257983000113, -7.46587403999996 ], [ 129.807772749000037, -6.794516 ], [ 130.300321177000114, -6.059262548999925 ], [ 130.308737250000064, -5.870651876999949 ], [ 130.299567362000062, -5.659744453999963 ], [ 130.269442435000087, -4.966871144999971 ], [ 130.243164964000016, -4.91909392499997 ], [ 130.170687336000015, -4.787316417999932 ], [ 129.961107849000086, -4.406262804999926 ], [ 130.026298581000106, -4.20796383499993 ], [ 131.45735216200012, -4.42486927899995 ], [ 132.168197860000078, -3.586100216999967 ], [ 132.353499988000095, -3.780200288999936 ], [ 132.562896955000042, -4.018799359999944 ], [ 132.70480305000001, -4.119299386999955 ], [ 132.882202002000099, -4.200310329999979 ], [ 132.993194860000017, -4.282499465999933 ], [ 133.049301134000075, -4.388599435999936 ], [ 133.146500033000052, -4.587100422999981 ], [ 133.188797162000014, -4.758099313999935 ], [ 133.304398072000026, -4.879000320999978 ], [ 133.507004012000039, -5.04089047399998 ], [ 133.59739705100003, -5.193600370999952 ], [ 133.797255996000104, -5.410650287999943 ], [ 134.093169023000087, -5.501698996999949 ], [ 134.261453180000103, -5.358677486999966 ], [ 134.137, -5.54 ], [ 134.123, -5.677 ], [ 133.91800000000012, -6.034 ], [ 133.802148917000068, -6.162514965999947 ], [ 133.671, -6.308 ], [ 133.452000000000112, -6.431 ], [ 132.932, -6.924 ], [ 132.795, -7.102 ], [ 132.479, -7.458 ], [ 132.205, -7.718 ], [ 131.973, -8.141 ], [ 131.288, -8.55 ], [ 130.822000000000116, -8.796 ], [ 130.329, -8.823 ], [ 129.575, -9.068 ], [ 128.973, -9.191 ], [ 128.685, -9.286 ], [ 128.014, -9.449 ], [ 127.863, -9.517 ], [ 127.507, -9.476 ], [ 127.356000000000108, -9.531 ], [ 127.027, -9.803 ], [ 126.767, -9.884 ], [ 126.260000000000105, -10.142 ], [ 125.973, -10.156 ], [ 125.644000000000119, -10.305 ], [ 125.297371062000039, -10.410098615999971 ], [ 124.863, -10.671 ], [ 124.562, -10.739 ], [ 124.260000000000105, -10.996 ], [ 124.164000000000101, -11.118 ], [ 123.685, -11.294 ], [ 123.219, -11.321 ], [ 122.808000000000106, -11.402 ], [ 122.411, -11.618 ], [ 122.055822349000081, -11.792595755999969 ], [ 121.982347495000113, -11.929677363999929 ], [ 121.822000000000131, -12.063 ], [ 121.685, -12.077 ], [ 121.493, -12.211 ], [ 121.356000000000122, -12.279 ], [ 121.027, -12.265 ], [ 120.726000000000113, -12.238 ], [ 120.616, -12.184 ], [ 120.510000000000119, -12.06 ], [ 120.42, -11.96 ], [ 120.326, -11.91 ], [ 120.227000000000103, -11.88 ], [ 120.204298392000055, -11.881746260999932 ] ] ] } },
{ "type": "Feature", "properties": { "ANCHOR": 0, "TIME": 600.0, "FILE1": "Global_EarthByte_GPlates_PresentDay_StaticPlatePolygons.gpmlz", "RECONFILE1": "Zahirovic_etal_2022_OptimisedMantleRef_and_NNRMantleRef.rot", "OBJECTID_1": "1061", "PLATEID1": 869, "FROMAGE": 600.0, "TOAGE": -999.0, "NAME": "Lord Howe Rise North", "PLATEID2": 0, "GPGIM_TYPE": "gpml:ClosedContinentalBoundary", "L_PLATE": 0, "R_PLATE": 0, "SPREAD_ASY": 0.0, "IMPORT_AGE": 0.0, "Shape_Leng": 44.152488562000002, "Shape_Area": 91.288783068300006, "FEATURE_ID": "GPlates-f096d0a4-f177-4436-acf2-dd9726b148e3" }, "geometry": { "type": "Polygon", "coordinates": [ [ [ 162.614869624000107, -17.982461097999931 ], [ 162.658, -18.4171 ], [ 162.734284042000013, -18.695413715999965 ], [ 162.820563299000014, -18.930299041999945 ], [ 163.000598319000119, -19.214142933999938 ], [ 163.352658121000104, -19.809921223999936 ], [ 163.864780643000017, -20.559645054999976 ], [ 164.409000000000106, -21.1951 ], [ 164.674800000000118, -21.3494 ], [ 166.2575, -22.4949 ], [ 166.407, -23.0786 ], [ 166.66433908700003, -23.499188941999932 ], [ 167.114, -24.1156 ], [ 167.061, -24.3575 ], [ 167.195271998000095, -24.615882169999963 ], [ 167.144865315000061, -25.022753844999958 ], [ 167.097, -25.7352 ], [ 166.9545, -25.6538 ], [ 166.973006516000055, -26.108827591999955 ], [ 167.005199686000083, -26.732635650999953 ], [ 167.013, -27.038 ], [ 166.935878458000047, -27.372817979999979 ], [ 166.922284000000104, -27.431837407999978 ], [ 166.882, -27.3804 ], [ 165.907983807000051, -28.225495643999977 ], [ 164.137299187000053, -29.730199353999978 ], [ 164.000198795000074, -29.866607485999964 ], [ 158.972878152000021, -33.886707220999938 ], [ 158.947000000000116, -33.878 ], [ 159.026, -33.812 ], [ 159.105, -33.724 ], [ 159.158, -33.614 ], [ 159.184, -33.503 ], [ 159.211, -33.371 ], [ 159.211, -33.26 ], [ 159.237, -33.127 ], [ 159.211, -33.016 ], [ 159.211, -32.949 ], [ 159.132, -32.927 ], [ 159.000000000000114, -32.927 ], [ 158.841000000000122, -32.904 ], [ 158.709, -32.86 ], [ 158.630000000000109, -32.838 ], [ 158.604, -32.815 ], [ 158.498, -32.748 ], [ 158.472, -32.637 ], [ 158.419, -32.592 ], [ 158.314, -32.57 ], [ 158.208, -32.57 ], [ 158.155, -32.503 ], [ 158.103, -32.436 ], [ 158.103, -32.346 ], [ 158.0810261580001, -32.25484924899996 ], [ 158.077892819000112, -32.241851692999937 ], [ 158.287, -32.077 ], [ 158.129, -31.942 ], [ 157.971000000000117, -32.032 ], [ 157.91800000000012, -32.009 ], [ 157.91800000000012, -31.829 ], [ 157.865000000000123, -31.717 ], [ 157.91800000000012, -31.559 ], [ 158.023, -31.446 ], [ 158.05, -31.31 ], [ 157.997, -31.196 ], [ 157.971000000000117, -31.083 ], [ 157.91800000000012, -30.969 ], [ 157.865000000000123, -30.81 ], [ 157.812, -30.673 ], [ 157.891, -30.513 ], [ 157.96267328600004, -30.431882628999976 ], [ 158.366, -30.193 ], [ 158.34, -30.101 ], [ 158.314, -29.986 ], [ 158.419, -29.803 ], [ 158.472, -29.664 ], [ 158.472, -29.526 ], [ 158.446, -29.434 ], [ 158.419, -29.272 ], [ 158.419, -29.087 ], [ 158.472, -28.901 ], [ 158.525, -28.692 ], [ 158.578, -28.529 ], [ 158.657, -28.202 ], [ 158.551, -28.015 ], [ 158.604, -27.804 ], [ 158.578, -27.639 ], [ 158.472, -27.498 ], [ 158.446, -27.31 ], [ 158.419, -27.097 ], [ 158.34, -26.861 ], [ 158.261, -26.6 ], [ 158.182, -26.41 ], [ 158.103, -26.244 ], [ 158.091000000000122, -26.163 ], [ 158.091000000000122, -26.063 ], [ 158.105, -25.976 ], [ 158.147, -25.851 ], [ 158.243, -25.739 ], [ 158.326, -25.676 ], [ 158.367, -25.564 ], [ 158.353, -25.464 ], [ 158.312, -25.364 ], [ 158.326, -25.176 ], [ 158.419, -25.093 ], [ 158.598, -24.837 ], [ 158.674, -24.697 ], [ 158.90400000000011, -24.534 ], [ 159.108, -24.394 ], [ 159.185, -24.16 ], [ 159.134, -23.973 ], [ 159.057, -23.879 ], [ 158.981000000000108, -23.715 ], [ 158.981000000000108, -23.574 ], [ 159.032, -23.526 ], [ 159.032, -23.338 ], [ 159.006, -23.15 ], [ 159.032, -22.961 ], [ 158.90400000000011, -22.772 ], [ 158.725, -22.677 ], [ 158.572000000000145, -22.677 ], [ 158.394000000000119, -22.653 ], [ 158.317000000000121, -22.487 ], [ 158.317000000000121, -22.084 ], [ 158.368, -21.893 ], [ 158.445, -21.631 ], [ 158.496, -21.321 ], [ 158.521, -21.129 ], [ 158.496, -20.794 ], [ 158.343, -20.626 ], [ 158.139, -20.554 ], [ 158.090421892000109, -20.544891604999979 ], [ 158.242, -20.493 ], [ 158.424, -20.421 ], [ 158.578, -20.331 ], [ 158.580762786000037, -20.298484133999978 ], [ 158.623, -20.2972 ], [ 159.037, -20.114 ], [ 159.358531181000103, -19.813023322999982 ], [ 159.475, -19.704 ], [ 159.475, -19.449329713999941 ], [ 159.491234175000045, -19.440332739999974 ], [ 159.516, -19.2336 ], [ 159.741, -18.9197 ], [ 159.971000000000117, -18.7355 ], [ 160.589, -18.501 ], [ 161.214863482000055, -18.428173090999962 ], [ 161.356531509000092, -18.406585611999958 ], [ 161.387038947000065, -18.389678400999969 ], [ 161.388710591000063, -18.391715272999935 ], [ 161.65, -18.35 ], [ 162.054213181000051, -18.143703136999932 ], [ 162.334294084000021, -18.000759228999982 ], [ 162.334347017000027, -18.000732213999981 ], [ 162.594778728000051, -17.867816594999965 ], [ 162.614869624000107, -17.982461097999931 ] ] ] } },
{ "type": "Feature", "properties": { "ANCHOR": 0, "TIME": 600.0, "FILE1": "Global_EarthByte_GPlates_PresentDay_StaticPlatePolygons.gpmlz", "RECONFILE1": "Zahirovic_etal_2022_OptimisedMantleRef_and_NNRMantleRef.rot", "OBJECTID_1": "1062", "PLATEID1": 866, "FROMAGE": 600.0, "TOAGE": -999.0, "NAME": "Chesterfield Plateau, Tasman Sea", "PLATEID2": 0, "GPGIM_TYPE": "gpml:ClosedContinentalBoundary", "L_PLATE": 0, "R_PLATE": 0, "SPREAD_ASY": 0.0, "IMPORT_AGE": 0.0, "Shape_Leng": 14.407231577799999, "Shape_Area": 11.360977357599999, "FEATURE_ID": "GPlates-2f3edf4c-05e8-4570-86eb-82f83b744bb5" }, "geometry": { "type": "Polygon", "coordinates": [ [ [ 158.521, -21.129 ], [ 158.496, -21.321 ], [ 158.445, -21.631 ], [ 158.368, -21.893 ], [ 158.317000000000121, -22.084 ], [ 158.317000000000121, -22.487 ], [ 158.394000000000119, -22.653 ], [ 158.572000000000145, -22.677 ], [ 158.725, -22.677 ], [ 158.90400000000011, -22.772 ], [ 159.032, -22.961 ], [ 159.006, -23.15 ], [ 159.032, -23.338 ], [ 159.032, -23.526 ], [ 158.981000000000108, -23.574 ], [ 158.981000000000108, -23.715 ], [ 159.057, -23.879 ], [ 159.134, -23.973 ], [ 159.185, -24.16 ], [ 159.108, -24.394 ], [ 158.90400000000011, -24.534 ], [ 158.674, -24.697 ], [ 158.598, -24.837 ], [ 158.419, -25.093 ], [ 158.326, -25.176 ], [ 157.375000000000114, -25.701 ], [ 157.11, -25.762 ], [ 157.064000000000107, -25.429 ], [ 157.029669462000015, -25.360189008999953 ], [ 156.880296098000031, -25.060789994999936 ], [ 156.68029574000002, -24.688169194999947 ], [ 156.422, -24.215 ], [ 156.284000000000106, -23.751 ], [ 156.229904340000076, -23.525106036999944 ], [ 156.220921366000084, -23.487594716999979 ], [ 156.193, -23.371 ], [ 156.127593695000087, -23.214024867999967 ], [ 155.963, -22.819 ], [ 155.842, -22.653 ], [ 155.715, -22.44 ], [ 155.650751563000085, -22.260482307999947 ], [ 155.613, -22.155 ], [ 155.596000000000117, -21.838 ], [ 155.670772965000083, -21.572074879999946 ], [ 155.82112135400007, -21.437712728999941 ], [ 155.850005994000071, -21.411899333999941 ], [ 155.961196983000036, -21.329200389999983 ], [ 155.989986511000097, -21.313942760999964 ], [ 156.014370419000102, -21.301019984999986 ], [ 156.0150000000001, -21.304 ], [ 156.197000000000116, -21.248 ], [ 156.545, -21.248 ], [ 156.955, -21.177 ], [ 157.076, -21.077 ], [ 157.314838518000101, -20.950788732999968 ], [ 157.545, -20.821 ], [ 157.697000000000116, -20.678 ], [ 158.090421892000109, -20.544891604999979 ], [ 158.139, -20.554 ], [ 158.343, -20.626 ], [ 158.496, -20.794 ], [ 158.521, -21.129 ] ] ] } },
{ "type": "Feature", "properties": { "ANCHOR": 0, "TIME": 600.0, "FILE1": "Global_EarthByte_GPlates_PresentDay_StaticPlatePolygons.gpmlz", "RECONFILE1": "Zahirovic_etal_2022_OptimisedMantleRef_and_NNRMantleRef.rot", "OBJECTID_1": "1063", "PLATEID1": 883, "FROMAGE": 600.0, "TOAGE": -999.0, "NAME": "North Dampier Ridge, Tasman Sea", "PLATEID2": 0, "GPGIM_TYPE": "gpml:ClosedContinentalBoundary", "L_PLATE": 0, "R_PLATE": 0, "SPREAD_ASY": 0.0, "IMPORT_AGE": 0.0, "Shape_Leng": 9.57343554837, "Shape_Area": 4.8774574920199996, "FEATURE_ID": "GPlates-3bd1de17-4438-4e9a-8c37-23b87fe0ba46" }, "geometry": { "type": "Polygon", "coordinates": [ [ [ 158.578, -28.529 ], [ 157.68, -28.622 ], [ 157.611709379000132, -28.622 ], [ 157.599054043000024, -28.633107019999958 ], [ 157.5934610380001, -28.628466909999933 ], [ 157.331750391000014, -28.652300307999951 ], [ 157.294, -28.552 ], [ 157.114348082000106, -28.393177289999983 ], [ 156.862, -28.342 ], [ 156.783, -28.202 ], [ 156.774277778000084, -28.1235 ], [ 156.697000000000116, -28.065 ], [ 156.614391911000098, -27.77228003099998 ], [ 156.60903130600002, -27.753284842999964 ], [ 156.605, -27.739 ], [ 156.651, -27.33 ], [ 156.651, -26.919 ], [ 156.743, -26.466 ], [ 156.757210837000116, -26.43726939499993 ], [ 156.874645630000032, -26.19984687799996 ], [ 156.927, -26.094 ], [ 157.11, -25.762 ], [ 157.375000000000114, -25.701 ], [ 158.326, -25.176 ], [ 158.312, -25.364 ], [ 158.353, -25.464 ], [ 158.367, -25.564 ], [ 158.326, -25.676 ], [ 158.243, -25.739 ], [ 158.147, -25.851 ], [ 158.105, -25.976 ], [ 158.091000000000122, -26.063 ], [ 158.091000000000122, -26.163 ], [ 158.103, -26.244 ], [ 158.182, -26.41 ], [ 158.261, -26.6 ], [ 158.34, -26.861 ], [ 158.419, -27.097 ], [ 158.446, -27.31 ], [ 158.472, -27.498 ], [ 158.578, -27.639 ], [ 158.604, -27.804 ], [ 158.551, -28.015 ], [ 158.657, -28.202 ], [ 158.578, -28.529 ] ] ] } },
{ "type": "Feature", "properties": { "ANCHOR": 0, "TIME": 600.0, "FILE1": "Global_EarthByte_GPlates_PresentDay_StaticPlatePolygons.gpmlz", "RECONFILE1": "Zahirovic_etal_2022_OptimisedMantleRef_and_NNRMantleRef.rot", "OBJECTID_1": "1064", "PLATEID1": 833, "FROMAGE": 600.0, "TOAGE": -999.0, "NAME": "Lord Howe Rise (\"Central\")", "PLATEID2": 0, "GPGIM_TYPE": "gpml:ClosedContinentalBoundary", "L_PLATE": 0, "R_PLATE": 0, "SPREAD_ASY": 0.0, "IMPORT_AGE": 0.0, "Shape_Leng": 54.9042530133, "Shape_Area": 69.561172971800005, "FEATURE_ID": "GPlates-cfe16c87-3263-409a-a855-2fccb3989cb6" }, "geometry": { "type": "Polygon", "coordinates": [ [ [ 167.519000000000119, -30.9031 ], [ 167.661, -31.2668 ], [ 167.5025, -31.4094 ], [ 166.709, -31.1346 ], [ 166.528, -31.1154 ], [ 166.457000000000107, -31.5084 ], [ 166.068, -31.7345 ], [ 166.139000000000152, -32.1847 ], [ 165.997, -32.3195 ], [ 166.4577, -32.9934 ], [ 166.741, -33.7141 ], [ 167.165, -34.3592 ], [ 167.873, -34.9415 ], [ 168.298000000000116, -35.0574 ], [ 168.599, -35.0719 ], [ 169.182, -35.3466 ], [ 169.288000000000125, -35.721 ], [ 170.739, -35.9505 ], [ 170.9367, -36.0757 ], [ 171.041905999000051, -36.394998103999974 ], [ 170.970130154000117, -34.364687691999968 ], [ 171.004240963000029, -34.33444816399998 ], [ 170.999176045000013, -34.330150254999978 ], [ 171.084350814000118, -33.385182996999959 ], [ 172.332199133000017, -33.453239344999929 ], [ 172.476338504000068, -33.525743692999988 ], [ 172.294000000000125, -33.564 ], [ 172.018, -33.833 ], [ 171.881, -34.214 ], [ 171.881741180000063, -34.218914348999931 ], [ 171.927, -34.519 ], [ 171.927, -34.525975587999937 ], [ 171.927, -35.086 ], [ 172.156, -35.425 ], [ 172.294000000000125, -35.912 ], [ 172.477, -36.58 ], [ 172.476474758000109, -36.585058310999955 ], [ 172.431, -37.023 ], [ 172.431348779000018, -37.026616690999958 ], [ 172.477, -37.5 ], [ 172.476358004000076, -37.50031837399996 ], [ 172.11, -37.682 ], [ 171.605, -37.719 ], [ 171.193, -37.682 ], [ 170.688000000000102, -37.719 ], [ 170.183000000000106, -37.5 ], [ 169.633, -37.17 ], [ 168.991, -36.913 ], [ 168.578, -36.802 ], [ 168.073, -36.654 ], [ 167.706, -36.506 ], [ 167.202000000000112, -36.247 ], [ 166.697000000000116, -35.949 ], [ 166.147, -38.336 ], [ 166.142456105000065, -38.338554600999949 ], [ 165.943423408000058, -38.450451802999964 ], [ 165.931867802000056, -38.462617315999978 ], [ 165.78, -38.552 ], [ 165.55, -38.875 ], [ 165.55, -39.34 ], [ 165.459, -39.802 ], [ 165.275, -40.154 ], [ 164.954, -40.4 ], [ 164.679000000000116, -40.505 ], [ 164.083, -40.645 ], [ 164.077527582000016, -40.643716685999948 ], [ 164.071963163000106, -40.645 ], [ 163.502884017000042, -40.511547603999929 ], [ 163.474963162000108, -40.505 ], [ 163.358875771000044, -40.40157668799997 ], [ 163.343389142000092, -40.387779509 ], [ 163.235688174000074, -40.291827736999949 ], [ 163.19996316300012, -40.26 ], [ 163.061963162000097, -39.943 ], [ 162.78696316200012, -39.518 ], [ 162.78696316200012, -39.406495264999933 ], [ 162.78696316200012, -39.233 ], [ 162.953785926000023, -38.876532069999939 ], [ 162.970963163000079, -38.84 ], [ 162.984745980000071, -38.731916596999952 ], [ 163.001862907000032, -38.598073794999948 ], [ 163.016963163000014, -38.48 ], [ 163.002967774000012, -38.358909456999974 ], [ 162.970963163000079, -38.082 ], [ 162.78696316200012, -37.937 ], [ 162.511963163000019, -37.792 ], [ 162.248144116000049, -37.73200376799997 ], [ 162.190963162000145, -37.719 ], [ 161.993233530000111, -37.631386142999922 ], [ 161.92411246000006, -37.600758646999964 ], [ 161.777963162000106, -37.536 ], [ 161.711078116000067, -37.450422189999976 ], [ 161.548963162000064, -37.243 ], [ 161.33, -36.986 ], [ 161.102396437000039, -36.582475779999989 ], [ 160.642, -36.358 ], [ 160.468267918000038, -36.217404827999928 ], [ 160.275, -36.061 ], [ 160.183000000000106, -35.65 ], [ 159.899896008000042, -35.272528009999974 ], [ 159.886765737000019, -35.255020981999969 ], [ 159.817000000000121, -35.162 ], [ 159.587000000000103, -34.671 ], [ 159.524346040000069, -34.609734818999982 ], [ 159.11560164900007, -34.111489807999931 ], [ 158.974757581000063, -33.944319745999962 ], [ 158.933963162000055, -33.909 ], [ 158.961841314000026, -33.886707219999948 ], [ 158.972878152000021, -33.886707220999938 ], [ 164.000198795000074, -29.866607485999964 ], [ 164.137299187000053, -29.730199353999978 ], [ 165.907983807000051, -28.225495643999977 ], [ 166.882, -27.3804 ], [ 166.922284000000104, -27.431837407999978 ], [ 167.201, -27.7882 ], [ 167.165, -28.8474 ], [ 167.625000000000114, -29.095 ], [ 167.519000000000119, -29.8345 ], [ 167.2643, -30.5185 ], [ 167.519000000000119, -30.9031 ] ] ] } },
{ "type": "Feature", "properties": { "ANCHOR": 0, "TIME": 600.0, "FILE1": "Global_EarthByte_GPlates_PresentDay_StaticPlatePolygons.gpmlz", "RECONFILE1": "Zahirovic_etal_2022_OptimisedMantleRef_and_NNRMantleRef.rot", "OBJECTID_1": "1065", "PLATEID1": 884, "FROMAGE": 600.0, "TOAGE": -999.0, "NAME": "Middle 1 (northern) Dampier Ridge, Tasman Sea", "PLATEID2": 0, "GPGIM_TYPE": "gpml:ClosedContinentalBoundary", "L_PLATE": 0, "R_PLATE": 0, "SPREAD_ASY": 0.0, "IMPORT_AGE": 0.0, "Shape_Leng": 7.4077881077700001, "Shape_Area": 2.6536052942400001, "FEATURE_ID": "GPlates-97fdf81c-f5cc-4265-bc46-22cdbd7f7b04" }, "geometry": { "type": "Polygon", "coordinates": [ [ [ 157.891, -30.513 ], [ 157.253445096000064, -30.868952097999969 ], [ 156.976501132000067, -31.030399233999951 ], [ 156.963992399000063, -31.032571290999957 ], [ 156.825121866000018, -31.10808844699994 ], [ 156.789000000000101, -30.953 ], [ 156.881, -30.636 ], [ 156.927, -30.119 ], [ 157.1, -29.741803278999953 ], [ 157.1, -29.636046409999949 ], [ 157.1, -29.618 ], [ 157.179, -29.503 ], [ 157.205904630000077, -29.489620399999982 ], [ 157.259434672000111, -29.361031929999971 ], [ 157.294, -29.278 ], [ 157.431, -28.916 ], [ 157.331750391000014, -28.652300307999951 ], [ 157.5934610380001, -28.628466909999933 ], [ 157.599054043000024, -28.633107019999958 ], [ 157.611709379000132, -28.622 ], [ 157.68, -28.622 ], [ 158.578, -28.529 ], [ 158.525, -28.692 ], [ 158.472, -28.901 ], [ 158.419, -29.087 ], [ 158.419, -29.272 ], [ 158.446, -29.434 ], [ 158.472, -29.526 ], [ 158.472, -29.664 ], [ 158.419, -29.803 ], [ 158.314, -29.986 ], [ 158.34, -30.101 ], [ 158.366, -30.193 ], [ 157.96267328600004, -30.431882628999976 ], [ 157.891, -30.513 ] ] ] } },
{ "type": "Feature", "properties": { "ANCHOR": 0, "TIME": 600.0, "FILE1": "Global_EarthByte_GPlates_PresentDay_StaticPlatePolygons.gpmlz", "RECONFILE1": "Zahirovic_etal_2022_OptimisedMantleRef_and_NNRMantleRef.rot", "OBJECTID_1": "1069", "PLATEID1": 233, "FROMAGE": 600.0, "TOAGE": -999.0, "NAME": "Florida", "PLATEID2": 0, "GPGIM_TYPE": "gpml:ClosedContinentalBoundary", "L_PLATE": 0, "R_PLATE": 0, "SPREAD_ASY": 0.0, "IMPORT_AGE": 0.0, "Shape_Leng": 24.696798038299999, "Shape_Area": 23.534035692300002, "FEATURE_ID": "GPlates-fef1b8d4-9a0b-449c-9472-7ce028603f8c" }, "geometry": { "type": "Polygon", "coordinates": [ [ [ -80.77900201999995, 26.937180087000065 ], [ -80.596690930999955, 26.90071794000005 ], [ -80.414379666999935, 26.90071794000005 ], [ -80.268530901999952, 26.864255616000037 ], [ -80.10445071099997, 26.918949013000031 ], [ -79.448130651999975, 26.918949013000031 ], [ -79.09224403099995, 27.008061163000036 ], [ -79.086382408999953, 26.833340574000033 ], [ -79.085858468999959, 26.817723208000075 ], [ -79.043245643999967, 26.693521663000073 ], [ -79.037417507999976, 26.663431580000065 ], [ -79.04472244599998, 26.646549041000071 ], [ -79.000333042999955, 26.645241866000049 ], [ -78.787394053999947, 26.460822286000052 ], [ -78.085437265999985, 26.589931488000047 ], [ -78.048834575999933, 26.596663731000035 ], [ -78.035659417999966, 26.581253397000069 ], [ -77.529801889999987, 25.989576773000067 ], [ -77.346161123999934, 25.796604395000031 ], [ -77.385993002999953, 25.777249336000068 ], [ -77.38773507999997, 25.777442901000029 ], [ -77.408560178999949, 25.779756806000023 ], [ -78.131818571999986, 25.860119039000043 ], [ -78.525448605999941, 25.75653208600005 ], [ -78.753339585999981, 25.052141369000026 ], [ -79.126252369999975, 24.327033402000044 ], [ -79.519882403999986, 23.705512212000031 ], [ -79.923836451999989, 23.335221046000072 ], [ -80.780868019999957, 23.735580654000046 ], [ -81.231018248999987, 23.909160725000049 ], [ -81.736938176999956, 24.265449559000047 ], [ -81.838020058999973, 24.21766462000005 ], [ -81.946220008999944, 24.272500700000023 ], [ -82.012619039999947, 24.27610061300004 ], [ -82.134903080999948, 24.295900490000069 ], [ -82.242401094999934, 24.301200765000033 ], [ -82.38791628599995, 24.29789963800005 ], [ -82.544502102999957, 24.319400759000075 ], [ -82.638588116999983, 24.343601727000078 ], [ -82.735092320999968, 24.338888606000069 ], [ -82.787498203, 24.369400636000023 ], [ -82.908394265999959, 24.349960468000063 ], [ -83.064102265999963, 24.358699608000059 ], [ -83.119003153999984, 24.360300728000027 ], [ -83.179924086999961, 24.35570150500007 ], [ -83.223320119999983, 24.349100487000044 ], [ -83.337318143999937, 24.314701765000052 ], [ -83.41262001299998, 24.299499697000044 ], [ -83.49642916199997, 24.288391812000043 ], [ -83.57952118999998, 24.289710744000047 ], [ -83.655121314999974, 24.307800724000067 ], [ -83.696518023999943, 24.328298828000072 ], [ -83.751922185999945, 24.37579981500005 ], [ -83.856521339, 24.543491751000033 ], [ -83.889900267999963, 24.584800520000044 ], [ -83.938103189999936, 24.600999777000027 ], [ -84.001221224999938, 24.600498622000032 ], [ -84.070022199999983, 24.616500631000065 ], [ -84.171020203999944, 24.648900735000041 ], [ -84.221718130999989, 24.683799729000043 ], [ -84.270218249999985, 24.729101848000028 ], [ -84.29526188799997, 24.762509376000025 ], [ -84.855937428999937, 24.835324381000078 ], [ -84.8896, 24.9806 ], [ -84.952, 25.4999 ], [ -84.9144, 25.8624 ], [ -84.989012757999944, 25.94907009200006 ], [ -84.989320882999962, 25.94872450400004 ], [ -85.332897862999971, 26.344596939000041 ], [ -85.5812, 26.8231 ], [ -85.8288, 27.0988 ], [ -86.128480490999948, 27.158123554000042 ], [ -86.277588029999947, 27.183819431000074 ], [ -86.338959603999967, 27.19468768400003 ], [ -86.9244, 27.261 ], [ -87.166046392999988, 27.295463257000051 ], [ -87.130074392999973, 27.302366974000051 ], [ -85.568246553999984, 27.602111711000077 ], [ -85.577140463999967, 27.608855491000043 ], [ -85.300318668999978, 27.775811411000063 ], [ -85.136238476999949, 27.903429102000075 ], [ -84.899233991999949, 28.031046969000045 ], [ -84.461687344999973, 28.176895911000031 ], [ -84.024140520999936, 28.286282528000072 ], [ -83.641287093999949, 28.377438249000079 ], [ -82.948504712, 28.413900396000034 ], [ -82.784424696999963, 28.340975925000066 ], [ -82.401571269999977, 28.103971440000066 ], [ -82.073411240999974, 27.958122499000069 ], [ -81.891100152999968, 27.775811411000063 ], [ -81.654095490999964, 27.575269072000026 ], [ -81.43532225499996, 27.411189057000058 ], [ -81.325935460999972, 27.320033513000059 ], [ -80.997775431999969, 27.083029028000052 ], [ -80.77900201999995, 26.937180087000065 ] ] ] } },
{ "type": "Feature", "properties": { "ANCHOR": 0, "TIME": 600.0, "FILE1": "Global_EarthByte_GPlates_PresentDay_StaticPlatePolygons.gpmlz", "RECONFILE1": "Zahirovic_etal_2022_OptimisedMantleRef_and_NNRMantleRef.rot", "OBJECTID_1": "1071", "PLATEID1": 107, "FROMAGE": 600.0, "TOAGE": -999.0, "NAME": "Baffin Island", "PLATEID2": 0, "GPGIM_TYPE": "gpml:ClosedContinentalBoundary", "L_PLATE": 0, "R_PLATE": 0, "SPREAD_ASY": 0.0, "IMPORT_AGE": 0.0, "Shape_Leng": 75.389242369100003, "Shape_Area": 226.40670008699999, "FEATURE_ID": "GPlates-df820c42-8453-496b-bb14-09870f33d0e6" }, "geometry": { "type": "Polygon", "coordinates": [ [ [ -76.406585207999967, 74.996231129000066 ], [ -76.3198, 74.7605 ], [ -76.069, 74.1931 ], [ -75.391922927999985, 73.438173624000058 ], [ -74.689515714999985, 73.126507685000036 ], [ -74.292844521999939, 72.963468892000037 ], [ -72.972481056999982, 72.579402038000069 ], [ -72.063067041999943, 72.405422295000051 ], [ -70.760860599999944, 72.156297543000036 ], [ -69.884355980999942, 71.93249116200009 ], [ -68.587929075999966, 71.596019017000074 ], [ -67.191021122999985, 71.180066707000037 ], [ -66.496403429999987, 70.940419759000065 ], [ -65.996243970999956, 70.834453772000074 ], [ -65.806444613999986, 70.666060358000038 ], [ -64.59666182999996, 70.156557665000037 ], [ -63.858275314999958, 69.639761149000023 ], [ -62.785711165999942, 68.831918505000033 ], [ -62.441170077999963, 68.533392159000073 ], [ -60.986892660999956, 67.446660093000077 ], [ -60.829032517999963, 67.217859343000043 ], [ -60.621682991999933, 66.917329225000074 ], [ -60.558359389999971, 66.816791088000059 ], [ -60.454799825999949, 66.650996984000074 ], [ -60.466677079999954, 66.435527120000074 ], [ -60.476957248999959, 66.184874421000075 ], [ -60.478817338999939, 65.964211607000038 ], [ -60.638144241999953, 65.743417002000044 ], [ -60.810540786999979, 65.49474114800006 ], [ -60.955861801999959, 65.286055577000084 ], [ -61.177533216999961, 64.698029380000037 ], [ -61.572041981999973, 64.216329746000042 ], [ -61.733719756999967, 63.880419983000088 ], [ -61.872847430999968, 63.575560935000055 ], [ -61.902967656, 63.431209659000061 ], [ -61.961254758999985, 63.151868530000058 ], [ -61.973168912999931, 63.094769907000057 ], [ -61.997896071999946, 62.976264922000041 ], [ -61.884192639999981, 62.766520319000058 ], [ -61.879096058999941, 62.757118841000072 ], [ -61.743132870999943, 62.480600946000038 ], [ -61.834558608999941, 62.381079582000034 ], [ -62.094196574999955, 62.098451024000042 ], [ -62.101834434999937, 62.080305850000059 ], [ -62.211142423999945, 61.820624147000039 ], [ -62.249195956999976, 61.730220816000035 ], [ -62.318865826999975, 61.564706925000053 ], [ -62.217451266999937, 61.294145542000088 ], [ -62.100096847999964, 60.954372652000082 ], [ -62.08431942, 60.91315311000006 ], [ -61.996700278999974, 60.684242489000034 ], [ -61.965050557999966, 60.597552013000048 ], [ -64.443637371999955, 60.900290475000084 ], [ -67.002394153999944, 60.954444057000046 ], [ -70.116225159999942, 61.699055820000055 ], [ -72.593751567999959, 62.673820308000082 ], [ -74.272512631999973, 63.161202553000059 ], [ -76.835500163999939, 63.788622577000069 ], [ -77.855956737999975, 63.971390919000044 ], [ -78.549517465999941, 64.184338601000036 ], [ -79.560384342999953, 65.213256672000057 ], [ -79.993613004999986, 66.964222513000067 ], [ -80.414713519999964, 69.054635420000068 ], [ -81.221940362999987, 69.511556274000057 ], [ -82.006321161999949, 69.686709268000072 ], [ -82.64601035799997, 69.717170659000033 ], [ -83.48369858999996, 69.778093439000031 ], [ -83.978696181999965, 69.823785525000048 ], [ -84.603154682999957, 69.915169695000031 ], [ -85.044844840999986, 69.869477610000047 ], [ -85.661687993999976, 69.740016701000073 ], [ -86.895186266999985, 69.708484566000038 ], [ -89.291315160999943, 70.43588083700007 ], [ -90.874471752, 71.762309332000015 ], [ -90.104287464, 73.217101875000083 ], [ -89.206786908999959, 74.174435801000072 ], [ -79.186333099999956, 74.153427702000059 ], [ -77.837219179999977, 75.270660647000057 ], [ -77.723385467999947, 75.374146898000049 ], [ -76.406585207999967, 74.996231129000066 ] ] ] } },
{ "type": "Feature", "properties": { "ANCHOR": 0, "TIME": 600.0, "FILE1": "Global_EarthByte_GPlates_PresentDay_StaticPlatePolygons.gpmlz", "RECONFILE1": "Zahirovic_etal_2022_OptimisedMantleRef_and_NNRMantleRef.rot", "OBJECTID_1": "1072", "PLATEID1": 124, "FROMAGE": 600.0, "TOAGE": -999.0, "NAME": "North Ellesmere Island (Pearya)", "PLATEID2": 0, "GPGIM_TYPE": "gpml:ClosedContinentalBoundary", "L_PLATE": 0, "R_PLATE": 0, "SPREAD_ASY": 0.0, "IMPORT_AGE": 0.0, "Shape_Leng": 105.448039868, "Shape_Area": 73.425491003900007, "FEATURE_ID": "GPlates-1d7f0b00-ed88-4cd8-975f-a0d758a2462e" }, "geometry": { "type": "Polygon", "coordinates": [ [ [ -41.544876251999924, 84.140428325000059 ], [ -46.962624353999956, 83.845639945000102 ], [ -46.957780051, 83.856192258000064 ], [ -55.948912233, 83.249672049000068 ], [ -55.904111223999948, 83.244840869000015 ], [ -63.308472257999938, 82.765283807000074 ], [ -63.26397828599994, 82.747796176000051 ], [ -63.30038021699994, 82.743751517000078 ], [ -63.544547297999941, 82.778020581000092 ], [ -64.071434157999988, 82.722333352000078 ], [ -67.755358543999932, 82.538137132 ], [ -73.236504955999976, 82.209963248000093 ], [ -73.815462998999976, 82.161037216000054 ], [ -79.724781082999982, 81.66165822300006 ], [ -84.054582134999976, 81.130785205000052 ], [ -84.199154748999945, 81.079381609000038 ], [ -85.137270376999936, 81.037616187000069 ], [ -85.789453501999958, 80.995850765000043 ], [ -86.772547276999944, 80.658514666000031 ], [ -86.958522584999969, 80.493292957000051 ], [ -87.351133649999952, 80.23452657200005 ], [ -87.624176800999976, 80.145296785000099 ], [ -87.65535645999995, 80.141467543000047 ], [ -88.008243462999985, 80.098128725000038 ], [ -88.657008782999981, 80.06018236400007 ], [ -89.303176464, 80.059558991000074 ], [ -89.328573579999954, 80.055059290000045 ], [ -89.587098081999955, 80.193972412000051 ], [ -90.250889363999988, 80.550647770000054 ], [ -91.711985201999937, 81.270185478000016 ], [ -92.974832718999949, 82.413648648000034 ], [ -92.946667602, 82.416778105000049 ], [ -93.465526952999937, 82.904261076000083 ], [ -85.011419696999951, 83.510468252000067 ], [ -82.152357515999938, 83.720849759000075 ], [ -78.947606288999964, 83.792952213000049 ], [ -70.793371070999981, 83.976411185000103 ], [ -67.856307293999976, 84.005509124000099 ], [ -65.715002560999949, 84.026723356000048 ], [ -63.75429798499993, 84.046148355000071 ], [ -48.391637040999953, 84.108760253000085 ], [ -46.824277146, 84.147000767000051 ], [ -46.816000215999964, 84.165030349000077 ], [ -41.838625349, 84.284379223 ], [ -41.544876251999924, 84.140428325000059 ] ] ] } },
{ "type": "Feature", "properties": { "ANCHOR": 0, "TIME": 600.0, "FILE1": "Global_EarthByte_GPlates_PresentDay_StaticPlatePolygons.gpmlz", "RECONFILE1": "Zahirovic_etal_2022_OptimisedMantleRef_and_NNRMantleRef.rot", "OBJECTID_1": "1073", "PLATEID1": 121, "FROMAGE": 600.0, "TOAGE": -999.0, "NAME": "South Ellesmere Island", "PLATEID2": 0, "GPGIM_TYPE": "gpml:ClosedContinentalBoundary", "L_PLATE": 0, "R_PLATE": 0, "SPREAD_ASY": 0.0, "IMPORT_AGE": 0.0, "Shape_Leng": 77.630096143299994, "Shape_Area": 87.699664799299995, "FEATURE_ID": "GPlates-bba9ed41-5600-4ada-b512-31029d294525" }, "geometry": { "type": "Polygon", "coordinates": [ [ [ -74.871226105999938, 77.689723585000067 ], [ -75.472838540999987, 76.973880940000086 ], [ -75.818293763999975, 76.222007809000047 ], [ -75.446081008999954, 76.129028928000082 ], [ -75.333503378999978, 76.023413757000071 ], [ -76.460551230999954, 75.142816841000055 ], [ -76.406585207999967, 74.996231129000066 ], [ -77.723385467999947, 75.374146898000049 ], [ -77.837219179999977, 75.270660647000057 ], [ -79.186333099999956, 74.153427702000059 ], [ -89.206786908999959, 74.174435801000072 ], [ -95.597397132999959, 74.186904637000055 ], [ -103.387405174999969, 74.238349706000065 ], [ -105.491981045999978, 74.184173534000095 ], [ -106.256201067999939, 74.154925572000082 ], [ -104.72899517999997, 74.881729254000049 ], [ -104.229495762999989, 75.02334150500009 ], [ -103.804777186999971, 75.076028839000045 ], [ -101.666034, 75.303687006000075 ], [ -99.990426056, 75.544461451000075 ], [ -97.606632646999969, 75.83956657100002 ], [ -94.146500829999979, 76.27114497000008 ], [ -91.08087523599994, 76.659076579000029 ], [ -90.576323622999951, 76.717872982000074 ], [ -89.512417804999984, 76.836280572000078 ], [ -87.390402905999963, 77.049940441000061 ], [ -87.343664304999947, 77.047498067000063 ], [ -86.182837851999977, 77.160552342000088 ], [ -86.043574957999965, 77.178605981000047 ], [ -85.912179138999988, 77.198865461000082 ], [ -85.77984218499995, 77.224651017000056 ], [ -85.620176584999967, 77.25346771500007 ], [ -85.562285622, 77.267041420000041 ], [ -85.443200297999965, 77.303240212000048 ], [ -85.145642900999974, 77.386924726000075 ], [ -85.089366060999978, 77.443474947000084 ], [ -84.872125833999974, 77.437758099000064 ], [ -84.340955340999983, 77.50629622700005 ], [ -83.701266144999977, 77.757602697000038 ], [ -82.874366321999958, 78.324628784000083 ], [ -81.960524613999951, 78.649550281000074 ], [ -81.107605685999943, 79.004933167000047 ], [ -78.944846976999941, 79.360316054000066 ], [ -77.62485339899996, 79.47200781800008 ], [ -77.320239495999942, 79.553238192000023 ], [ -76.06116869799996, 79.614160972000036 ], [ -75.154731482999978, 79.801699707000068 ], [ -74.88332827399995, 79.857852095000055 ], [ -73.867948597999941, 79.939082469000084 ], [ -72.27380250799996, 80.000005249000097 ], [ -70.913193741999976, 80.040620436000026 ], [ -70.375677125999971, 80.05077423300007 ], [ -69.529493480999975, 80.049742302000084 ], [ -69.896515221999948, 79.958709832000082 ], [ -70.56366067099998, 79.676914090000068 ], [ -73.969731942999942, 78.238222749000059 ], [ -74.615577856999948, 77.96542267600006 ], [ -74.871226105999938, 77.689723585000067 ] ] ] } },
{ "type": "Feature", "properties": { "ANCHOR": 0, "TIME": 600.0, "FILE1": "Global_EarthByte_GPlates_PresentDay_StaticPlatePolygons.gpmlz", "RECONFILE1": "Zahirovic_etal_2022_OptimisedMantleRef_and_NNRMantleRef.rot", "OBJECTID_1": "1074", "PLATEID1": 122, "FROMAGE": 600.0, "TOAGE": -999.0, "NAME": "South-Central Ellesmere Island", "PLATEID2": 0, "GPGIM_TYPE": "gpml:ClosedContinentalBoundary", "L_PLATE": 0, "R_PLATE": 0, "SPREAD_ASY": 0.0, "IMPORT_AGE": 0.0, "Shape_Leng": 51.674737653400001, "Shape_Area": 21.977950496199998, "FEATURE_ID": "GPlates-f90e0386-66b2-493a-ade7-d1cbb79ad238" }, "geometry": { "type": "Polygon", "coordinates": [ [ [ -69.529493480999975, 80.049742302000084 ], [ -70.375677125999971, 80.05077423300007 ], [ -70.913193741999976, 80.040620436000026 ], [ -72.27380250799996, 80.000005249000097 ], [ -73.867948597999941, 79.939082469000084 ], [ -74.88332827399995, 79.857852095000055 ], [ -75.154731482999978, 79.801699707000068 ], [ -76.06116869799996, 79.614160972000036 ], [ -77.320239495999942, 79.553238192000023 ], [ -77.62485339899996, 79.47200781800008 ], [ -78.944846976999941, 79.360316054000066 ], [ -81.107605685999943, 79.004933167000047 ], [ -81.960524613999951, 78.649550281000074 ], [ -82.874366321999958, 78.324628784000083 ], [ -83.701266144999977, 77.757602697000038 ], [ -84.340955340999983, 77.50629622700005 ], [ -84.872125833999974, 77.437758099000064 ], [ -85.089366060999978, 77.443474947000084 ], [ -85.145642900999974, 77.386924726000075 ], [ -85.443200297999965, 77.303240212000048 ], [ -85.562285622, 77.267041420000041 ], [ -85.620176584999967, 77.25346771500007 ], [ -85.77984218499995, 77.224651017000056 ], [ -85.912179138999988, 77.198865461000082 ], [ -86.043574957999965, 77.178605981000047 ], [ -86.182837851999977, 77.160552342000088 ], [ -87.343664304999947, 77.047498067000063 ], [ -87.390402905999963, 77.049940441000061 ], [ -87.406222229999969, 77.104689248000071 ], [ -87.464163490999965, 77.335425995000065 ], [ -87.546695325999963, 77.872138801000077 ], [ -87.636497000999952, 77.981091994000053 ], [ -86.427066986999989, 77.96304080000003 ], [ -86.300506656999971, 77.914129478000049 ], [ -86.15510917499995, 77.996593722000057 ], [ -86.07800378099995, 78.086550015000043 ], [ -85.538266021999959, 78.475289710000084 ], [ -84.735084833999977, 78.828689433000093 ], [ -84.638703090999968, 78.880093029000079 ], [ -84.702957585999968, 79.031091093000043 ], [ -83.854203301999988, 79.400613934000035 ], [ -83.25259084399994, 79.773765965000067 ], [ -83.242267779999963, 80.021519493000085 ], [ -83.237360148999983, 80.139302648000054 ], [ -83.145975977999967, 80.322070990000071 ], [ -82.384441220999975, 80.32968633800003 ], [ -79.338302193999937, 80.211648450000041 ], [ -69.519580729999973, 80.983337004000077 ], [ -65.072217750999982, 81.450411655000025 ], [ -64.248490988999947, 81.598593626000095 ], [ -63.129853675999989, 81.688240519000018 ], [ -63.683750118999974, 81.561172650000074 ], [ -65.673050177999983, 80.979919775000042 ], [ -65.975852943999939, 80.910041615000054 ], [ -68.00273118299998, 80.428413776000099 ], [ -69.529493480999975, 80.049742302000084 ] ] ] } },
{ "type": "Feature", "properties": { "ANCHOR": 0, "TIME": 600.0, "FILE1": "Global_EarthByte_GPlates_PresentDay_StaticPlatePolygons.gpmlz", "RECONFILE1": "Zahirovic_etal_2022_OptimisedMantleRef_and_NNRMantleRef.rot", "OBJECTID_1": "1075", "PLATEID1": 123, "FROMAGE": 600.0, "TOAGE": -999.0, "NAME": "North-Central Ellesmere Island", "PLATEID2": 0, "GPGIM_TYPE": "gpml:ClosedContinentalBoundary", "L_PLATE": 0, "R_PLATE": 0, "SPREAD_ASY": 0.0, "IMPORT_AGE": 0.0, "Shape_Leng": 101.628069774, "Shape_Area": 48.284981747700002, "FEATURE_ID": "GPlates-61b3a38b-c6a4-4a18-a406-bf58d3f0d964" }, "geometry": { "type": "Polygon", "coordinates": [ [ [ -41.544876251999924, 84.140428325000059 ], [ -40.928120389999954, 83.838188892000076 ], [ -47.109258338999943, 83.526228088000025 ], [ -51.785447392999941, 83.210082563000057 ], [ -57.847701171999979, 82.60905340300009 ], [ -58.008089398999964, 82.560239595000056 ], [ -61.048858130999982, 82.165636019000019 ], [ -62.373893591999952, 81.861663255000067 ], [ -62.937729215999987, 81.732315266000043 ], [ -63.129853675999989, 81.688240519000018 ], [ -64.248490988999947, 81.598593626000095 ], [ -65.072217750999982, 81.450411655000025 ], [ -69.519580729999973, 80.983337004000077 ], [ -79.338302193999937, 80.211648450000041 ], [ -82.384441220999975, 80.32968633800003 ], [ -83.145975977999967, 80.322070990000071 ], [ -83.237360148999983, 80.139302648000054 ], [ -83.242267779999963, 80.021519493000085 ], [ -83.25259084399994, 79.773765965000067 ], [ -83.854203301999988, 79.400613934000035 ], [ -84.702957585999968, 79.031091093000043 ], [ -84.638703090999968, 78.880093029000079 ], [ -84.735084833999977, 78.828689433000093 ], [ -85.538266021999959, 78.475289710000084 ], [ -86.07800378099995, 78.086550015000043 ], [ -86.15510917499995, 77.996593722000057 ], [ -86.300506656999971, 77.914129478000049 ], [ -86.427066986999989, 77.96304080000003 ], [ -87.636497000999952, 77.981091994000053 ], [ -88.470146396999951, 77.914400042000068 ], [ -87.778130125999951, 78.351778292000077 ], [ -87.509268627999973, 78.504795929000082 ], [ -87.531076068999937, 78.684258277000083 ], [ -87.574768854999945, 78.887077860000048 ], [ -87.657826572, 79.077439182000035 ], [ -87.692288175999977, 79.126667211000026 ], [ -87.789578940999945, 79.259618651000025 ], [ -87.846703113999979, 79.313989289000062 ], [ -87.958070186999976, 79.411160453000065 ], [ -87.994919148999941, 79.435635221000069 ], [ -88.213330055999961, 79.54718376700005 ], [ -88.240715869999988, 79.555353209000018 ], [ -88.496909005999953, 79.608180478000051 ], [ -89.328573579999954, 80.055059290000045 ], [ -89.303176464, 80.059558991000074 ], [ -88.657008782999981, 80.06018236400007 ], [ -88.008243462999985, 80.098128725000038 ], [ -87.65535645999995, 80.141467543000047 ], [ -87.624176800999976, 80.145296785000099 ], [ -87.351133649999952, 80.23452657200005 ], [ -86.958522584999969, 80.493292957000051 ], [ -86.772547276999944, 80.658514666000031 ], [ -85.789453501999958, 80.995850765000043 ], [ -85.137270376999936, 81.037616187000069 ], [ -84.199154748999945, 81.079381609000038 ], [ -84.054582134999976, 81.130785205000052 ], [ -79.724781082999982, 81.66165822300006 ], [ -73.815462998999976, 82.161037216000054 ], [ -73.236504955999976, 82.209963248000093 ], [ -67.755358543999932, 82.538137132 ], [ -64.071434157999988, 82.722333352000078 ], [ -63.544547297999941, 82.778020581000092 ], [ -63.30038021699994, 82.743751517000078 ], [ -63.26397828599994, 82.747796176000051 ], [ -63.308472257999938, 82.765283807000074 ], [ -55.904111223999948, 83.244840869000015 ], [ -55.948912233, 83.249672049000068 ], [ -46.957780051, 83.856192258000064 ], [ -46.962624353999956, 83.845639945000102 ], [ -41.544876251999924, 84.140428325000059 ] ] ] } },
{ "type": "Feature", "properties": { "ANCHOR": 0, "TIME": 600.0, "FILE1": "Global_EarthByte_GPlates_PresentDay_StaticPlatePolygons.gpmlz", "RECONFILE1": "Zahirovic_etal_2022_OptimisedMantleRef_and_NNRMantleRef.rot", "OBJECTID_1": "1076", "PLATEID1": 103, "FROMAGE": 600.0, "TOAGE": -999.0, "NAME": "North Slope Alaska", "PLATEID2": 0, "GPGIM_TYPE": "gpml:ClosedContinentalBoundary", "L_PLATE": 0, "R_PLATE": 0, "SPREAD_ASY": 0.0, "IMPORT_AGE": 0.0, "Shape_Leng": 62.298609469200002, "Shape_Area": 48.479573203699999, "FEATURE_ID": "GPlates-470009ec-4ed1-4565-abba-de26a1661f5a" }, "geometry": { "type": "Polygon", "coordinates": [ [ [ -137.314843555999971, 69.006716233000077 ], [ -137.079500197999948, 68.815999985000076 ], [ -137.079500197999948, 68.596601486000054 ], [ -137.148899077999943, 68.358102798000061 ], [ -137.681400298999989, 67.980100632000088 ], [ -138.777299880999976, 67.685102463000078 ], [ -139.536100387999966, 67.663999557000082 ], [ -140.091141415999971, 67.507591452000042 ], [ -142.086230232, 67.29086148100005 ], [ -144.264235577999983, 67.308388042000047 ], [ -145.088519991999959, 67.290209688000061 ], [ -144.954901543999966, 67.432738017000077 ], [ -144.311752441999971, 67.685303779000037 ], [ -144.134418113999971, 67.753407095000057 ], [ -143.986107393999987, 68.103322894000044 ], [ -144.052191130999972, 68.206652145000078 ], [ -144.299940159999977, 68.25319425400005 ], [ -145.315647049999967, 68.143182772000046 ], [ -145.57223086099998, 68.110172462000051 ], [ -145.66676684899997, 68.201092980000041 ], [ -146.73979356199996, 68.232825370000057 ], [ -148.109104185999968, 68.042406446000015 ], [ -148.697615796999969, 67.925094924000064 ], [ -149.573468541999972, 67.793816494000055 ], [ -150.905810877999983, 67.60530133900005 ], [ -153.059718918999977, 67.609356321000078 ], [ -155.086649895999983, 67.424991033000083 ], [ -156.271446380999976, 67.560358449000049 ], [ -157.919549088999958, 67.56196662800005 ], [ -158.673100632999962, 67.665280074000066 ], [ -159.106625915999984, 67.607973462000089 ], [ -159.163345042999964, 67.480925012000057 ], [ -159.595580959999978, 67.379219093000074 ], [ -160.062021163999958, 67.216555506000077 ], [ -160.234209331999978, 66.968181177000076 ], [ -161.143048904999972, 66.909268268000062 ], [ -163.176986205999981, 66.999620743000051 ], [ -163.703023917999985, 67.145099215000059 ], [ -164.134675711999961, 67.493037032000089 ], [ -164.256693866, 67.505089849000058 ], [ -164.261772151999963, 67.550298265000038 ], [ -164.972518690999976, 67.82911003200006 ], [ -165.71029603, 68.01287528400006 ], [ -165.659387907999985, 68.497090136000054 ], [ -165.889021171999985, 68.687447691000045 ], [ -165.712099074999969, 68.745302200000083 ], [ -163.066398620999962, 69.158700943000042 ], [ -159.13339996299996, 69.441701889000058 ], [ -153.65309905999996, 69.124399185000087 ], [ -150.270599364999981, 68.993200302000076 ], [ -147.932800292999957, 69.34230232200008 ], [ -146.146099091, 69.695802689000075 ], [ -140.703300475999981, 69.466901779000068 ], [ -137.314843555999971, 69.006716233000077 ] ] ] } },
{ "type": "Feature", "properties": { "ANCHOR": 0, "TIME": 600.0, "FILE1": "Global_EarthByte_GPlates_PresentDay_StaticPlatePolygons.gpmlz", "RECONFILE1": "Zahirovic_etal_2022_OptimisedMantleRef_and_NNRMantleRef.rot", "OBJECTID_1": "1086", "PLATEID1": 889, "FROMAGE": 600.0, "TOAGE": -999.0, "NAME": "Mellish Rise", "PLATEID2": 0, "GPGIM_TYPE": "gpml:ClosedContinentalBoundary", "L_PLATE": 0, "R_PLATE": 0, "SPREAD_ASY": 0.0, "IMPORT_AGE": 0.0, "Shape_Leng": 13.370605213799999, "Shape_Area": 7.3242348285599999, "FEATURE_ID": "GPlates-6944ce42-907c-4d75-9671-86df6fad01a6" }, "geometry": { "type": "Polygon", "coordinates": [ [ [ 159.18, -12.245 ], [ 159.334, -12.366 ], [ 159.426, -12.623 ], [ 159.488, -12.82 ], [ 159.519000000000119, -13.137 ], [ 159.473, -13.378 ], [ 159.46153141800005, -13.425826425999961 ], [ 159.426, -13.574 ], [ 159.349, -13.74 ], [ 159.272, -13.92 ], [ 159.103, -14.386 ], [ 159.088, -14.566 ], [ 159.072000000000116, -14.82 ], [ 159.011, -15.06 ], [ 158.98, -15.299 ], [ 158.934, -15.493 ], [ 158.872, -15.732 ], [ 158.703, -15.911 ], [ 158.595, -16.104 ], [ 158.457000000000107, -16.253 ], [ 158.379, -16.533 ], [ 158.242, -16.606 ], [ 157.939, -16.811 ], [ 157.758, -16.913 ], [ 157.394000000000119, -17.059 ], [ 157.212000000000103, -17.073 ], [ 156.909000000000106, -17.161 ], [ 156.712000000000103, -17.19 ], [ 156.5150000000001, -17.19 ], [ 156.32146005900006, -17.180364391999941 ], [ 156.290963163000015, -17.158 ], [ 156.221236923000106, -17.10412063299998 ], [ 156.136963162000029, -17.039 ], [ 156.074963162000017, -16.921 ], [ 156.090963162000094, -16.787 ], [ 156.10596316200008, -16.535 ], [ 156.182963162000107, -16.268 ], [ 156.413963162000073, -15.553 ], [ 156.567963163000059, -15.359 ], [ 156.736963162000052, -15.284 ], [ 156.859963162000099, -15.239 ], [ 157.075963162000107, -15.179 ], [ 157.383963163000089, -15.06 ], [ 157.52196316200002, -14.895 ], [ 157.62996316300007, -14.686 ], [ 157.737963163000018, -14.551 ], [ 157.788484839000034, -14.489388198999961 ], [ 157.835131759000092, -14.463334455999929 ], [ 158.104557251000074, -14.07775189299997 ], [ 158.331386097000063, -13.753130615999966 ], [ 158.387949558000059, -13.634258582999962 ], [ 158.445909215000029, -13.512452345999977 ], [ 158.533760108000024, -13.327827606999961 ], [ 158.649722946000111, -13.084123666999972 ], [ 158.676624103000108, -13.027589020999928 ], [ 158.70223415800001, -12.97376771699993 ], [ 158.734380919000046, -12.906209069999932 ], [ 158.790403003000051, -12.788474777999966 ], [ 158.814364417000093, -12.66312350999994 ], [ 158.828987355000095, -12.586625357999935 ], [ 158.853775101000139, -12.456951225999944 ], [ 158.879703009000082, -12.321312473999969 ], [ 158.887378949000095, -12.294286663999969 ], [ 158.868689188000104, -12.267336972999942 ], [ 158.861115647000048, -12.274842620999948 ], [ 158.863977677000094, -12.260543211999959 ], [ 158.863983695000115, -12.260513146999928 ], [ 158.866709015000083, -12.246896776999961 ], [ 158.891116823000061, -12.259750686999951 ], [ 159.011, -12.185 ], [ 159.18, -12.245 ] ] ] } },
{ "type": "Feature", "properties": { "ANCHOR": 0, "TIME": 600.0, "FILE1": "Global_EarthByte_GPlates_PresentDay_StaticPlatePolygons.gpmlz", "RECONFILE1": "Zahirovic_etal_2022_OptimisedMantleRef_and_NNRMantleRef.rot", "OBJECTID_1": "1088", "PLATEID1": 836, "FROMAGE": 600.0, "TOAGE": -999.0, "NAME": "Southern Papua New Guinea Plateau", "PLATEID2": 0, "GPGIM_TYPE": "gpml:ClosedContinentalBoundary", "L_PLATE": 0, "R_PLATE": 0, "SPREAD_ASY": 0.0, "IMPORT_AGE": 0.0, "Shape_Leng": 11.918235504, "Shape_Area": 4.9555797377799999, "FEATURE_ID": "GPlates-9a43d935-d2e7-4b43-bea9-8403a4deedd6" }, "geometry": { "type": "Polygon", "coordinates": [ [ [ 152.527839463000078, -10.546766372999969 ], [ 153.129710247000048, -10.953099357999974 ], [ 153.678094563000059, -11.074297305999949 ], [ 153.943645511000113, -11.13766850899998 ], [ 154.215070346000061, -11.200063264999926 ], [ 154.244246994000036, -11.206770350999932 ], [ 154.457815565000033, -11.377748595999947 ], [ 154.462164329000075, -11.38594612299994 ], [ 155.290404289000094, -12.053136445999939 ], [ 155.296913256000039, -12.049511532999929 ], [ 155.301441127000089, -12.053136445999939 ], [ 155.255000000000109, -12.079 ], [ 155.07, -12.17 ], [ 154.993, -12.291 ], [ 154.947000000000116, -12.412 ], [ 154.901, -12.518 ], [ 154.839, -12.623 ], [ 154.814291284000092, -12.78525389999993 ], [ 154.463973377000116, -12.501244415999963 ], [ 154.079107720000053, -12.17671712799995 ], [ 153.959853912000085, -12.164003242999968 ], [ 153.93377659500004, -12.154649546999964 ], [ 153.933750993000103, -12.150269920999961 ], [ 152.17719355700001, -11.869438435999939 ], [ 150.940528639000036, -11.63528979299997 ], [ 150.361983843000075, -11.578069898999956 ], [ 150.3900000000001, -11.444 ], [ 150.442468717000111, -11.089568557999939 ], [ 150.506886525000027, -10.618793356999959 ], [ 151.064822073000073, -10.713583950999976 ], [ 151.4581, -10.7804 ], [ 152.527839463000078, -10.546766372999969 ] ] ] } },
{ "type": "Feature", "properties": { "ANCHOR": 0, "TIME": 600.0, "FILE1": "Global_EarthByte_GPlates_PresentDay_StaticPlatePolygons.gpmlz", "RECONFILE1": "Zahirovic_etal_2022_OptimisedMantleRef_and_NNRMantleRef.rot", "OBJECTID_1": "1089", "PLATEID1": 836, "FROMAGE": 600.0, "TOAGE": -999.0, "NAME": "Louisiade Plateau", "PLATEID2": 0, "GPGIM_TYPE": "gpml:ClosedContinentalBoundary", "L_PLATE": 0, "R_PLATE": 0, "SPREAD_ASY": 0.0, "IMPORT_AGE": 0.0, "Shape_Leng": 13.5298381957, "Shape_Area": 9.5678099300599992, "FEATURE_ID": "GPlates-a32b32a0-03b3-4d84-a3f6-a4734e0a11d2" }, "geometry": { "type": "Polygon", "coordinates": [ [ [ 157.68083794100005, -10.119603822999977 ], [ 157.906963162000011, -10.194 ], [ 157.914108440000064, -10.192719659999966 ], [ 157.91800000000012, -10.194 ], [ 158.026, -10.529 ], [ 158.026, -10.773 ], [ 157.995000000000118, -11.229 ], [ 158.21, -11.335 ], [ 158.503, -11.396 ], [ 158.611000000000132, -11.472 ], [ 158.857, -11.578 ], [ 158.965, -11.821 ], [ 158.98, -12.094 ], [ 158.893471396000109, -12.211000739999974 ], [ 158.891573567000023, -12.213339739999981 ], [ 158.866709015000083, -12.246896776999961 ], [ 158.859854721000033, -12.254390094999962 ], [ 158.859772666000026, -12.254479799999956 ], [ 158.863977677000094, -12.260543211999959 ], [ 158.861115647000048, -12.274842620999948 ], [ 158.868689188000104, -12.267336972999942 ], [ 158.86108389900005, -12.275001242999963 ], [ 158.843023747000075, -12.291974441999972 ], [ 158.815241694000065, -12.318084425999928 ], [ 158.8065, -12.3263 ], [ 158.79766379900002, -12.355686551999952 ], [ 158.780076221000058, -12.414177553999934 ], [ 158.767200000000116, -12.457 ], [ 158.753891159000091, -12.481629858999952 ], [ 158.735696859000086, -12.515300939999975 ], [ 158.719910183000025, -12.544516377999969 ], [ 158.708052542000019, -12.566460590999952 ], [ 158.694063501000073, -12.592349255999977 ], [ 158.668662006000091, -12.639358251999965 ], [ 158.646743631000049, -12.679921251999929 ], [ 158.642, -12.6887 ], [ 158.626123145000065, -12.728392137999947 ], [ 158.6016, -12.7897 ], [ 158.5846, -12.8596 ], [ 158.574416165000116, -12.88476296999994 ], [ 158.564, -12.9105 ], [ 158.523, -12.922 ], [ 158.509861608000051, -12.92810819999994 ], [ 158.466000000000122, -12.9485 ], [ 158.422, -12.9689 ], [ 158.365333548000081, -13.000483492999933 ], [ 158.322000000000116, -13.0235 ], [ 158.291, -13.0446 ], [ 158.261, -13.0618 ], [ 158.22, -13.0801 ], [ 158.198, -13.0903 ], [ 158.15400000000011, -13.1029 ], [ 158.119, -13.0957 ], [ 158.064329769000096, -13.02663327399995 ], [ 158.064353925000091, -13.026612997999962 ], [ 158.059, -13.0199 ], [ 158.041307428000096, -13.008440038999936 ], [ 158.0150000000001, -12.9914 ], [ 157.998, -12.9781 ], [ 157.989067590000104, -12.968818060999979 ], [ 157.975, -12.9542 ], [ 157.963220721000113, -12.944462461999933 ], [ 157.96, -12.9418 ], [ 157.941104842000072, -12.930462904999956 ], [ 157.848122917000069, -13.014567982999949 ], [ 157.864234347000092, -13.022451726999975 ], [ 157.864237048000064, -13.02244959899997 ], [ 157.878, -13.0292 ], [ 157.905000000000115, -13.0424 ], [ 157.927, -13.0536 ], [ 157.942000000000121, -13.0709 ], [ 157.953010283000026, -13.086314395999979 ], [ 157.964, -13.1017 ], [ 157.968084202000114, -13.107417882999925 ], [ 157.979, -13.1424 ], [ 157.984, -13.1637 ], [ 157.983558115000051, -13.168229318999977 ], [ 157.985, -13.1764 ], [ 157.982, -13.1842 ], [ 157.973, -13.1942 ], [ 157.956, -13.2023 ], [ 157.93, -13.2057 ], [ 157.913201216000061, -13.204972052999949 ], [ 157.9, -13.2044 ], [ 157.876, -13.198 ], [ 157.865339343000073, -13.193657731999963 ], [ 157.865469511000015, -13.19354847499995 ], [ 157.854, -13.1887 ], [ 157.852346581000148, -13.18836555799993 ], [ 157.835, -13.1813 ], [ 157.81, -13.1798 ], [ 157.774000000000115, -13.1834 ], [ 157.759047527000121, -13.188318576999961 ], [ 157.726001935000113, -13.199437776999957 ], [ 157.71, -13.2051 ], [ 157.631, -13.2535 ], [ 157.564, -13.2996 ], [ 157.534603711000045, -13.324826117999978 ], [ 157.521, -13.3365 ], [ 157.510629833000053, -13.347647929999937 ], [ 157.485, -13.3752 ], [ 157.450626217000035, -13.400913468999931 ], [ 157.438399393000054, -13.414479465999932 ], [ 157.436845143000028, -13.41584120899995 ], [ 157.414000000000101, -13.4399 ], [ 157.402959431000113, -13.453801079999948 ], [ 157.119682125000054, -13.985516468999947 ], [ 157.095976492000091, -14.029908120999949 ], [ 156.637107972000081, -14.142265714999951 ], [ 156.474621515000081, -14.182051811999941 ], [ 156.518664881000092, -14.169997558999968 ], [ 156.510891597000068, -14.171817567999938 ], [ 156.44, -14.191 ], [ 156.438841892000028, -14.190733634999958 ], [ 156.324961134000091, -14.218697341999928 ], [ 156.244042742000033, -14.179456778999963 ], [ 156.243917031000024, -14.179547133999961 ], [ 156.120721568000022, -14.120034746999977 ], [ 156.025, -14.1 ], [ 155.855, -14.04 ], [ 155.763, -14.01 ], [ 155.609, -13.98 ], [ 155.486000000000104, -13.935 ], [ 155.453544747000024, -13.894430933999956 ], [ 155.461, -13.8798 ], [ 155.453, -13.841 ], [ 155.453, -13.8206 ], [ 155.452921056000037, -13.819801389999954 ], [ 155.446224073000053, -13.816957351999974 ], [ 155.334994123000115, -13.664150545999973 ], [ 155.330031717000111, -13.657333231999928 ], [ 155.329175663000115, -13.654433695999955 ], [ 155.301, -13.559 ], [ 155.193, -13.469 ], [ 155.009, -13.378 ], [ 154.855, -13.258 ], [ 154.79300000000012, -13.137 ], [ 154.79300000000012, -12.986 ], [ 154.803154324000047, -12.88064889299995 ], [ 154.80116230100009, -12.886315378999939 ], [ 154.819380151000018, -12.789379542999939 ], [ 154.814291284000092, -12.78525389999993 ], [ 154.839, -12.623 ], [ 154.901, -12.518 ], [ 154.947000000000116, -12.412 ], [ 154.993, -12.291 ], [ 155.07, -12.17 ], [ 155.255000000000109, -12.079 ], [ 155.301441127000089, -12.053136445999939 ], [ 155.296913256000039, -12.049511532999929 ], [ 155.489963163000084, -11.942 ], [ 155.510378072000094, -11.935815153999954 ], [ 155.689963162000026, -11.882 ], [ 155.81396316200005, -11.806 ], [ 156.074963162000017, -11.624 ], [ 156.182963162000107, -11.502 ], [ 156.274963163000052, -11.381 ], [ 156.336963163000064, -11.244 ], [ 156.413963162000073, -11.123 ], [ 156.53696316200012, -11.031 ], [ 156.659963163000043, -10.925 ], [ 156.751963162000038, -10.849 ], [ 156.828963162000036, -10.742 ], [ 156.9219631630001, -10.636 ], [ 156.998963163000099, -10.56 ], [ 157.090963162000094, -10.438 ], [ 157.167963162000092, -10.346 ], [ 157.290963163000015, -10.27 ], [ 157.352963163000027, -10.209 ], [ 157.372667010000129, -10.196006516999944 ], [ 157.675963163000119, -10.118 ], [ 157.68083794100005, -10.119603822999977 ] ] ] } },
{ "type": "Feature", "properties": { "ANCHOR": 0, "TIME": 600.0, "FILE1": "Global_EarthByte_GPlates_PresentDay_StaticPlatePolygons.gpmlz", "RECONFILE1": "Zahirovic_etal_2022_OptimisedMantleRef_and_NNRMantleRef.rot", "OBJECTID_1": "1090", "PLATEID1": 878, "FROMAGE": 600.0, "TOAGE": -999.0, "NAME": "Southern Papua New Guinea Plateau", "PLATEID2": 0, "GPGIM_TYPE": "gpml:ClosedContinentalBoundary", "L_PLATE": 0, "R_PLATE": 0, "SPREAD_ASY": 0.0, "IMPORT_AGE": 0.0, "Shape_Leng": 9.4040664979099997, "Shape_Area": 4.46847521734, "FEATURE_ID": "GPlates-05e6e76f-fd93-493f-a863-8933923cf15f" }, "geometry": { "type": "Polygon", "coordinates": [ [ [ 147.794426372000089, -10.195898725999939 ], [ 148.294282167000119, -10.421905252999977 ], [ 148.297764414000085, -10.418 ], [ 148.493, -10.418 ], [ 148.679479555000057, -10.432942271999931 ], [ 148.697143421000078, -10.305372659999932 ], [ 149.135411057000056, -10.174824853999951 ], [ 149.732201029000066, -10.296047816999931 ], [ 150.105194761000121, -10.417270779999967 ], [ 150.237955581000051, -10.573103268999944 ], [ 150.506886525000027, -10.618793356999959 ], [ 150.442468717000111, -11.089568557999939 ], [ 150.3900000000001, -11.444 ], [ 150.361983843000075, -11.578069898999956 ], [ 150.158195991000071, -11.557914640999968 ], [ 150.072709080000095, -11.599737423999954 ], [ 150.072659083000076, -11.599758778999956 ], [ 149.345387718000097, -11.839251310999941 ], [ 149.338, -11.841 ], [ 148.637180045000036, -11.89756050099993 ], [ 148.5410429020001, -11.904489717999979 ], [ 148.533963163000067, -11.905 ], [ 148.512984388000064, -11.901872510999965 ], [ 148.069923944000038, -11.835821623999948 ], [ 147.936963162000126, -11.816 ], [ 147.555656421000094, -11.740576687999976 ], [ 147.489565116000108, -11.727503682999952 ], [ 147.493, -11.726 ], [ 147.542185186000097, -11.735728937999966 ], [ 147.532, -11.585 ], [ 147.442000000000121, -11.008 ], [ 147.229088448000084, -9.943798654999966 ], [ 147.794426372000089, -10.195898725999939 ] ] ] } },
{ "type": "Feature", "properties": { "ANCHOR": 0, "TIME": 600.0, "FILE1": "Global_EarthByte_GPlates_PresentDay_StaticPlatePolygons.gpmlz", "RECONFILE1": "Zahirovic_etal_2022_OptimisedMantleRef_and_NNRMantleRef.rot", "OBJECTID_1": "1091", "PLATEID1": 698, "FROMAGE": 600.0, "TOAGE": -999.0, "NAME": "Sepik", "PLATEID2": 0, "GPGIM_TYPE": "gpml:ClosedContinentalBoundary", "L_PLATE": 0, "R_PLATE": 0, "SPREAD_ASY": 0.0, "IMPORT_AGE": 0.0, "Shape_Leng": 20.446001629000001, "Shape_Area": 7.4845392988799997, "FEATURE_ID": "GPlates-9ee7d0f8-d64a-461d-876d-5cd795f1228f" }, "geometry": { "type": "Polygon", "coordinates": [ [ [ 141.302, -3.4862 ], [ 141.849, -3.7773 ], [ 142.1407, -3.9107 ], [ 142.6876, -4.2259 ], [ 143.028, -4.3592 ], [ 143.5749, -4.6621 ], [ 143.8544, -4.8438 ], [ 144.4379, -5.1949 ], [ 144.8754, -5.4491 ], [ 145.1306, -5.691 ], [ 145.3251, -5.8603 ], [ 145.6533, -6.2229 ], [ 145.745519430000058, -6.576447086999963 ], [ 145.504913026000054, -6.371490250999955 ], [ 145.19525107100003, -6.017579167999941 ], [ 144.376830896000115, -5.663670556999932 ], [ 143.563934027000073, -5.321490359999927 ], [ 143.391662999000147, -5.244919532999972 ], [ 142.683487128000024, -5.09179942399993 ], [ 141.64991800100006, -4.842980349999948 ], [ 141.401091863000033, -4.747279265999964 ], [ 140.348388947000103, -4.249629461999973 ], [ 139.219115911000017, -3.732850460999941 ], [ 138.759750108000048, -3.713709431999973 ], [ 138.415222004000043, -3.618020532999935 ], [ 137.917587210000079, -3.675429316999953 ], [ 137.432602088000067, -3.692760322999959 ], [ 137.385666181000033, -3.679903337999974 ], [ 136.759521047000021, -3.508358261999945 ], [ 136.662038104000089, -3.523399035999944 ], [ 136.7198, -3.4498 ], [ 136.8535, -3.2678 ], [ 137.2789, -2.9643 ], [ 137.646600226000032, -2.774745278999942 ], [ 138.1297, -2.6487 ], [ 138.54300000000012, -2.6973 ], [ 139.2479, -2.7094 ], [ 139.6612, -2.8915 ], [ 140.0137, -3.0979 ], [ 140.2203, -3.11 ], [ 140.6579, -3.2314 ], [ 141.0225, -3.3648 ], [ 141.302, -3.4862 ] ] ] } },
{ "type": "Feature", "properties": { "ANCHOR": 0, "TIME": 600.0, "FILE1": "Global_EarthByte_GPlates_PresentDay_StaticPlatePolygons.gpmlz", "RECONFILE1": "Zahirovic_etal_2022_OptimisedMantleRef_and_NNRMantleRef.rot", "OBJECTID_1": "1106", "PLATEID1": 802, "FROMAGE": 600.0, "TOAGE": -999.0, "NAME": "Ronne Ice Shelf", "PLATEID2": 0, "GPGIM_TYPE": "gpml:ClosedContinentalBoundary", "L_PLATE": 0, "R_PLATE": 0, "SPREAD_ASY": 0.0, "IMPORT_AGE": 0.0, "Shape_Leng": 115.24668763699999, "Shape_Area": 179.470582347, "FEATURE_ID": "GPlates-8d5495cf-02b0-41c2-b170-8344298eedbd" }, "geometry": { "type": "Polygon", "coordinates": [ [ [ -44.983400737999943, -72.263566563999973 ], [ -61.7137, -83.7327 ], [ -62.2069, -83.6955 ], [ -62.743, -83.4541 ], [ -62.4082, -83.1904 ], [ -62.3126, -82.9063 ], [ -63.3071, -82.787 ], [ -64.5267, -82.5964 ], [ -65.891, -82.2903 ], [ -66.2369, -82.0115 ], [ -66.2773, -81.5882 ], [ -68.416480543999967, -81.30856378 ], [ -70.3242, -81.118 ], [ -72.1592, -81.2037 ], [ -72.7016, -81.5237 ], [ -73.6079, -81.8445 ], [ -74.8757, -81.9286 ], [ -75.045, -81.6227 ], [ -75.0375, -81.1038 ], [ -75.2971, -80.822 ], [ -75.8727, -80.5707 ], [ -76.6368, -80.2036 ], [ -76.919916353999952, -80.197787594999951 ], [ -76.120003249999968, -80.089996428999925 ], [ -75.400000957999964, -79.970001491999938 ], [ -74.980003050999983, -79.709999306 ], [ -76.154899064999938, -79.421096450999983 ], [ -77.605301121999958, -79.279098353999984 ], [ -80.17310299899998, -79.296996382999978 ], [ -80.006203234999987, -79.594497461999921 ], [ -80.627800003999937, -79.611198580999925 ], [ -80.975998303999972, -79.436302402999971 ], [ -81.552101003999951, -79.164802425999952 ], [ -82.34880002899996, -79.127502370999935 ], [ -83.165901093999935, -78.81169852499994 ], [ -83.722099024, -78.547500266 ], [ -83.83730314099995, -78.399002334999963 ], [ -82.714104185999986, -78.328300394999971 ], [ -81.500297107999984, -78.679702345999928 ], [ -79.980903008999974, -78.858802365999964 ], [ -78.285698184999944, -78.906997518999972 ], [ -77.495499170999949, -78.824798318 ], [ -76.988899027999935, -78.612899458999948 ], [ -78.051597327999957, -78.302696614999931 ], [ -79.420303104999959, -78.165000366999948 ], [ -79.901001034999979, -78.138297329999929 ], [ -81.129997112999945, -77.928001355999967 ], [ -80.295082073999936, -77.905090359999974 ], [ -81.277801054999941, -77.694702384 ], [ -80.952301139999975, -77.602203360999965 ], [ -79.642799158999949, -77.798103389999923 ], [ -75.112198066999952, -78.14109730199992 ], [ -73.939400088999946, -78.163299476 ], [ -73.080002070999967, -77.910003554999932 ], [ -73.449997275999976, -77.720001549999935 ], [ -75.959999227999958, -77.430000319999976 ], [ -77.410004139999955, -77.160003279999955 ], [ -78.089996286999963, -76.819999347999953 ], [ -78.903648068999985, -76.259086353999976 ], [ -77.507103089999987, -76.096397319999923 ], [ -72.400001270999951, -76.580001349999989 ], [ -69.620003160999943, -76.63999926 ], [ -67.010002337999936, -76.529998470999956 ], [ -65.80999716499997, -76.360000301999932 ], [ -62.970000968999955, -75.790000466999984 ], [ -60.56000106699998, -75.069999235999944 ], [ -58.080002219999969, -74.019996518999946 ], [ -56.229999174999932, -72.819999469999985 ], [ -54.925400146999927, -71.237296267 ], [ -53.629702872999978, -69.108220961999962 ], [ -53.605, -69.23 ], [ -52.46, -70.657 ], [ -51.117, -71.359 ], [ -46.78, -72.222 ], [ -44.983400737999943, -72.263566563999973 ] ] ] } },
{ "type": "Feature", "properties": { "ANCHOR": 0, "TIME": 600.0, "FILE1": "Global_EarthByte_GPlates_PresentDay_StaticPlatePolygons.gpmlz", "RECONFILE1": "Zahirovic_etal_2022_OptimisedMantleRef_and_NNRMantleRef.rot", "OBJECTID_1": "1107", "PLATEID1": 813, "FROMAGE": 600.0, "TOAGE": -999.0, "NAME": "Northern Campbell Plateau", "PLATEID2": 0, "GPGIM_TYPE": "gpml:ClosedContinentalBoundary", "L_PLATE": 0, "R_PLATE": 0, "SPREAD_ASY": 0.0, "IMPORT_AGE": 0.0, "Shape_Leng": 7.0872540299000004, "Shape_Area": 2.7575487034099999, "FEATURE_ID": "GPlates-2cf3d9da-70c5-485c-b9f4-265674590e6b" }, "geometry": { "type": "Polygon", "coordinates": [ [ [ -180.0, -49.5062 ], [ -180.0, -46.6696 ], [ -179.7292, -46.6976 ], [ -179.6319, -46.7341 ], [ -179.58, -46.7536 ], [ -179.4892, -46.7959 ], [ -179.3935, -46.8406 ], [ -179.1511, -46.9773 ], [ -179.033, -47.0644 ], [ -178.9335, -47.1763 ], [ -178.810925816999969, -47.347865798999976 ], [ -178.7781, -47.3939 ], [ -178.6538, -47.6115 ], [ -178.5978, -47.7917 ], [ -178.5729, -47.9161 ], [ -178.6102, -48.0591 ], [ -178.8216, -48.5502 ], [ -178.9149, -48.6559 ], [ -179.0765, -48.8175 ], [ -179.2879, -48.9978 ], [ -179.5365, -49.1843 ], [ -179.841387845999975, -49.395143057999981 ], [ -180.0, -49.5062 ] ] ] } },
{ "type": "Feature", "properties": { "ANCHOR": 0, "TIME": 600.0, "FILE1": "Global_EarthByte_GPlates_PresentDay_StaticPlatePolygons.gpmlz", "RECONFILE1": "Zahirovic_etal_2022_OptimisedMantleRef_and_NNRMantleRef.rot", "OBJECTID_1": "1109", "PLATEID1": 709, "FROMAGE": 600.0, "TOAGE": -999.0, "NAME": "Somalia plate, Africa", "PLATEID2": 0, "GPGIM_TYPE": "gpml:ClosedContinentalBoundary", "L_PLATE": 0, "R_PLATE": 0, "SPREAD_ASY": 0.0, "IMPORT_AGE": 0.0, "Shape_Leng": 55.837641718100002, "Shape_Area": 137.07592752599999, "FEATURE_ID": "GPlates-986e6bc6-7f16-4ea2-b2d5-0d0d5ab07678" }, "geometry": { "type": "Polygon", "coordinates": [ [ [ 51.39322, 12.1517 ], [ 51.427558987000033, 11.939999632000024 ], [ 51.677559079000041, 11.789999647000059 ], [ 51.747558907000048, 11.659999614000071 ], [ 51.727558073000068, 11.539999555000064 ], [ 51.678819662000066, 11.480817146000049 ], [ 51.66243, 11.44041 ], [ 51.49111, 11.10221 ], [ 51.44217, 10.88458 ], [ 51.473739525000049, 10.785730666000065 ], [ 51.517558942000051, 10.720000689000074 ], [ 51.617560992000044, 10.590009838000071 ], [ 51.697559030000036, 10.450000646000035 ], [ 51.66243, 10.29192458700004 ], [ 51.66243, 10.26711 ], [ 51.449123554000025, 9.924151410000038 ], [ 51.33203, 9.733398 ], [ 51.11177, 9.441917 ], [ 50.54887, 8.517282 ], [ 50.331650035000045, 8.196430967000026 ], [ 50.067557916000062, 7.589999554000031 ], [ 49.887558005000066, 7.279999610000061 ], [ 49.607559047000052, 6.680000556000046 ], [ 49.437560878000042, 6.299999547000027 ], [ 49.267559, 5.949999702000071 ], [ 48.907562004000049, 5.360000623000076 ], [ 48.72756191700006, 5.069999746000065 ], [ 48.327559899000043, 4.380000736000056 ], [ 48.082040737000057, 4.112160316000029 ], [ 48.093561318000063, 4.122052513000028 ], [ 47.877575490000019, 3.86959880400002 ], [ 47.558455825000067, 3.52471913100004 ], [ 47.274812842000074, 3.308390660000043 ], [ 46.982493509000044, 3.106825004000029 ], [ 46.893801344000053, 3.020341206000069 ], [ 46.72666989600004, 2.857371203000071 ], [ 46.54534532800006, 2.682784416000061 ], [ 46.132498018000028, 2.285277965000034 ], [ 45.873815302000011, 2.03324298900003 ], [ 45.669367627000057, 1.853828574000032 ], [ 45.44509749500002, 1.707076964000066 ], [ 45.26964564200005, 1.625127526000028 ], [ 45.052156043000032, 1.57027456000003 ], [ 44.801559442000034, 1.419235682000021 ], [ 44.477265702000068, 1.190585604000034 ], [ 44.022394757000029, 0.801637526000036 ], [ 43.542389781000047, 0.33271307900003 ], [ 43.28030989300003, 0.065161352000075 ], [ 42.937560966000028, -0.319999186999951 ], [ 42.637557995000051, -0.679999360999943 ], [ 42.480187414000056, -0.804501769999945 ], [ 42.34178206200005, -0.974932643999978 ], [ 41.994052424000081, -1.40074593199995 ], [ 41.937146189000032, -1.485888140999975 ], [ 41.925268909000067, -1.503658738999945 ], [ 41.854947210000034, -1.607299209999951 ], [ 41.564910979000054, -2.034756047999963 ], [ 41.207201143000077, -2.559044558999972 ], [ 41.04106397900005, -2.802548644999945 ], [ 40.993400402000091, -2.832678146999967 ], [ 40.926408307000038, -2.875025754999967 ], [ 40.802533108000034, -2.929157850999957 ], [ 40.722620158000055, -2.956864030999952 ], [ 40.610306242000036, -2.995370703999924 ], [ 40.574714555000078, -3.005745812999976 ], [ 40.542065638000047, -3.015263093999977 ], [ 40.51489887200006, -3.050842805999935 ], [ 40.434785220000037, -3.155765879999933 ], [ 40.364331004000064, -3.248038204999943 ], [ 40.296081008000037, -3.366637007999941 ], [ 40.166195426000058, -3.579194858999927 ], [ 39.702496860000046, -4.356663721999951 ], [ 39.556998062000048, -4.696803480999961 ], [ 39.417050935000077, -5.133434104999935 ], [ 39.405205875000036, -5.341609667999934 ], [ 39.399611522000036, -5.34191775499994 ], [ 39.393330800000058, -5.480871775999958 ], [ 39.393417882000058, -5.526431081999931 ], [ 39.341511074000039, -5.344160313999964 ], [ 38.808872040000054, -5.374450373999935 ], [ 38.293788809000034, -5.041169305999972 ], [ 37.856872756000037, -4.526090312999941 ], [ 37.614478996000067, -3.829219222999939 ], [ 37.250899922000031, -3.071760419999976 ], [ 36.083228986000051, -2.712470479999979 ], [ 36.369366127000028, -0.937508483999977 ], [ 35.985003760000041, 0.419891629000062 ], [ 36.344785319000039, 2.181032295000023 ], [ 36.518120110000027, 4.191042717000073 ], [ 36.673892917000046, 5.634514596000032 ], [ 36.721468071000061, 5.653365138000026 ], [ 37.798308913000028, 5.250719604000039 ], [ 38.446570930000071, 7.836209548000056 ], [ 39.952862058000058, 9.200770639000041 ], [ 40.072474766000035, 9.320144197000047 ], [ 40.16, 8.82 ], [ 40.31, 8.94 ], [ 40.57, 9.06 ], [ 40.76, 9.12 ], [ 41.31, 9.5 ], [ 41.61, 9.64 ], [ 41.82, 9.66 ], [ 42.12, 9.71 ], [ 42.32, 9.79 ], [ 42.79, 9.88 ], [ 43.11, 10.04 ], [ 43.42, 10.19 ], [ 43.82, 10.34 ], [ 44.129924850000066, 10.361025502000075 ], [ 44.491738778000069, 10.517263334000063 ], [ 44.587559028000044, 10.480000572000051 ], [ 44.728512791000071, 10.467743055000028 ], [ 44.838470999000037, 10.505659605000062 ], [ 44.846309394000059, 10.504807779000032 ], [ 44.98395823000007, 10.51245164900007 ], [ 45.073169202000038, 10.579758619000074 ], [ 45.196305056000028, 10.595529691000024 ], [ 45.308642821000021, 10.684970794000037 ], [ 45.413320121000027, 10.742939413000045 ], [ 45.521204744000038, 10.757400403000076 ], [ 45.562611403000062, 10.800396548000037 ], [ 45.655369395000037, 10.828616488000023 ], [ 45.703704532000074, 10.867837894000047 ], [ 46.061103575000061, 10.865478064000058 ], [ 46.169321146000051, 10.839210569000047 ], [ 46.358129872000063, 10.859920422000068 ], [ 46.437711089000061, 10.831467554000028 ], [ 46.528702560000049, 10.791433353000059 ], [ 46.659236928999988, 10.792807583000069 ], [ 46.725223973, 10.837589241000046 ], [ 46.82420436700005, 10.855957404000037 ], [ 46.91876429700006, 10.918188995000039 ], [ 47.134043980000051, 11.164104637000037 ], [ 47.273629872000072, 11.263681633000033 ], [ 47.395135814000049, 11.311362091000035 ], [ 47.598987181000048, 11.293744206000042 ], [ 47.715812905000043, 11.308072437000021 ], [ 47.775704324000053, 11.327896169000041 ], [ 47.999261273000023, 11.301679120000074 ], [ 48.207633047000066, 11.347579826000072 ], [ 48.397594498000046, 11.442664989000036 ], [ 48.493901221000058, 11.543098899000029 ], [ 48.642436973000038, 11.573592642000051 ], [ 48.788231716000041, 11.537105696000026 ], [ 48.912166188000086, 11.462353259000054 ], [ 49.04264629100004, 11.443024284000046 ], [ 49.144021309000024, 11.488838606000058 ], [ 49.190098932000055, 11.538173005000033 ], [ 49.292292719000045, 11.569788841000047 ], [ 49.438499102000023, 11.704390371000045 ], [ 49.590251103000035, 11.720448866000027 ], [ 49.639744935000067, 11.735929442000042 ], [ 49.735676825000048, 11.765934814000047 ], [ 49.900512858000049, 11.777956079000035 ], [ 50.097526138000035, 11.715008210000065 ], [ 50.243527842000034, 11.680573304000063 ], [ 50.355546641000039, 11.708264142000075 ], [ 50.536302425000024, 11.897798246000036 ], [ 50.650626189000043, 12.11217728400004 ], [ 50.669417730000056, 12.182017433000055 ], [ 50.671202928000078, 12.188652253000043 ], [ 50.745651954000039, 12.15027727100005 ], [ 51.042541964000058, 12.636410050000052 ], [ 51.079817769000051, 12.649612243000036 ], [ 51.191566528000067, 12.767330449000045 ], [ 51.217570805000037, 12.760009624000077 ], [ 51.337562917000092, 12.660000510000032 ], [ 51.356287588000036, 12.482080255000028 ], [ 51.38098, 12.44049 ], [ 51.39322, 12.1517 ] ] ] } },
{ "type": "Feature", "properties": { "ANCHOR": 0, "TIME": 600.0, "FILE1": "Global_EarthByte_GPlates_PresentDay_StaticPlatePolygons.gpmlz", "RECONFILE1": "Zahirovic_etal_2022_OptimisedMantleRef_and_NNRMantleRef.rot", "OBJECTID_1": "1110", "PLATEID1": 885, "FROMAGE": 600.0, "TOAGE": -999.0, "NAME": "Middle 2 (southern) Dampier Ridge, Tasman Sea", "PLATEID2": 0, "GPGIM_TYPE": "gpml:ClosedContinentalBoundary", "L_PLATE": 0, "R_PLATE": 0, "SPREAD_ASY": 0.0, "IMPORT_AGE": 0.0, "Shape_Leng": 6.8280246920199996, "Shape_Area": 2.0389278750900002, "FEATURE_ID": "GPlates-30a8d061-1a63-4277-9a73-f679529de185" }, "geometry": { "type": "Polygon", "coordinates": [ [ [ 157.91800000000012, -32.009 ], [ 157.971000000000117, -32.032 ], [ 158.129, -31.942 ], [ 158.287, -32.077 ], [ 158.077892819000112, -32.241851692999937 ], [ 158.0810261580001, -32.25484924899996 ], [ 158.017104977000031, -32.304302227999983 ], [ 157.179, -33.016 ], [ 157.110559888000012, -33.06788109799993 ], [ 157.064000000000107, -32.986 ], [ 157.033707017000097, -32.689399198999979 ], [ 157.018, -32.56 ], [ 156.946827290000101, -32.071958560999974 ], [ 156.927, -31.936 ], [ 156.912714844000106, -31.753398442999977 ], [ 156.881, -31.348 ], [ 156.825121866000018, -31.10808844699994 ], [ 156.963992399000063, -31.032571290999957 ], [ 156.976501132000067, -31.030399233999951 ], [ 157.253445096000064, -30.868952097999969 ], [ 157.891, -30.513 ], [ 157.812, -30.673 ], [ 157.865000000000123, -30.81 ], [ 157.91800000000012, -30.969 ], [ 157.971000000000117, -31.083 ], [ 157.997, -31.196 ], [ 158.05, -31.31 ], [ 158.023, -31.446 ], [ 157.91800000000012, -31.559 ], [ 157.865000000000123, -31.717 ], [ 157.91800000000012, -31.829 ], [ 157.91800000000012, -32.009 ] ] ] } },
{ "type": "Feature", "properties": { "ANCHOR": 0, "TIME": 600.0, "FILE1": "Global_EarthByte_GPlates_PresentDay_StaticPlatePolygons.gpmlz", "RECONFILE1": "Zahirovic_etal_2022_OptimisedMantleRef_and_NNRMantleRef.rot", "OBJECTID_1": "1112", "PLATEID1": 701, "FROMAGE": 600.0, "TOAGE": -999.0, "NAME": "Africa", "PLATEID2": 0, "GPGIM_TYPE": "gpml:ClosedContinentalBoundary", "L_PLATE": 0, "R_PLATE": 0, "SPREAD_ASY": 0.0, "IMPORT_AGE": 0.0, "Shape_Leng": 143.376042885, "Shape_Area": 945.88960548900002, "FEATURE_ID": "GPlates-88486f5b-d644-4241-a499-1d42cf0249fe" }, "geometry": { "type": "Polygon", "coordinates": [ [ [ 28.36850682100004, 8.857879270000069 ], [ 29.122233264000048, 8.215540619000024 ], [ 30.037537319000023, 7.357458837000024 ], [ 31.221891433000053, 6.443902906000062 ], [ 31.92201270300006, 5.528685935000055 ], [ 32.372946700000057, 4.83105964300006 ], [ 32.882619968000029, 4.118884951000041 ], [ 32.137980779000031, 3.838470697000048 ], [ 31.526349903000039, 3.13946960800007 ], [ 31.556650028000039, 2.412299628000028 ], [ 29.921418922000043, 0.93089074300002 ], [ 29.346268029000043, -1.145083244999967 ], [ 29.113290975000037, -2.019815240999947 ], [ 29.104417982000029, -2.768792367999936 ], [ 29.262479893000037, -3.644661410999959 ], [ 29.71493494300006, -5.929616325999973 ], [ 30.764971034000048, -6.532626197999946 ], [ 32.245468021000079, -7.932090344999949 ], [ 33.764194796000027, -9.170961373999944 ], [ 34.404731991000077, -10.276779347999932 ], [ 34.616821035000044, -12.034099365999964 ], [ 34.707709932000057, -13.579330340999945 ], [ 35.142731024000057, -14.851870255999927 ], [ 34.653300841000032, -15.960309494999935 ], [ 35.364741992000063, -16.861471346999963 ], [ 35.311688034000028, -17.223012423999933 ], [ 35.283390058000066, -17.548459362999949 ], [ 34.445857815000068, -18.760391433999928 ], [ 34.445857815000068, -19.760259536999964 ], [ 34.7796, -20.1459 ], [ 35.812684103000038, -20.960723388999956 ], [ 35.81250932100005, -20.961186740999949 ], [ 35.810576463000075, -20.95966111499996 ], [ 35.800864574000066, -20.995644514999981 ], [ 35.766945515000046, -21.379340098999933 ], [ 35.74259969700006, -21.714719111999955 ], [ 35.744195127000069, -21.918484559999968 ], [ 35.789885066000068, -22.20063807299994 ], [ 35.858429671000046, -22.421586162999976 ], [ 35.90041105500007, -22.615980553999975 ], [ 35.915486420000036, -22.687325649999934 ], [ 35.950386399000024, -23.005515232999979 ], [ 35.925978675000067, -23.418677036999952 ], [ 35.864978192000024, -23.695885210999961 ], [ 35.775606943000071, -23.973326702999941 ], [ 35.638509827000057, -24.315395879999983 ], [ 35.505685209000035, -24.647308849999945 ], [ 35.457130126000045, -24.698040687999939 ], [ 35.378588931000039, -24.780102935999935 ], [ 35.161440963000082, -25.006985790999977 ], [ 35.159229302000028, -25.010258017999945 ], [ 35.073441070000058, -25.137184610999952 ], [ 34.97156004400005, -25.17978332499996 ], [ 34.937506904000031, -25.170814971999963 ], [ 34.526899077000053, -25.175622164999936 ], [ 34.260919995000052, -25.198444113999987 ], [ 33.96213483300005, -25.232663224999953 ], [ 33.741514304000084, -25.286409111999944 ], [ 33.502248550000047, -25.344697206999971 ], [ 33.35231869100005, -25.469818220999969 ], [ 33.29534197100002, -25.606390934999979 ], [ 33.294226814000069, -25.609063955999947 ], [ 33.262805802000059, -25.684379855999968 ], [ 33.164117927000063, -25.949174982999978 ], [ 33.135340776000085, -26.132138993999945 ], [ 33.072334734000037, -26.684609334999951 ], [ 33.014891481000063, -27.188302189999945 ], [ 32.934848457000044, -27.530279433999965 ], [ 32.916960622000033, -27.682755177999979 ], [ 32.864558953000021, -28.129426525999975 ], [ 32.789859789000047, -28.275846322999939 ], [ 32.710937473000058, -28.430544029999965 ], [ 32.644147631000067, -28.535295775999941 ], [ 32.635806069000076, -28.548378502999981 ], [ 32.583674256000052, -28.622502994999937 ], [ 32.534395134000079, -28.703221480999957 ], [ 32.401723268000069, -28.901950869999951 ], [ 32.22854548600003, -29.15318292399996 ], [ 31.9627, -29.4421 ], [ 31.746373696000038, -29.583822945999938 ], [ 31.436976902000026, -29.778758397999979 ], [ 31.3739, -29.8185 ], [ 31.1748, -29.97 ], [ 30.9941, -30.1528 ], [ 30.872087807000074, -30.292107387999973 ], [ 30.8135, -30.359 ], [ 30.5973, -30.6672 ], [ 30.518218716000039, -30.875776886999976 ], [ 30.4453, -31.0681 ], [ 30.2648, -31.2801 ], [ 30.099389194000025, -31.437125237999961 ], [ 29.937781729000054, -31.625603183999946 ], [ 29.883379395000077, -31.690945892999935 ], [ 29.743156706000036, -31.859367532999954 ], [ 29.650905308000066, -31.959836777999957 ], [ 29.388975457000068, -32.248218203999954 ], [ 29.324754314000078, -32.323123819999978 ], [ 29.278292410000063, -32.377315592999935 ], [ 29.181528793000044, -32.480246912999974 ], [ 29.000757579000037, -32.672540466999976 ], [ 28.894092520000076, -32.765894081999917 ], [ 28.754471557000045, -32.888090813999952 ], [ 28.65032215400004, -32.961857323999936 ], [ 28.466595272000063, -33.091986642999984 ], [ 27.961201971000037, -33.481028648999938 ], [ 27.87989901900005, -33.548498507999966 ], [ 27.653656185000042, -33.718204933999971 ], [ 27.4717, -33.8577 ], [ 27.2274, -34.0483 ], [ 26.8834, -34.2843 ], [ 26.5117, -34.4745 ], [ 26.1407, -34.7544 ], [ 26.032828356000039, -34.848104169999949 ], [ 25.974055486000047, -34.899158022999984 ], [ 25.9237, -34.9429 ], [ 25.4436, -35.2292 ], [ 25.200591612000032, -35.371707341999979 ], [ 25.0722, -35.447 ], [ 24.6375, -35.7239 ], [ 24.353082836000052, -35.85731280899995 ], [ 24.325248935000047, -35.870368978999977 ], [ 24.1751, -35.9408 ], [ 23.8032, -36.0902 ], [ 23.764359686000027, -36.106158643999947 ], [ 23.762022688000059, -36.102471056999946 ], [ 23.718204698000022, -36.125122729999923 ], [ 23.259, -36.3138 ], [ 22.8335, -36.6023 ], [ 22.353, -36.8387 ], [ 21.9903, -37.001 ], [ 21.6179, -37.0829 ], [ 21.077197849000072, -37.12619241799996 ], [ 20.31125452200007, -37.232463633999942 ], [ 20.1827, -37.2503 ], [ 19.6728, -37.3916 ], [ 19.5259, -37.1649 ], [ 19.1192, -36.9305 ], [ 18.7619, -36.8163 ], [ 18.398, -36.7983 ], [ 18.0227, -36.6556 ], [ 17.6976, -36.288 ], [ 17.5482, -36.1447 ], [ 17.3867, -35.8501 ], [ 17.4008, -35.6147 ], [ 17.0121, -35.2082 ], [ 16.8888, -34.9251 ], [ 16.6754, -34.7707 ], [ 16.389, -34.7574 ], [ 16.3615, -34.6071 ], [ 16.3039, -34.2652 ], [ 16.3392, -34.0567 ], [ 16.2806, -33.8979 ], [ 16.1426, -33.8594 ], [ 15.866, -33.693 ], [ 15.7702, -33.4906 ], [ 15.6057, -32.9742 ], [ 15.3581, -32.6815 ], [ 15.0786, -32.6652 ], [ 15.043, -32.3222 ], [ 15.0716, -31.9627 ], [ 14.8465, -31.7096 ], [ 14.6016, -31.6772 ], [ 14.5784, -31.5402 ], [ 14.5986, -31.3052 ], [ 14.4452, -31.1451 ], [ 14.3231, -30.9563 ], [ 14.2843, -30.8197 ], [ 14.2435, -30.6418 ], [ 14.1702, -30.5619 ], [ 13.9753, -30.3883 ], [ 13.8659, -30.0881 ], [ 13.7618, -29.8981 ], [ 13.8808, -29.7151 ], [ 13.7209, -29.3332 ], [ 13.6826, -29.1824 ], [ 13.7239, -29.0431 ], [ 13.7983, -28.9442 ], [ 13.6268, -28.7637 ], [ 13.6206, -28.6262 ], [ 13.5506, -28.4633 ], [ 13.5115, -28.2856 ], [ 13.4707, -28.0667 ], [ 13.4052, -27.7611 ], [ 13.463792061000062, -27.64843004599993 ], [ 13.4688, -27.6388 ], [ 13.4727, -27.3728 ], [ 13.4031, -27.216 ], [ 13.323794304000058, -27.055351758999961 ], [ 13.2824, -26.9715 ], [ 13.2683, -26.7189 ], [ 13.1867, -26.5845 ], [ 13.1398, -26.3316 ], [ 13.0618, -25.93 ], [ 13.0314, -25.7219 ], [ 12.9844, -25.5285 ], [ 12.8806, -25.2625 ], [ 12.8945, -25.0222 ], [ 12.8301, -24.8144 ], [ 12.8258, -24.6575 ], [ 12.67, -24.436 ], [ 12.5294, -24.1941 ], [ 12.4608, -23.8275 ], [ 12.42, -23.5131 ], [ 12.3152, -23.1139 ], [ 12.3686, -22.9291 ], [ 12.3607, -22.7519 ], [ 12.2823, -22.538 ], [ 12.108, -22.2009 ], [ 12.0296, -22.0172 ], [ 11.9851, -21.7884 ], [ 11.9219, -21.6808 ], [ 11.8124, -21.4507 ], [ 11.815501437000025, -21.301831039999968 ], [ 11.8162, -21.2683 ], [ 11.8051, -21.0247 ], [ 11.7449, -20.7953 ], [ 11.6856, -20.5354 ], [ 11.5861, -20.2405 ], [ 11.5344, -19.8441 ], [ 11.398078402000067, -19.656769015999942 ], [ 11.3965, -19.6546 ], [ 11.1962, -18.8338 ], [ 11.0798, -18.6399 ], [ 11.235, -18.5494 ], [ 11.1703, -18.3814 ], [ 11.1605, -18.3774 ], [ 10.8985, -17.6569 ], [ 10.8166, -17.3621 ], [ 10.7811, -16.928 ], [ 10.7951, -16.5428 ], [ 10.9343, -16.3571 ], [ 10.9853, -16.2643 ], [ 11.1849, -16.2063 ], [ 11.3705, -15.9186 ], [ 11.3427, -15.7515 ], [ 11.3566, -15.5427 ], [ 11.3473, -15.3477 ], [ 11.3288, -15.2178 ], [ 11.5469, -15.0693 ], [ 11.5764, -14.9112 ], [ 11.655, -14.8271 ], [ 11.6197, -14.6862 ], [ 11.5586, -14.5426 ], [ 11.5831, -14.4291 ], [ 11.5958, -14.3941 ], [ 11.7262, -14.305 ], [ 11.6531, -14.1364 ], [ 11.7453, -14.0505 ], [ 11.7262, -13.9869 ], [ 11.7581, -13.8819 ], [ 11.9744, -13.7579 ], [ 11.9012, -13.5479 ], [ 12.1812, -13.2107 ], [ 12.092764732000044, -13.138351528999982 ], [ 12.0762, -13.1248 ], [ 12.1239, -13.0612 ], [ 11.9648, -12.953 ], [ 11.898, -12.8417 ], [ 11.898, -12.6826 ], [ 11.863, -12.3899 ], [ 11.7644, -12.0559 ], [ 11.7975, -11.7764 ], [ 11.874453954000046, -11.727090110999939 ], [ 11.874898052000059, -11.72881975599995 ], [ 11.9182, -11.7022 ], [ 12.0992, -11.5769 ], [ 12.1502, -11.5026 ], [ 12.0992, -11.3262 ], [ 12.0064, -11.1499 ], [ 11.8026, -10.9356 ], [ 11.5099, -10.6143 ], [ 11.3286, -10.3725 ], [ 11.2236, -10.2325 ], [ 11.125, -10.0576 ], [ 11.0486, -9.8635 ], [ 11.0009, -9.7299 ], [ 11.0296, -9.6599 ], [ 10.8832, -9.4563 ], [ 10.8578, -9.3259 ], [ 10.8005, -9.2686 ], [ 10.826, -9.1954 ], [ 10.826, -9.1223 ], [ 10.8323, -9.03 ], [ 10.6987, -8.836 ], [ 10.8132, -8.7214 ], [ 10.7941, -8.6451 ], [ 10.7369, -8.5497 ], [ 10.7655, -8.5242 ], [ 10.7114, -8.4606 ], [ 10.7814, -8.3938 ], [ 10.7973, -8.261 ], [ 10.8698, -8.1139 ], [ 10.7853, -7.8678 ], [ 10.6879, -7.8014 ], [ 10.6122, -7.6699 ], [ 10.7063, -7.4869 ], [ 10.6038, -7.3013 ], [ 10.5524, -7.2263 ], [ 10.476, -7.1817 ], [ 10.4307, -7.0894 ], [ 10.4141, -6.9715 ], [ 10.3199, -6.924 ], [ 10.2514, -6.9054 ], [ 10.181, -6.566 ], [ 10.206, -6.4262 ], [ 10.1751, -6.2877 ], [ 10.1163, -6.1568 ], [ 10.0648, -6.0396 ], [ 10.2044, -5.6956 ], [ 10.2893, -5.5612 ], [ 10.2693, -5.461 ], [ 10.1978, -5.3859 ], [ 10.1473, -5.3104 ], [ 10.0434, -5.2444 ], [ 10.0188, -5.1809 ], [ 9.9684, -5.1123 ], [ 9.8398, -5.044 ], [ 9.735711095000051, -5.000491422999971 ], [ 9.7331, -4.9994 ], [ 9.732882566000074, -4.997913522999966 ], [ 9.7117, -4.8531 ], [ 9.6689, -4.8123 ], [ 9.5009, -4.7608 ], [ 9.4786, -4.694 ], [ 9.4117, -4.6429 ], [ 9.3445, -4.5727 ], [ 9.2541, -4.5387 ], [ 9.1568, -4.4571 ], [ 9.103014268000035, -4.423856340999976 ], [ 9.0539, -4.3935 ], [ 8.8967, -4.3071 ], [ 8.7813, -4.2139 ], [ 8.6226, -4.038 ], [ 8.5795, -3.9732 ], [ 8.552811458000063, -3.922405678999951 ], [ 8.5423, -3.9024 ], [ 8.5108, -3.8195 ], [ 8.4022, -3.7618 ], [ 8.365745710000059, -3.751915375999943 ], [ 8.258, -3.7227 ], [ 8.18874214300007, -3.590595669999971 ], [ 8.1651, -3.5455 ], [ 8.0435, -3.4344 ], [ 7.980777541000066, -3.325845620999928 ], [ 7.9139, -3.2101 ], [ 7.8705, -3.1274 ], [ 7.8923, -3.0137 ], [ 7.8715, -2.8903 ], [ 7.8834, -2.7981 ], [ 7.923671723000042, -2.633437579999963 ], [ 7.9262, -2.6231 ], [ 7.9357, -2.5022 ], [ 7.906212154000058, -2.421740306999936 ], [ 7.9007, -2.4067 ], [ 7.904634855000055, -2.402615547999972 ], [ 8.0743, -2.2265 ], [ 8.5297, -1.7534 ], [ 8.582, -1.6814 ], [ 8.5592, -1.5923 ], [ 8.4861, -1.3697 ], [ 8.4002, -1.2774 ], [ 8.3556, -1.1056 ], [ 8.3811, -0.9529 ], [ 8.3938, -0.6189 ], [ 8.4161, -0.2912 ], [ 8.4193, 0.0174 ], [ 8.4638, 0.0555 ], [ 8.502, 0.1287 ], [ 8.4892, 0.3164 ], [ 8.5083, 0.4786 ], [ 8.5688, 0.59 ], [ 8.696, 0.7459 ], [ 8.9473, 0.9081 ], [ 9.1813, 1.0467 ], [ 9.1881, 1.2365 ], [ 9.2966, 1.4127 ], [ 9.4254, 1.4466 ], [ 9.4026, 1.5813 ], [ 9.561, 1.8331 ], [ 9.622, 2.0297 ], [ 9.6356, 2.3348 ], [ 9.6834, 2.6283 ], [ 9.7237, 2.7551 ], [ 9.7305, 2.9314 ], [ 9.839, 3.0127 ], [ 10.006, 3.2349 ], [ 9.9978, 3.4805 ], [ 9.9569, 3.7425 ], [ 9.7276, 3.9473 ], [ 9.6048, 4.2175 ], [ 8.9006, 4.5286 ], [ 8.1719, 5.1181 ], [ 7.9672, 5.3556 ], [ 7.8988, 5.3964 ], [ 7.8282, 5.4871 ], [ 7.7878, 5.6284 ], [ 7.7828, 5.6889 ], [ 7.6415, 5.6637 ], [ 7.4448, 5.704 ], [ 7.3791, 5.5746 ], [ 7.2805, 5.4449 ], [ 7.1588, 5.3653 ], [ 7.0684, 5.3128 ], [ 6.987, 5.2886 ], [ 6.8498, 5.3038 ], [ 6.846868416000063, 5.303461649000043 ], [ 6.7259, 5.2895 ], [ 6.6301, 5.2591 ], [ 6.4239, 5.2344 ], [ 6.3443, 5.2701 ], [ 6.0364, 5.3745 ], [ 5.9049, 5.3747 ], [ 5.7836, 5.425 ], [ 5.6922, 5.5138 ], [ 5.5263, 5.632 ], [ 5.308241286000055, 5.715270428000053 ], [ 5.552453522000065, 5.869262069000058 ], [ 5.552085116000057, 5.86939469500004 ], [ 7.009392045000027, 6.784413586000028 ], [ 11.582236540000054, 9.697337068000024 ], [ 11.903750169000034, 9.552465883000025 ], [ 12.495916740000043, 9.12518704200005 ], [ 13.787537633000056, 8.69739789700003 ], [ 14.648492154000053, 8.590365641000059 ], [ 15.455677793000064, 8.429768805000037 ], [ 16.101372105000053, 8.37622732400007 ], [ 16.693258833000073, 8.322669551000047 ], [ 17.715433700000062, 8.483311599000046 ], [ 19.167857999000042, 8.911351483000033 ], [ 19.705859713000052, 8.964824582000062 ], [ 20.512744531000067, 9.232060739000076 ], [ 21.265890317000075, 9.392300840000075 ], [ 22.234141463000071, 9.71255463600005 ], [ 22.825882216000029, 9.872565872000052 ], [ 24.062921312000071, 10.511811195000064 ], [ 24.654584646000046, 10.777770134000036 ], [ 25.300240251000048, 10.777770134000036 ], [ 26.268955922000032, 10.458587851000063 ], [ 27.130374963000072, 9.71255463600005 ], [ 28.36850682100004, 8.857879270000069 ] ] ] } },
{ "type": "Feature", "properties": { "ANCHOR": 0, "TIME": 600.0, "FILE1": "Global_EarthByte_GPlates_PresentDay_StaticPlatePolygons.gpmlz", "RECONFILE1": "Zahirovic_etal_2022_OptimisedMantleRef_and_NNRMantleRef.rot", "OBJECTID_1": "1119", "PLATEID1": 802, "FROMAGE": 600.0, "TOAGE": -999.0, "NAME": "East Antarctica", "PLATEID2": 0, "GPGIM_TYPE": "gpml:ClosedContinentalBoundary", "L_PLATE": 0, "R_PLATE": 0, "SPREAD_ASY": 0.0, "IMPORT_AGE": 0.0, "Shape_Leng": 447.65553259000001, "Shape_Area": 1888.40862707, "FEATURE_ID": "GPlates-18bac117-299c-4171-93c9-de9783a39666" }, "geometry": { "type": "Polygon", "coordinates": [ [ [ 0.0, -90.0 ], [ 0.0, -90.0 ], [ -180.0, -74.525267737999982 ], [ -177.327039553999981, -75.347571562 ], [ -174.632158177999969, -74.825399237999989 ], [ -174.251310427999982, -74.852385488 ], [ -173.28280136799998, -74.956937892999974 ], [ -171.337204199999974, -75.025066800999966 ], [ -168.830404492999975, -75.26655171799996 ], [ -166.329869106999979, -75.477743749999945 ], [ -165.04571134699998, -75.548238249999926 ], [ -165.546706220999965, -76.396694835999938 ], [ -170.483163530999974, -84.032695024999938 ], [ -164.41952828099997, -84.756711175 ], [ -149.459269175999964, -85.286501125999948 ], [ -122.865959238999949, -84.090270547999964 ], [ -114.135811177999983, -82.254470437999956 ], [ -111.320000233999963, -83.139999348999922 ], [ -103.330002218999937, -83.690002411999956 ], [ -99.169998142999987, -84.599998407999948 ], [ -96.592003103999957, -84.875999424999961 ], [ -90.611000131999958, -84.885002386999986 ], [ -86.449997276999966, -84.660003381999942 ], [ -84.320000217999961, -84.419998321 ], [ -82.830002291999961, -84.199996389999981 ], [ -81.949997215999986, -83.949996474999963 ], [ -81.989998176999961, -83.74999943899995 ], [ -83.529999158999942, -83.62000240699993 ], [ -85.550003021999942, -83.650001273999962 ], [ -90.529999253999961, -83.629997437999961 ], [ -92.669998230999965, -83.279998474999985 ], [ -91.139999166999985, -82.790000385999974 ], [ -92.37999717799994, -82.499999509999938 ], [ -92.029999097999962, -82.419998470999971 ], [ -88.440002273999937, -82.209999339999982 ], [ -86.410003202999974, -82.269996543999966 ], [ -84.419998206999935, -82.220001611 ], [ -84.519996017999972, -82.080001601999982 ], [ -86.230003115999978, -81.809997497999973 ], [ -85.720001190999938, -81.610000284999956 ], [ -82.48999800699994, -81.230003338999921 ], [ -78.900001182999972, -80.620002365999923 ], [ -78.220001088999936, -80.360000357 ], [ -77.529999076999957, -80.279998433999936 ], [ -76.919916353999952, -80.197787594999951 ], [ -76.6368, -80.2036 ], [ -75.8727, -80.5707 ], [ -75.2971, -80.822 ], [ -75.0375, -81.1038 ], [ -75.045, -81.6227 ], [ -74.8757, -81.9286 ], [ -73.6079, -81.8445 ], [ -72.7016, -81.5237 ], [ -72.1592, -81.2037 ], [ -70.3242, -81.118 ], [ -68.416480543999967, -81.30856378 ], [ -66.2773, -81.5882 ], [ -66.2369, -82.0115 ], [ -65.891, -82.2903 ], [ -64.5267, -82.5964 ], [ -63.3071, -82.787 ], [ -62.3126, -82.9063 ], [ -62.4082, -83.1904 ], [ -62.743, -83.4541 ], [ -62.2069, -83.6955 ], [ -61.7137, -83.7327 ], [ -44.983400737999943, -72.263566563999973 ], [ -44.057, -72.285 ], [ -41.988, -72.127 ], [ -39.375463918999962, -71.86162476 ], [ -38.375, -71.76 ], [ -37.851613372999964, -71.800339849999943 ], [ -36.232734821999948, -71.925114373000014 ], [ -33.808, -72.112 ], [ -30.931, -72.236 ], [ -29.481829355999928, -72.218327186999943 ], [ -27.539471416999955, -72.194639894999966 ], [ -27.487, -72.194 ], [ -26.995708923999928, -72.215013199999987 ], [ -26.454751599999952, -72.238150693999955 ], [ -23.489, -72.365 ], [ -20.765, -72.498 ], [ -18.900309758999974, -72.54117807199998 ], [ -17.051, -72.584 ], [ -16.338223639999967, -72.353092768999957 ], [ -15.961601983999977, -72.231084424999963 ], [ -14.492, -71.755 ], [ -14.20114449099998, -71.609167153999977 ], [ -13.704155693999951, -71.359980570999937 ], [ -13.582396075999954, -71.298931179999954 ], [ -12.870152113999946, -70.941817215999933 ], [ -12.697, -70.855 ], [ -9.456, -70.498 ], [ -8.645896104999963, -70.342799682999953 ], [ -7.128, -70.052 ], [ -4.2, -69.96 ], [ -4.030886245999966, -69.95534033399997 ], [ -2.095, -69.902 ], [ -1.143511117999935, -69.570570795 ], [ -0.829009201999952, -69.580120565999948 ], [ -0.608336594999969, -69.597095382 ], [ -0.209428419999938, -69.631045013999938 ], [ 0.0, -69.724 ], [ 0.078926222000064, -69.718384267999966 ], [ 0.126020660000052, -69.719082644999972 ], [ 0.174592406000045, -69.71961639999995 ], [ 0.232859122000036, -69.720256693999957 ], [ 0.0, -90.0 ] ] ] } },
{ "type": "Feature", "properties": { "ANCHOR": 0, "TIME": 600.0, "FILE1": "Global_EarthByte_GPlates_PresentDay_StaticPlatePolygons.gpmlz", "RECONFILE1": "Zahirovic_etal_2022_OptimisedMantleRef_and_NNRMantleRef.rot", "OBJECTID_1": "1121", "PLATEID1": 715, "FROMAGE": 600.0, "TOAGE": -999.0, "NAME": "Africa", "PLATEID2": 0, "GPGIM_TYPE": "gpml:ClosedContinentalBoundary", "L_PLATE": 0, "R_PLATE": 0, "SPREAD_ASY": 0.0, "IMPORT_AGE": 0.0, "Shape_Leng": 114.99679052099999, "Shape_Area": 646.06460255499996, "FEATURE_ID": "GPlates-3b1d3405-53a1-465c-8ab1-528972ef1ab5" }, "geometry": { "type": "Polygon", "coordinates": [ [ [ 15.708646802000032, 36.250573344000031 ], [ 15.687510271000061, 36.053802313000062 ], [ 15.691996742000073, 36.055865285000046 ], [ 15.67781289800007, 35.897417662000066 ], [ 16.100380008000059, 35.243662959000062 ], [ 16.347170701000039, 35.284119159000056 ], [ 16.577296820000072, 35.276679298000026 ], [ 16.680947915000047, 35.108642185000065 ], [ 17.18561444400007, 34.906178014000034 ], [ 17.636540805000038, 35.074458063000066 ], [ 17.86566134900005, 35.064453499000024 ], [ 18.076105969000029, 35.038003958000047 ], [ 18.535282873000028, 34.95346336700004 ], [ 18.895957912000029, 34.990432776000027 ], [ 18.984381128000052, 35.028110433000052 ], [ 18.98951722300005, 35.030298954000052 ], [ 19.459234495000032, 34.621263474000045 ], [ 20.144079227000084, 34.009924495000064 ], [ 20.776344818000041, 33.734144025000035 ], [ 21.222002021000037, 33.539758067000037 ], [ 21.65329511200002, 33.351637421000085 ], [ 21.955767806000036, 33.219705425000029 ], [ 23.444797624000046, 32.579238175000057 ], [ 24.352141347000046, 32.495322189000035 ], [ 25.07716960700003, 32.43904063300004 ], [ 25.440776704000029, 32.410815012000057 ], [ 25.556983014000025, 32.401794299000073 ], [ 25.590860496000055, 32.087946549000044 ], [ 26.029404235000072, 32.043643737000018 ], [ 26.029449155000066, 32.043634048000051 ], [ 26.059239957000045, 32.040624155000046 ], [ 26.429643583000029, 31.957314276000037 ], [ 26.470648380000064, 31.948469763000055 ], [ 26.475281765000034, 31.947470367000051 ], [ 26.930899412000031, 31.844573579000038 ], [ 27.357732574000067, 31.748177486000028 ], [ 27.862032979000048, 31.323812875000051 ], [ 28.481894653000037, 31.193207820000051 ], [ 29.238181365000056, 31.033857965000042 ], [ 29.727671314000073, 31.15515813200005 ], [ 29.833768018000061, 31.325705743000078 ], [ 29.982433955000037, 31.551886142000061 ], [ 30.149325267000062, 31.646858475000037 ], [ 30.153592196000041, 31.661024276000042 ], [ 30.214716711000055, 31.687468138000046 ], [ 30.226245135000056, 31.692455598000038 ], [ 30.239296631000055, 31.69810197400006 ], [ 30.245119266000074, 31.701371675000075 ], [ 30.258542429000045, 31.709010354000046 ], [ 30.275215565000053, 31.718498485000055 ], [ 30.288358248000055, 31.725977552000074 ], [ 30.293886184000034, 31.729123317000074 ], [ 30.296126992000037, 31.730398487000052 ], [ 30.307935825000058, 31.73711850400008 ], [ 30.321319255000052, 31.744751876000066 ], [ 30.322970962000056, 31.746004945000038 ], [ 30.325234481000056, 31.747722165000031 ], [ 30.325394449000047, 31.747843525000057 ], [ 30.36608890500003, 31.778716404000079 ], [ 30.456578719000053, 31.847366568000041 ], [ 30.57503467600003, 31.839173856000052 ], [ 30.718810138000038, 31.829229983000062 ], [ 31.147885814000059, 31.799554029000028 ], [ 32.395042586000045, 31.713297528000062 ], [ 32.3658, 31.2279 ], [ 32.3477, 31.0371 ], [ 32.3386, 30.8203 ], [ 32.366, 30.7157 ], [ 32.3683, 30.4605 ], [ 32.441425031000051, 30.121904513000068 ], [ 32.908359962000077, 28.906110597000065 ], [ 34.447898990000056, 27.509700708000036 ], [ 34.645801875000075, 27.21909961100005 ], [ 35.240902038000051, 26.32069976400004 ], [ 36.058201058000066, 24.961198613000079 ], [ 36.760045434000055, 23.675434761000076 ], [ 36.568981755000038, 23.665053197000081 ], [ 36.602999175000036, 23.559064168000077 ], [ 37.074132933000051, 22.839860282000075 ], [ 37.441748748000066, 22.433754836000048 ], [ 37.44556761500008, 22.100091027000076 ], [ 37.704031731000057, 21.208412214000077 ], [ 37.636169837000061, 20.828936500000054 ], [ 37.808695861000047, 19.879231826000023 ], [ 37.750108006000069, 19.608262342000049 ], [ 37.831405222000058, 19.293033384000069 ], [ 38.500644231000031, 19.001058415000042 ], [ 39.111664633000032, 18.566999879000036 ], [ 39.544861154000046, 17.440809714000068 ], [ 39.544971230000044, 17.440499378000027 ], [ 39.544950437000068, 17.437148769000032 ], [ 39.544960975000031, 17.412086260000024 ], [ 39.796131348000081, 16.730436639000061 ], [ 39.545861796000054, 17.399779471000045 ], [ 39.545886177000057, 17.398779755000078 ], [ 39.585860894000056, 15.759659668000038 ], [ 39.749881929000026, 14.898580714000046 ], [ 40.112289429000043, 14.081382137000048 ], [ 40.13, 13.86 ], [ 40.18, 13.54 ], [ 40.28, 13.16 ], [ 40.05, 13.12 ], [ 40.07, 12.88 ], [ 40.13, 12.66 ], [ 39.84, 12.44 ], [ 39.87, 12.2 ], [ 39.89, 11.92 ], [ 39.96, 11.74 ], [ 40.01, 11.62 ], [ 40.03, 11.54 ], [ 40.1, 11.41 ], [ 40.14, 11.23 ], [ 40.2, 11.08 ], [ 40.25, 10.74 ], [ 40.22, 10.64 ], [ 40.21, 10.54 ], [ 40.21, 10.39 ], [ 40.26, 10.24 ], [ 40.13, 9.81 ], [ 40.02, 9.62 ], [ 40.072474766000035, 9.320144197000047 ], [ 39.952862058000058, 9.200770639000041 ], [ 38.446570930000071, 7.836209548000056 ], [ 37.798308913000028, 5.250719604000039 ], [ 36.721468071000061, 5.653365138000026 ], [ 36.673892917000046, 5.634514596000032 ], [ 35.802670068000054, 5.218509685000072 ], [ 32.882619968000029, 4.118884951000041 ], [ 32.372946700000057, 4.83105964300006 ], [ 31.92201270300006, 5.528685935000055 ], [ 31.221891433000053, 6.443902906000062 ], [ 30.037537319000023, 7.357458837000024 ], [ 29.122233264000048, 8.215540619000024 ], [ 28.36850682100004, 8.857879270000069 ], [ 27.130374963000072, 9.71255463600005 ], [ 26.268955922000032, 10.458587851000063 ], [ 25.300240251000048, 10.777770134000036 ], [ 24.654584646000046, 10.777770134000036 ], [ 24.062921312000071, 10.511811195000064 ], [ 22.825882216000029, 9.872565872000052 ], [ 22.234141463000071, 9.71255463600005 ], [ 21.265890317000075, 9.392300840000075 ], [ 20.512744531000067, 9.232060739000076 ], [ 19.705859713000052, 8.964824582000062 ], [ 19.167857999000042, 8.911351483000033 ], [ 17.715433700000062, 8.483311599000046 ], [ 16.693258833000073, 8.322669551000047 ], [ 16.101372105000053, 8.37622732400007 ], [ 15.455677793000064, 8.429768805000037 ], [ 14.648492154000053, 8.590365641000059 ], [ 13.787537633000056, 8.69739789700003 ], [ 12.495916740000043, 9.12518704200005 ], [ 11.903750169000034, 9.552465883000025 ], [ 11.582236540000054, 9.697337068000024 ], [ 12.464324956000041, 10.259231727000042 ], [ 13.086371174000019, 11.043499998000073 ], [ 13.516108501000076, 11.998051505000035 ], [ 13.730904180000039, 12.579722792000041 ], [ 14.429399612000054, 13.896670709000036 ], [ 14.751491915000031, 14.89254386500005 ], [ 14.75079512700006, 15.831725221000056 ], [ 14.588916701000072, 16.455416613000068 ], [ 13.673186826000061, 17.851230700000031 ], [ 13.457354834000057, 18.673235796000029 ], [ 12.595626112000048, 19.796899440000061 ], [ 12.326055081000051, 20.50784138400007 ], [ 12.002336934000018, 21.668557274000023 ], [ 11.571322163000048, 22.420516736000025 ], [ 10.925047189000054, 23.218092370000022 ], [ 10.494062263000046, 23.912042874000065 ], [ 9.847709869000028, 24.798749914000041 ], [ 9.41661767300007, 25.630359854000062 ], [ 9.415185385000035, 27.420055248000047 ], [ 9.360487458000021, 28.518109084000059 ], [ 9.467521975000068, 29.228098653000075 ], [ 9.466399374000048, 30.58666169900004 ], [ 9.51926904000004, 31.696680943000047 ], [ 9.786981964000063, 33.246463926000047 ], [ 9.800021867000059, 33.334209059000052 ], [ 12.442161611000074, 34.587531758000068 ], [ 12.854077197000032, 35.04185041900007 ], [ 13.063469766000026, 35.498706932000061 ], [ 13.111058986000048, 36.031706197000069 ], [ 13.011062441000034, 36.224007245000053 ], [ 12.987327014000073, 36.26965229800004 ], [ 13.491772747000027, 36.250616610000066 ], [ 14.034622133000028, 36.320212685000058 ], [ 14.371743890000062, 36.17675661800007 ], [ 15.708646802000032, 36.250573344000031 ] ] ] } },
{ "type": "Feature", "properties": { "ANCHOR": 0, "TIME": 600.0, "FILE1": "Global_EarthByte_GPlates_PresentDay_StaticPlatePolygons.gpmlz", "RECONFILE1": "Zahirovic_etal_2022_OptimisedMantleRef_and_NNRMantleRef.rot", "OBJECTID_1": "1131", "PLATEID1": 173, "FROMAGE": 600.0, "TOAGE": -999.0, "NAME": "Purcell Mountains North America Craton", "PLATEID2": 0, "GPGIM_TYPE": "gpml:ClosedContinentalBoundary", "L_PLATE": 0, "R_PLATE": 0, "SPREAD_ASY": 0.0, "IMPORT_AGE": 0.0, "Shape_Leng": 51.597000349699996, "Shape_Area": 63.838060728000002, "FEATURE_ID": "GPlates-fb68ea87-1144-45d7-bc2a-355ae4e3fc92" }, "geometry": { "type": "Polygon", "coordinates": [ [ [ -123.814123944999949, 51.376419457000047 ], [ -123.04734721799997, 51.131016310000064 ], [ -123.043494758999941, 51.131092204000034 ], [ -123.13710022, 51.183202744000027 ], [ -122.149318188, 50.805209764000033 ], [ -121.412683748999939, 50.495888175000061 ], [ -121.532813829999938, 50.11450553800006 ], [ -121.499805844999969, 49.937695320000046 ], [ -120.697969401999956, 48.794623439000077 ], [ -119.425893309999978, 48.734695011000028 ], [ -119.464799880999976, 48.486402512000033 ], [ -119.465900420999972, 48.159002304000069 ], [ -119.522699355999976, 47.907701492000058 ], [ -119.59969901999996, 47.696001053000032 ], [ -119.529998778999982, 47.494699478000022 ], [ -119.277599335, 47.150602341000074 ], [ -118.967899322999969, 46.949800491000076 ], [ -118.583599090999954, 46.69750022900007 ], [ -117.992898940999979, 46.496702194000065 ], [ -117.597099303999983, 46.490999222000013 ], [ -117.241498946999954, 46.479501724000031 ], [ -117.017799376999974, 46.45660209700003 ], [ -116.77689933799995, 46.513902664000064 ], [ -116.421298980999964, 46.502401352000042 ], [ -116.214899062999976, 46.439401627000052 ], [ -116.039199829, 46.082300186000055 ], [ -116.067699431999984, 45.781702042000063 ], [ -116.136499404999952, 45.391702652000049 ], [ -116.20529937699996, 45.196699142000043 ], [ -116.216798781999955, 44.984502792000058 ], [ -116.09059906, 44.525602341000081 ], [ -115.947198867999987, 44.106901169000025 ], [ -115.895599364999967, 43.871801376000064 ], [ -115.660400390999953, 43.458799362000036 ], [ -115.39659881599998, 43.24659919700008 ], [ -115.035299300999966, 43.068799973000068 ], [ -114.691099166999948, 42.942602158000057 ], [ -113.997098922999953, 42.799200058000054 ], [ -113.779100417999985, 42.759801865000043 ], [ -114.240699767999956, 42.575101852000046 ], [ -115.255800246999982, 42.369401932000066 ], [ -116.31200027499996, 42.122499466000079 ], [ -117.381999969, 41.971601486000054 ], [ -117.958200454999954, 41.957899094000027 ], [ -118.932100295999987, 42.094999313000073 ], [ -120.070699691999948, 41.916700363000075 ], [ -121.277799605999974, 41.985300064000057 ], [ -121.949998855999979, 42.094999313000073 ], [ -122.311199188, 42.27179908800008 ], [ -122.59469986, 42.41050148000005 ], [ -124.254598617999989, 42.492799759000043 ], [ -125.157499312999974, 42.696001053000025 ], [ -125.158420714999977, 42.710654537000046 ], [ -125.163900374999969, 42.797800064000057 ], [ -125.18989944499998, 43.045202255000049 ], [ -125.281099318999949, 43.227502823000066 ], [ -125.333099364999953, 43.474802017000059 ], [ -125.359199523999976, 43.683099747000028 ], [ -125.267999648999989, 43.969602585000068 ], [ -125.281099318999949, 44.151800156000036 ], [ -125.320098876999964, 44.373201370000061 ], [ -125.267999648999989, 44.581499100000023 ], [ -125.320098876999964, 44.920000076000058 ], [ -125.411199569999951, 45.102201462000018 ], [ -125.424299239999982, 45.635999680000054 ], [ -125.50239944499998, 46.000501633000056 ], [ -125.658599854, 46.26090049700008 ], [ -125.788799285999971, 46.560400009000034 ], [ -125.86689948999998, 46.794702530000052 ], [ -125.944999694999979, 46.989999771000051 ], [ -126.010099410999942, 47.17230033900006 ], [ -126.11429977399996, 47.406602859000017 ], [ -126.270500182999982, 47.771100998000072 ], [ -126.400699614999951, 48.096601486000047 ], [ -126.46579933199996, 48.265901566000082 ], [ -126.752199172999951, 48.448099136000039 ], [ -127.155799865999981, 48.656400681000036 ], [ -127.455299376999974, 48.838701248000056 ], [ -127.572399138999984, 49.034002304000062 ], [ -127.624500274999946, 49.268301010000066 ], [ -127.643739456, 49.305032733000061 ], [ -127.2272, 49.1932 ], [ -126.668, 49.0168 ], [ -126.568955194999944, 48.981176378000043 ], [ -126.7959, 49.2323 ], [ -127.069, 49.3083 ], [ -127.2459, 49.4933 ], [ -127.5985, 49.6839 ], [ -127.9237, 49.8204 ], [ -128.105946123999956, 49.866132458000031 ], [ -128.449998855999979, 50.104501724000031 ], [ -128.765769276999947, 50.307237394000026 ], [ -129.38659858699998, 50.698701859000039 ], [ -129.418613523999966, 50.717408806000044 ], [ -127.606709433999981, 50.076776242000051 ], [ -126.584886913, 49.198479947000074 ], [ -125.654834613999981, 48.956876254000065 ], [ -125.059503168, 48.551171426000046 ], [ -124.612928273999955, 48.279917228000045 ], [ -123.87822437899996, 48.100195107000033 ], [ -123.436157087999973, 48.226992980000041 ], [ -123.221054010999978, 48.428712052000037 ], [ -123.154762697999942, 48.526279414000044 ], [ -123.187389625, 48.514477130000046 ], [ -123.075995434999982, 48.641445635000082 ], [ -123.143755825999961, 48.97819220700007 ], [ -123.410782451, 49.340551189000045 ], [ -124.040884567999967, 49.825646115000033 ], [ -124.742252543999939, 50.850145102000056 ], [ -124.432408767999959, 50.849705587000074 ], [ -124.392575618999956, 50.75999177500006 ], [ -124.015560568999959, 50.808311527000043 ], [ -123.918336411999988, 51.21617104400007 ], [ -124.023759547999973, 51.441493209000029 ], [ -123.814123944999949, 51.376419457000047 ] ] ] } },
{ "type": "Feature", "properties": { "ANCHOR": 0, "TIME": 600.0, "FILE1": "Global_EarthByte_GPlates_PresentDay_StaticPlatePolygons.gpmlz", "RECONFILE1": "Zahirovic_etal_2022_OptimisedMantleRef_and_NNRMantleRef.rot", "OBJECTID_1": "1136", "PLATEID1": 16103, "FROMAGE": 600.0, "TOAGE": -999.0, "NAME": "Slide Mountain Terrane (OCT)", "PLATEID2": 0, "GPGIM_TYPE": "gpml:ClosedContinentalBoundary", "L_PLATE": 0, "R_PLATE": 0, "SPREAD_ASY": 0.0, "IMPORT_AGE": 0.0, "Shape_Leng": 2.1071450122400002, "Shape_Area": 0.19697213612799999, "FEATURE_ID": "GPlates-a200d097-b9f8-415e-94b4-daa6e0e964ac" }, "geometry": { "type": "Polygon", "coordinates": [ [ [ -122.806712485, 54.208351072000028 ], [ -122.546888159, 54.137966446000064 ], [ -122.272592327999959, 53.917066761000051 ], [ -122.185498891999941, 53.510822928000046 ], [ -122.201662480999985, 53.441790981000061 ], [ -122.38344761999997, 53.550324153000069 ], [ -122.543600081999969, 53.735300064000057 ], [ -122.769300460999958, 54.105699539000049 ], [ -122.806712485, 54.208351072000028 ] ] ] } },
{ "type": "Feature", "properties": { "ANCHOR": 0, "TIME": 600.0, "FILE1": "Global_EarthByte_GPlates_PresentDay_StaticPlatePolygons.gpmlz", "RECONFILE1": "Zahirovic_etal_2022_OptimisedMantleRef_and_NNRMantleRef.rot", "OBJECTID_1": "1137", "PLATEID1": 18102, "FROMAGE": 600.0, "TOAGE": -999.0, "NAME": "Ruby Terrane", "PLATEID2": 0, "GPGIM_TYPE": "gpml:ClosedContinentalBoundary", "L_PLATE": 0, "R_PLATE": 0, "SPREAD_ASY": 0.0, "IMPORT_AGE": 0.0, "Shape_Leng": 13.6750972725, "Shape_Area": 3.9124739184099999, "FEATURE_ID": "GPlates-9771bbcf-9c82-472d-a32e-5b22d713dbdb" }, "geometry": { "type": "Polygon", "coordinates": [ [ [ -153.314682984999962, 65.084337349000052 ], [ -153.626283957999959, 64.674441367000043 ], [ -153.80987307999996, 64.61245939500003 ], [ -154.673007032999976, 64.312954945000058 ], [ -155.033980912999965, 64.018730301000062 ], [ -155.43758400599998, 63.896642386000053 ], [ -156.12636199100001, 63.682237951000047 ], [ -157.00331548799997, 63.245161881000058 ], [ -157.371344056999959, 62.916398251000032 ], [ -157.419564939999958, 62.700568761000071 ], [ -157.456391514999979, 62.408150846000062 ], [ -157.485916188999965, 62.397601648000034 ], [ -158.783232183999985, 61.989333345000041 ], [ -158.806064276999962, 62.237842527000062 ], [ -158.866572204999983, 62.381108667000021 ], [ -158.774876039999981, 62.487180051000053 ], [ -158.764169589999966, 62.705517415000038 ], [ -158.561778731999965, 63.019821409000038 ], [ -158.138862963999969, 63.43787436100007 ], [ -157.977845622999979, 63.493049921000079 ], [ -157.422592842999961, 63.679789834000076 ], [ -156.322215946999961, 64.029696396000077 ], [ -155.707252490999963, 64.364987141000029 ], [ -155.624576627999971, 64.622899164000046 ], [ -155.594042230999975, 64.766177515000038 ], [ -155.104805426999974, 64.852454594000051 ], [ -154.301643043999974, 64.983168672000048 ], [ -153.314682984999962, 65.084337349000052 ] ] ] } },
{ "type": "Feature", "properties": { "ANCHOR": 0, "TIME": 600.0, "FILE1": "Global_EarthByte_GPlates_PresentDay_StaticPlatePolygons.gpmlz", "RECONFILE1": "Zahirovic_etal_2022_OptimisedMantleRef_and_NNRMantleRef.rot", "OBJECTID_1": "1138", "PLATEID1": 18102, "FROMAGE": 600.0, "TOAGE": -999.0, "NAME": "Ruby Terrane", "PLATEID2": 0, "GPGIM_TYPE": "gpml:ClosedContinentalBoundary", "L_PLATE": 0, "R_PLATE": 0, "SPREAD_ASY": 0.0, "IMPORT_AGE": 0.0, "Shape_Leng": 2.51738334755, "Shape_Area": 0.22130865196, "FEATURE_ID": "GPlates-66e0f1d6-8aa5-42e8-808a-140aecf38795" }, "geometry": { "type": "Polygon", "coordinates": [ [ [ -153.209244321999961, 64.012835862000031 ], [ -154.087952577999971, 63.510319367000065 ], [ -154.324387881999968, 63.685478393000039 ], [ -154.104300320999982, 63.902435471000054 ], [ -153.209244321999961, 64.012835862000031 ] ] ] } },
{ "type": "Feature", "properties": { "ANCHOR": 0, "TIME": 600.0, "FILE1": "Global_EarthByte_GPlates_PresentDay_StaticPlatePolygons.gpmlz", "RECONFILE1": "Zahirovic_etal_2022_OptimisedMantleRef_and_NNRMantleRef.rot", "OBJECTID_1": "1142", "PLATEID1": 601, "FROMAGE": 600.0, "TOAGE": -999.0, "NAME": "North China", "PLATEID2": 0, "GPGIM_TYPE": "gpml:ClosedContinentalBoundary", "L_PLATE": 0, "R_PLATE": 0, "SPREAD_ASY": 0.0, "IMPORT_AGE": 0.0, "Shape_Leng": 20.7066447461, "Shape_Area": 19.874854167, "FEATURE_ID": "GPlates-1e5d4192-9001-49db-831e-4558b31acd3b" }, "geometry": { "type": "Polygon", "coordinates": [ [ [ 129.122208068000077, 32.216682549000041 ], [ 129.136033671000064, 31.884720739000041 ], [ 128.964111328000058, 31.921875 ], [ 128.582153320000089, 31.583312988000039 ], [ 127.852233887000025, 31.359985352000027 ], [ 125.791442871000086, 31.24053955100004 ], [ 124.389160156000116, 31.296630859000061 ], [ 123.52545166000003, 31.416748047000059 ], [ 124.615783691000061, 32.702880859000061 ], [ 124.71320838400004, 32.832835144000057 ], [ 124.794677734000061, 32.891418457000043 ], [ 125.352539062000133, 33.544372559000067 ], [ 126.109130859000075, 34.300720215000077 ], [ 126.423767090000069, 34.781005859000061 ], [ 127.227600098000039, 35.808593750000057 ], [ 128.137756348000039, 36.649475098000032 ], [ 128.693908691000047, 37.493835449000073 ], [ 128.934521565000068, 37.898008950000076 ], [ 129.169997952000017, 37.630001632000074 ], [ 129.55151408200004, 37.255798522000077 ], [ 129.690001971000015, 37.099998873000061 ], [ 129.79834001200004, 36.922882814000047 ], [ 129.761169043000109, 36.329925716000062 ], [ 129.72203106500001, 36.166984515000024 ], [ 129.433258002000116, 34.964591702000064 ], [ 129.026215085000103, 33.358291637000029 ], [ 129.122208068000077, 32.216682549000041 ] ] ] } },
{ "type": "Feature", "properties": { "ANCHOR": 0, "TIME": 600.0, "FILE1": "Global_EarthByte_GPlates_PresentDay_StaticPlatePolygons.gpmlz", "RECONFILE1": "Zahirovic_etal_2022_OptimisedMantleRef_and_NNRMantleRef.rot", "OBJECTID_1": "1143", "PLATEID1": 601, "FROMAGE": 600.0, "TOAGE": -999.0, "NAME": "North China", "PLATEID2": 0, "GPGIM_TYPE": "gpml:ClosedContinentalBoundary", "L_PLATE": 0, "R_PLATE": 0, "SPREAD_ASY": 0.0, "IMPORT_AGE": 0.0, "Shape_Leng": 38.931222506899999, "Shape_Area": 83.524080966100001, "FEATURE_ID": "GPlates-1cc677dd-f71f-45de-8715-77caea521659" }, "geometry": { "type": "Polygon", "coordinates": [ [ [ 128.067158522000113, 42.374705211000048 ], [ 129.48549661800007, 41.402880961000051 ], [ 129.881641248000051, 41.283541476000039 ], [ 129.850006169000039, 41.130001503000074 ], [ 129.864135997000062, 40.861110783000072 ], [ 129.880005036000057, 40.749999612000067 ], [ 129.557907080000064, 40.527671493000078 ], [ 128.714965961000075, 39.96236765000004 ], [ 128.218414002000031, 39.518478685000041 ], [ 128.149993926000093, 39.209999690000075 ], [ 128.272994913000048, 38.867481681000072 ], [ 128.49128712400011, 38.492572751000068 ], [ 128.61000109500003, 38.27000076500007 ], [ 128.934521565000068, 37.898008950000076 ], [ 128.693908691000047, 37.493835449000073 ], [ 128.137756348000039, 36.649475098000032 ], [ 127.227600098000039, 35.808593750000057 ], [ 126.423767090000069, 34.781005859000061 ], [ 126.109130859000075, 34.300720215000077 ], [ 125.352539062000133, 33.544372559000067 ], [ 124.794677734000061, 32.891418457000043 ], [ 124.71320838400004, 32.832835144000057 ], [ 124.615783691000061, 32.702880859000061 ], [ 123.52545166000003, 31.416748047000059 ], [ 123.276000977000095, 31.451293945000035 ], [ 122.343783933000068, 31.487744772000045 ], [ 121.268737793000028, 31.565917969000061 ], [ 120.321166992000016, 31.329833984000064 ], [ 120.073913574000017, 31.289794922000056 ], [ 119.418273926000097, 31.183532715000069 ], [ 117.987426758000083, 31.28125 ], [ 117.312255859000047, 31.424438477000027 ], [ 117.266551591000038, 31.376175223000079 ], [ 117.247558594000111, 31.438110352000024 ], [ 117.764101028000042, 32.878236771000047 ], [ 118.598999023000033, 34.552429199000066 ], [ 119.083681107000061, 35.672182083000052 ], [ 119.247558594000111, 37.506591797000063 ], [ 120.22455183700005, 38.951490967000041 ], [ 121.265429126000072, 40.193302896000034 ], [ 122.508607864000041, 41.371339798000065 ], [ 123.260445225000012, 41.864652984000045 ], [ 123.733347674000015, 41.665536164000059 ], [ 125.204216811000052, 42.033253448000032 ], [ 126.333634183000086, 42.453501772000038 ], [ 127.174130832000046, 42.584829374000044 ], [ 128.067158522000113, 42.374705211000048 ] ] ] } },
{ "type": "Feature", "properties": { "ANCHOR": 0, "TIME": 600.0, "FILE1": "Global_EarthByte_GPlates_PresentDay_StaticPlatePolygons.gpmlz", "RECONFILE1": "Zahirovic_etal_2022_OptimisedMantleRef_and_NNRMantleRef.rot", "OBJECTID_1": "1144", "PLATEID1": 61601, "FROMAGE": 600.0, "TOAGE": -999.0, "NAME": "West Qiangtang", "PLATEID2": 0, "GPGIM_TYPE": "gpml:ClosedContinentalBoundary", "L_PLATE": 0, "R_PLATE": 0, "SPREAD_ASY": 0.0, "IMPORT_AGE": 0.0, "Shape_Leng": 35.963835213599999, "Shape_Area": 24.304484501699999, "FEATURE_ID": "GPlates-78f1d378-8e2a-41c3-98cc-840b1db9eb3d" }, "geometry": { "type": "Polygon", "coordinates": [ [ [ 81.409996001000081, 35.130001597000039 ], [ 81.900002036000046, 35.119998797000051 ], [ 82.360001082000053, 35.139999630000034 ], [ 82.949996982000073, 35.130001597000039 ], [ 83.529999088000068, 35.139999630000034 ], [ 83.622179257000084, 35.102048296000092 ], [ 83.779775620000066, 35.076860428000039 ], [ 84.147402315000079, 34.748495228000024 ], [ 84.250908869000057, 34.705664930000069 ], [ 84.579275131000031, 34.687818527000047 ], [ 84.707765579000068, 34.63428306600008 ], [ 84.889795303000085, 34.462961197000027 ], [ 84.921918869000081, 34.323762894000019 ], [ 85.03613090500005, 34.198839188000079 ], [ 85.285974503000034, 33.991827011000055 ], [ 85.28954359800008, 33.95613471300004 ], [ 85.178094177000048, 33.91733588500005 ], [ 84.968317032000073, 33.891889572000025 ], [ 84.968316362000053, 33.852628159000062 ], [ 85.407327652000049, 33.809797287000045 ], [ 85.514402390000043, 33.809797287000045 ], [ 85.560802153000054, 33.788382712000043 ], [ 85.592924118000042, 33.663461685000073 ], [ 85.671449661000054, 33.563524246000043 ], [ 85.760676877000037, 33.513554966000072 ], [ 85.899875346000044, 33.488570626000069 ], [ 86.035504623000065, 33.485001434000011 ], [ 86.196118241000079, 33.563523647000068 ], [ 86.29605560300007, 33.577800413000034 ], [ 86.328180313000075, 33.620630264000056 ], [ 86.492361136000056, 33.642045860000053 ], [ 86.649408340000036, 33.609922409000035 ], [ 86.852849960000071, 33.527833939000061 ], [ 86.892110586000058, 33.43503275300003 ], [ 86.945650101000069, 33.417188644000078 ], [ 87.203775260000043, 33.378616124000075 ], [ 87.368553581000072, 33.369480498000023 ], [ 87.563118589000055, 33.367218114000025 ], [ 88.458985658000074, 33.410048412000037 ], [ 88.894427022000059, 33.395771646000071 ], [ 89.183531534000053, 33.402910029000054 ], [ 89.319160812000064, 33.342233774000078 ], [ 89.604696274000048, 33.238729477000042 ], [ 89.918784985000059, 33.099528751000044 ], [ 90.000876390000045, 33.085251985000063 ], [ 90.143644333000054, 33.09596061700006 ], [ 90.397058487000038, 33.042421341000079 ], [ 90.550531882000087, 32.896084835000067 ], [ 90.821790695000061, 32.574857712000032 ], [ 90.950281331000042, 32.349998534000065 ], [ 91.085910357000046, 32.157262549000045 ], [ 91.065656662000038, 32.079233170000073 ], [ 91.000880988000063, 31.981058312000073 ], [ 90.650468826000065, 31.995458603000039 ], [ 90.549342151000076, 31.995458844000041 ], [ 90.441661053000075, 32.077948794000065 ], [ 90.035378574000049, 32.138226505000041 ], [ 89.691546459000051, 32.14774434900005 ], [ 89.427427292000061, 32.172731400000032 ], [ 88.995554115000061, 32.244112519000055 ], [ 88.56725113400006, 32.344049882000043 ], [ 88.413778305000051, 32.361898422000024 ], [ 88.174640068000031, 32.351188265000076 ], [ 87.931936264000058, 32.433279037000034 ], [ 87.753477097000101, 32.486818314000061 ], [ 87.514341354000067, 32.454694748000065 ], [ 87.278772354000068, 32.383310318000042 ], [ 87.082467466000082, 32.369034222000039 ], [ 86.900881566000066, 32.414430720000041 ], [ 86.700563431000035, 32.458265305000054 ], [ 86.568503889000056, 32.465402393000041 ], [ 86.461428143000049, 32.458264010000057 ], [ 86.272002173000033, 32.431679454000061 ], [ 85.419225693000044, 32.411867142000062 ], [ 85.222921371000041, 32.379743576000067 ], [ 85.065874264000058, 32.347619073000025 ], [ 84.869568731000072, 32.376172605000079 ], [ 84.594743729000072, 32.461835861000054 ], [ 84.334192276000067, 32.497526169000025 ], [ 84.170007706000035, 32.501096725000025 ], [ 83.902318954000066, 32.547494888000074 ], [ 83.652474426000083, 32.615308436000078 ], [ 83.316972733000057, 32.675985336000053 ], [ 83.079160094000031, 32.677119185000038 ], [ 82.731623017000061, 32.708107416000075 ], [ 82.471071243000054, 32.779493332000072 ], [ 82.160554886000057, 32.932966232000069 ], [ 81.989231183000072, 32.972227587000077 ], [ 81.681226730000049, 32.998838425000024 ], [ 80.908243179000067, 33.17551994300004 ], [ 80.579401016000091, 33.236349106000034 ], [ 80.290296555000054, 33.314870834000033 ], [ 80.04402351400006, 33.414808273000062 ], [ 79.819162746000075, 33.546867420000069 ], [ 79.729932785000074, 33.643236160000072 ], [ 79.10630989100008, 34.042215347000024 ], [ 77.933889098000066, 34.459074657000031 ], [ 77.386759918000052, 34.745666132000053 ], [ 76.626512055000035, 35.275535855000044 ], [ 76.317398021000031, 35.385189654000044 ], [ 76.001998913000079, 35.511600723000072 ], [ 75.636498037000081, 35.613399727000058 ], [ 75.386199866000084, 35.702899587000047 ], [ 75.09580184400005, 35.776100594000077 ], [ 74.778258787000084, 35.822860796000043 ], [ 74.860000979000063, 35.950000818000028 ], [ 75.07322707000003, 36.097778624000057 ], [ 75.620162807000042, 36.267490722000048 ], [ 76.140105904000052, 36.371341850000093 ], [ 76.268646088000082, 36.392154633000075 ], [ 76.439407116000041, 36.411128611000024 ], [ 76.639998899000034, 36.419998779000025 ], [ 76.949997077000035, 36.360000869000032 ], [ 76.978303259000029, 36.357978818000049 ], [ 77.370002931000045, 36.329997764000041 ], [ 77.699996999000064, 36.290000688000077 ], [ 78.30999797100003, 36.189998638000077 ], [ 78.589995870000052, 35.999999812000055 ], [ 78.930000155000073, 35.849998768000034 ], [ 79.319999903000053, 35.569999809000024 ], [ 79.639998940000055, 35.470001645000025 ], [ 80.070000001000039, 35.350002822000079 ], [ 80.320000093000033, 35.260002691000075 ], [ 80.610000969000055, 35.229999586000083 ], [ 80.980003062000037, 35.180000592000056 ], [ 81.409996001000081, 35.130001597000039 ] ] ] } },
{ "type": "Feature", "properties": { "ANCHOR": 0, "TIME": 600.0, "FILE1": "Global_EarthByte_GPlates_PresentDay_StaticPlatePolygons.gpmlz", "RECONFILE1": "Zahirovic_etal_2022_OptimisedMantleRef_and_NNRMantleRef.rot", "OBJECTID_1": "1145", "PLATEID1": 61601, "FROMAGE": 600.0, "TOAGE": -999.0, "NAME": "West Qiangtang", "PLATEID2": 0, "GPGIM_TYPE": "gpml:ClosedContinentalBoundary", "L_PLATE": 0, "R_PLATE": 0, "SPREAD_ASY": 0.0, "IMPORT_AGE": 0.0, "Shape_Leng": 10.6555168486, "Shape_Area": 1.4548099221, "FEATURE_ID": "GPlates-03eab772-1508-4fb2-b3f6-a3875b6bdf41" }, "geometry": { "type": "Polygon", "coordinates": [ [ [ 93.142960287000051, 31.928537725000062 ], [ 93.058012788000042, 31.999893625000027 ], [ 93.434438621000083, 31.996648575000062 ], [ 94.11615419900005, 31.982371809000032 ], [ 94.230368328000054, 32.014494532000072 ], [ 94.387412754000081, 31.978802617000042 ], [ 94.62654858500008, 31.896711213000067 ], [ 94.883530374000031, 31.778927893000059 ], [ 95.222603567000078, 31.678990531000071 ], [ 95.415339908000078, 31.564776402000064 ], [ 95.673862880000058, 31.456676565000063 ], [ 95.981131605000087, 31.35790138200008 ], [ 96.294848967000064, 31.236088238000036 ], [ 96.546773617000042, 31.115058272000056 ], [ 96.728802384000062, 30.990136569000072 ], [ 96.807731669000077, 30.922169685000032 ], [ 96.909339214000056, 30.824843400000081 ], [ 97.000060938000047, 30.72958558900006 ], [ 97.129179445000034, 30.584327269000028 ], [ 97.200753979000069, 30.48823377400004 ], [ 97.309761300000048, 30.302489096000041 ], [ 97.429447394000078, 30.086133465000046 ], [ 97.480692541000053, 29.975349270000041 ], [ 97.521162899000046, 29.865841244000023 ], [ 97.527111551000075, 29.717124931000058 ], [ 97.414087153000082, 29.907481812000075 ], [ 97.283216798000069, 30.026454862000037 ], [ 97.098808570000074, 30.085941387000052 ], [ 96.884657079000078, 30.109735997000026 ], [ 96.759735377000084, 30.181119827000032 ], [ 96.55153253900005, 30.413117275000047 ], [ 96.289791828000034, 30.651063376000021 ], [ 95.950718635000044, 30.942547349000055 ], [ 95.641388704000065, 31.204288060000067 ], [ 95.472718494000048, 31.332825376000084 ], [ 95.40661635400005, 31.353352536000045 ], [ 94.840305931000046, 31.515570949000054 ], [ 94.792362511000093, 31.526634815000072 ], [ 94.606323166000038, 31.632591041000079 ], [ 94.326736498000059, 31.751564091000045 ], [ 94.035252525000033, 31.822947921000036 ], [ 93.874638907000076, 31.870537142000043 ], [ 93.577240220000078, 31.915146945000064 ], [ 93.232184436000068, 31.947869624000077 ], [ 93.142960287000051, 31.928537725000062 ] ] ] } },
{ "type": "Feature", "properties": { "ANCHOR": 0, "TIME": 600.0, "FILE1": "Global_EarthByte_GPlates_PresentDay_StaticPlatePolygons.gpmlz", "RECONFILE1": "Zahirovic_etal_2022_OptimisedMantleRef_and_NNRMantleRef.rot", "OBJECTID_1": "1146", "PLATEID1": 61602, "FROMAGE": 600.0, "TOAGE": -999.0, "NAME": "Amdo Micrcontinent", "PLATEID2": 0, "GPGIM_TYPE": "gpml:ClosedContinentalBoundary", "L_PLATE": 0, "R_PLATE": 0, "SPREAD_ASY": 0.0, "IMPORT_AGE": 0.0, "Shape_Leng": 4.56517346497, "Shape_Area": 0.79728826568900002, "FEATURE_ID": "GPlates-91e064fb-ba4a-4640-a898-20d100897a5f" }, "geometry": { "type": "Polygon", "coordinates": [ [ [ 93.058012788000042, 31.999893625000027 ], [ 93.142960287000051, 31.928537725000062 ], [ 92.992075685000032, 31.895846062000036 ], [ 92.621142770000063, 31.807006513000037 ], [ 92.323194366000052, 31.775125146000047 ], [ 92.074793884000087, 31.769725136000037 ], [ 91.780713222000031, 31.775358701000059 ], [ 91.394050809000078, 31.828896574000044 ], [ 91.227488538000046, 31.912177709000048 ], [ 91.084720878000041, 31.977612887000081 ], [ 91.000880988000063, 31.981058312000073 ], [ 91.065656662000038, 32.079233170000073 ], [ 91.085910357000046, 32.157262549000045 ], [ 91.168002013000034, 32.167969767000052 ], [ 91.503506015000085, 32.260768747000043 ], [ 91.898522588000048, 32.326531918000057 ], [ 92.188790784000048, 32.339290960000028 ], [ 92.474326105000046, 32.232215214000071 ], [ 92.816968490000079, 32.05375563900003 ], [ 92.958595216000049, 32.016485448000026 ], [ 93.058012788000042, 31.999893625000027 ] ] ] } },
{ "type": "Feature", "properties": { "ANCHOR": 0, "TIME": 600.0, "FILE1": "Global_EarthByte_GPlates_PresentDay_StaticPlatePolygons.gpmlz", "RECONFILE1": "Zahirovic_etal_2022_OptimisedMantleRef_and_NNRMantleRef.rot", "OBJECTID_1": "1147", "PLATEID1": 554, "FROMAGE": 600.0, "TOAGE": -999.0, "NAME": "Ladakh", "PLATEID2": 0, "GPGIM_TYPE": "gpml:ClosedContinentalBoundary", "L_PLATE": 0, "R_PLATE": 0, "SPREAD_ASY": 0.0, "IMPORT_AGE": 0.0, "Shape_Leng": 5.5618023157299996, "Shape_Area": 0.733020673545, "FEATURE_ID": "GPlates-104f48ca-0a6b-45a4-a2e5-ad456bd61bb5" }, "geometry": { "type": "Polygon", "coordinates": [ [ [ 77.020364629000085, 34.299627684000029 ], [ 76.667538455000056, 34.339721567000019 ], [ 76.387951787000077, 34.381362135000074 ], [ 75.965232534000052, 34.421757964000051 ], [ 75.578935045000037, 34.452745965000076 ], [ 75.251759157000038, 34.530078448000047 ], [ 74.978121141000031, 34.631205540000046 ], [ 74.865096743000038, 34.90484355600006 ], [ 74.728277735000063, 35.095200437000074 ], [ 74.721137835000036, 35.358783658000057 ], [ 74.842468901000075, 35.470030707000035 ], [ 75.209998883000097, 35.119998797000051 ], [ 76.190001948000031, 34.540000576000068 ], [ 76.870002924000062, 34.409999836000054 ], [ 77.020364629000085, 34.299627684000029 ] ] ] } },
{ "type": "Feature", "properties": { "ANCHOR": 0, "TIME": 600.0, "FILE1": "Global_EarthByte_GPlates_PresentDay_StaticPlatePolygons.gpmlz", "RECONFILE1": "Zahirovic_etal_2022_OptimisedMantleRef_and_NNRMantleRef.rot", "OBJECTID_1": "1177", "PLATEID1": 60201, "FROMAGE": 600.0, "TOAGE": -999.0, "NAME": "Hainan", "PLATEID2": 0, "GPGIM_TYPE": "gpml:ClosedContinentalBoundary", "L_PLATE": 0, "R_PLATE": 0, "SPREAD_ASY": 0.0, "IMPORT_AGE": 0.0, "Shape_Leng": 11.7347309603, "Shape_Area": 5.6210169479400003, "FEATURE_ID": "GPlates-4b6ee0f1-de08-44c7-8699-36a67157c86f" }, "geometry": { "type": "Polygon", "coordinates": [ [ [ 112.018822133000072, 19.643725544000063 ], [ 111.519807138000047, 18.387086214000078 ], [ 110.972949051000057, 18.063138126000069 ], [ 110.202003686000069, 17.39213012200003 ], [ 109.782360580000045, 16.905344120000048 ], [ 109.523764092000079, 17.064568433000034 ], [ 109.459106445000089, 17.259765625000057 ], [ 109.323791504000042, 17.544189453000058 ], [ 108.899658203000058, 18.023132324000073 ], [ 107.688781738000046, 19.471862793000074 ], [ 107.563171387000068, 19.554565430000025 ], [ 107.660129407000056, 19.62630228300003 ], [ 109.012939453000058, 19.331481934000067 ], [ 109.795898438000052, 19.279785156000067 ], [ 110.160585653000055, 19.280852620000076 ], [ 110.546569824000088, 19.281982422000056 ], [ 110.868896484000061, 19.302917481000069 ], [ 111.847229004000042, 19.661926270000041 ], [ 111.851886426000078, 19.665300752000064 ], [ 112.018822133000072, 19.643725544000063 ] ] ] } },
{ "type": "Feature", "properties": { "ANCHOR": 0, "TIME": 600.0, "FILE1": "Global_EarthByte_GPlates_PresentDay_StaticPlatePolygons.gpmlz", "RECONFILE1": "Zahirovic_etal_2022_OptimisedMantleRef_and_NNRMantleRef.rot", "OBJECTID_1": "1178", "PLATEID1": 612, "FROMAGE": 600.0, "TOAGE": -999.0, "NAME": "Northside South China Sea", "PLATEID2": 0, "GPGIM_TYPE": "gpml:ClosedContinentalBoundary", "L_PLATE": 0, "R_PLATE": 0, "SPREAD_ASY": 0.0, "IMPORT_AGE": 0.0, "Shape_Leng": 6.9999938351599997, "Shape_Area": 1.4169259681, "FEATURE_ID": "GPlates-c33ec40c-bfa2-41e6-a559-96711b805e63" }, "geometry": { "type": "Polygon", "coordinates": [ [ [ 110.168500400000084, 15.58071504000003 ], [ 110.110559335000076, 15.773158629000022 ], [ 109.906943084000034, 16.646446105000049 ], [ 109.782360580000045, 16.905344120000048 ], [ 110.202003686000069, 17.39213012200003 ], [ 110.972949051000057, 18.063138126000069 ], [ 111.519807138000047, 18.387086214000078 ], [ 111.521444717000065, 18.388056284000072 ], [ 111.444152832000043, 18.19366455100004 ], [ 111.460693359000061, 17.954711914000029 ], [ 111.246826172000056, 17.736938477000024 ], [ 110.84796142600004, 17.340026856000065 ], [ 110.481201172000056, 16.929321289000029 ], [ 110.506103516000053, 16.453247070000025 ], [ 110.461181641000053, 15.98925781300005 ], [ 110.168500400000084, 15.58071504000003 ] ] ] } },
{ "type": "Feature", "properties": { "ANCHOR": 0, "TIME": 600.0, "FILE1": "Global_EarthByte_GPlates_PresentDay_StaticPlatePolygons.gpmlz", "RECONFILE1": "Zahirovic_etal_2022_OptimisedMantleRef_and_NNRMantleRef.rot", "OBJECTID_1": "1187", "PLATEID1": 43400, "FROMAGE": 600.0, "TOAGE": -999.0, "NAME": "Viligia Terrane", "PLATEID2": 0, "GPGIM_TYPE": "gpml:ClosedContinentalBoundary", "L_PLATE": 0, "R_PLATE": 0, "SPREAD_ASY": 0.0, "IMPORT_AGE": 0.0, "Shape_Leng": 36.945174286300002, "Shape_Area": 36.962721493300002, "FEATURE_ID": "GPlates-715dac7e-d074-4d79-8774-764cf84aeebc" }, "geometry": { "type": "Polygon", "coordinates": [ [ [ 159.118288658000097, 61.71123479400007 ], [ 157.100613391000024, 61.077292818000011 ], [ 156.321, 60.4664 ], [ 155.035097787000041, 59.652796895000037 ], [ 153.7578298950001, 59.706020433000056 ], [ 152.849307923000083, 59.73365872200003 ], [ 150.666254367000079, 59.165584060000072 ], [ 150.475062168000022, 59.141915550000078 ], [ 150.469999973000085, 58.997100205000031 ], [ 150.40534057900004, 58.773890748000049 ], [ 150.3996791080001, 58.754346893000047 ], [ 148.435194864000096, 58.866208668000077 ], [ 148.406598306000092, 58.898655420000054 ], [ 147.863312214000075, 59.515088659000071 ], [ 145.230404966000037, 61.550865523000027 ], [ 144.145576832000074, 62.102732223000032 ], [ 144.114859035000109, 62.117874865000033 ], [ 144.632146674000069, 62.550204265000048 ], [ 146.305352710000079, 62.792423023000069 ], [ 147.518980163000037, 62.568527716000062 ], [ 147.792159260000062, 62.526972646000047 ], [ 147.929875638000112, 62.403174757000045 ], [ 148.645609704000094, 62.079415496000081 ], [ 149.647313127000075, 61.757791373000025 ], [ 150.327606011000057, 61.725819920000056 ], [ 151.078401962000044, 61.705189035000046 ], [ 151.861872408000067, 61.79829674500008 ], [ 152.648619974000098, 62.228127275000077 ], [ 152.500850861000117, 62.665132306000032 ], [ 153.807970189000116, 62.905213360000062 ], [ 157.297031009000079, 63.08174199400009 ], [ 157.475233932000037, 63.094759535000044 ], [ 157.496879746000104, 63.096320693000052 ], [ 159.191524923000088, 62.786753956000041 ], [ 160.462568323000028, 62.273834091000083 ], [ 160.882790868000029, 62.04894347700008 ], [ 160.386316484000076, 62.022493355000051 ], [ 159.118288658000097, 61.71123479400007 ] ] ] } },
{ "type": "Feature", "properties": { "ANCHOR": 0, "TIME": 600.0, "FILE1": "Global_EarthByte_GPlates_PresentDay_StaticPlatePolygons.gpmlz", "RECONFILE1": "Zahirovic_etal_2022_OptimisedMantleRef_and_NNRMantleRef.rot", "OBJECTID_1": "1189", "PLATEID1": 43204, "FROMAGE": 600.0, "TOAGE": -999.0, "NAME": "Omulevka Terrane 2", "PLATEID2": 0, "GPGIM_TYPE": "gpml:ClosedContinentalBoundary", "L_PLATE": 0, "R_PLATE": 0, "SPREAD_ASY": 0.0, "IMPORT_AGE": 0.0, "Shape_Leng": 8.4501091156299992, "Shape_Area": 3.4927555511300001, "FEATURE_ID": "GPlates-12e08979-e572-4f0b-b6d5-772e1025304c" }, "geometry": { "type": "Polygon", "coordinates": [ [ [ 150.80599518300005, 64.256296160000034 ], [ 151.001391738000052, 64.376638450000016 ], [ 151.037326567000036, 64.355269386000032 ], [ 151.611174429000016, 64.007427671000073 ], [ 151.495408962000056, 63.740826474000073 ], [ 150.814039165000054, 63.457399710000061 ], [ 150.077651299000081, 63.279336976000089 ], [ 148.846297047000121, 63.983904690000038 ], [ 147.960068062000119, 64.403098899000042 ], [ 148.257088028000112, 64.612867496000035 ], [ 148.880751428000053, 65.028579334000028 ], [ 149.475805019000063, 65.07868389500004 ], [ 149.539221565000048, 65.083842236000066 ], [ 149.863651052000023, 64.861439423000036 ], [ 150.491130481000027, 64.624590886000078 ], [ 150.80599518300005, 64.256296160000034 ] ] ] } },
{ "type": "Feature", "properties": { "ANCHOR": 0, "TIME": 600.0, "FILE1": "Global_EarthByte_GPlates_PresentDay_StaticPlatePolygons.gpmlz", "RECONFILE1": "Zahirovic_etal_2022_OptimisedMantleRef_and_NNRMantleRef.rot", "OBJECTID_1": "1191", "PLATEID1": 43203, "FROMAGE": 600.0, "TOAGE": -999.0, "NAME": "Prikolyma Terrane", "PLATEID2": 0, "GPGIM_TYPE": "gpml:ClosedContinentalBoundary", "L_PLATE": 0, "R_PLATE": 0, "SPREAD_ASY": 0.0, "IMPORT_AGE": 0.0, "Shape_Leng": 13.953820926900001, "Shape_Area": 10.206577920300001, "FEATURE_ID": "GPlates-f167e4e8-15e9-4eda-a9b5-bb2fe47df137" }, "geometry": { "type": "Polygon", "coordinates": [ [ [ 153.005399691000122, 63.750224272000082 ], [ 152.504017692000048, 63.666358414000065 ], [ 151.920253934000016, 63.814793002000044 ], [ 151.611174429000016, 64.007427671000073 ], [ 151.037326567000036, 64.355269386000032 ], [ 151.520558563000122, 64.758778461000077 ], [ 151.607059002000057, 65.004385391000028 ], [ 151.140670510000064, 65.178083972000081 ], [ 151.239219265000088, 65.731698705000042 ], [ 151.886435350000056, 66.404856748000043 ], [ 152.563228076000087, 66.624147083000111 ], [ 152.748660945000097, 66.777200245000074 ], [ 153.469918852000092, 67.138557332000047 ], [ 155.45539761100008, 67.248052954000059 ], [ 155.295401002000091, 66.911585616000082 ], [ 154.796273380000116, 65.95925048600003 ], [ 154.685343243000034, 65.625124150000033 ], [ 155.066489959000023, 65.249170020000065 ], [ 155.045629893000068, 64.717761621000065 ], [ 153.854220867000095, 64.356619647000073 ], [ 153.478609937000101, 63.956288290000032 ], [ 153.005399691000122, 63.750224272000082 ] ] ] } },
{ "type": "Feature", "properties": { "ANCHOR": 0, "TIME": 600.0, "FILE1": "Global_EarthByte_GPlates_PresentDay_StaticPlatePolygons.gpmlz", "RECONFILE1": "Zahirovic_etal_2022_OptimisedMantleRef_and_NNRMantleRef.rot", "OBJECTID_1": "1193", "PLATEID1": 16111, "FROMAGE": 600.0, "TOAGE": -999.0, "NAME": "Alexander Terrane", "PLATEID2": 0, "GPGIM_TYPE": "gpml:ClosedContinentalBoundary", "L_PLATE": 0, "R_PLATE": 0, "SPREAD_ASY": 0.0, "IMPORT_AGE": 0.0, "Shape_Leng": 15.1828893243, "Shape_Area": 5.8490368879599997, "FEATURE_ID": "GPlates-40ac0b2b-0727-4854-928e-0f45e234adc7" }, "geometry": { "type": "Polygon", "coordinates": [ [ [ -141.232633570999951, 60.913209831000032 ], [ -141.256716445, 60.985998332000065 ], [ -141.295026007999979, 61.042890697000082 ], [ -141.302398383999957, 61.042937313000046 ], [ -141.349224556999957, 61.101037918000031 ], [ -141.371929205999947, 61.195347209000033 ], [ -141.261872779999976, 61.300000126000043 ], [ -140.918312621000013, 61.328554076000053 ], [ -140.220858721999946, 61.310994209000064 ], [ -139.707586770999967, 61.228148399000077 ], [ -138.691944500999966, 60.982728129000066 ], [ -138.215729018, 60.870949548000063 ], [ -137.628463744999976, 60.424320221000066 ], [ -137.0597229, 60.062122344999977 ], [ -136.65539550799997, 59.783412933000079 ], [ -135.67033386199995, 59.289108276000036 ], [ -135.513763427999947, 59.220016479000037 ], [ -135.405319213999974, 59.130329132000028 ], [ -135.184465904999968, 58.76466345800003 ], [ -135.133056273999955, 58.686092135000088 ], [ -135.066900252999972, 58.496400833000031 ], [ -134.975898742999959, 58.25380134600006 ], [ -134.847416173999989, 58.046346174000064 ], [ -135.506460083999968, 58.223905767000062 ], [ -136.115426212999978, 58.608340170000083 ], [ -137.150717013999952, 59.133251664999982 ], [ -137.701873778999982, 59.463787079000042 ], [ -137.87409919299995, 59.51602285600007 ], [ -137.949600219999979, 59.559999466000079 ], [ -138.088922609999941, 59.605358475000067 ], [ -138.609199523999962, 59.759000778000036 ], [ -138.734199523999962, 59.821599960000071 ], [ -138.922082673999967, 59.881584933000063 ], [ -139.110705645999985, 60.031150934000031 ], [ -139.141713724999988, 60.055499655000062 ], [ -139.75643920899995, 60.313598633000076 ], [ -140.240692138999975, 60.470962524000015 ], [ -140.509094237999989, 60.524993896000062 ], [ -140.580968279999979, 60.55598702300005 ], [ -140.954119955999943, 60.716895424000029 ], [ -141.214547990999961, 60.858290378000056 ], [ -141.232633570999951, 60.913209831000032 ] ] ] } },
{ "type": "Feature", "properties": { "ANCHOR": 0, "TIME": 600.0, "FILE1": "Global_EarthByte_GPlates_PresentDay_StaticPlatePolygons.gpmlz", "RECONFILE1": "Zahirovic_etal_2022_OptimisedMantleRef_and_NNRMantleRef.rot", "OBJECTID_1": "1195", "PLATEID1": 43300, "FROMAGE": 600.0, "TOAGE": -999.0, "NAME": "Chukotka Peninsula (west of Bering Strait)", "PLATEID2": 0, "GPGIM_TYPE": "gpml:ClosedContinentalBoundary", "L_PLATE": 0, "R_PLATE": 0, "SPREAD_ASY": 0.0, "IMPORT_AGE": 0.0, "Shape_Leng": 18.833120554400001, "Shape_Area": 8.6792229008500001, "FEATURE_ID": "GPlates-8a1c8779-db66-40db-87b9-5d0da30f5227" }, "geometry": { "type": "Polygon", "coordinates": [ [ [ -180.0, 66.888489461000077 ], [ -180.0, 69.188411064000036 ], [ -179.419668377999983, 69.062825917000055 ], [ -177.594529728999987, 68.562962584000061 ], [ -176.141446825999964, 68.108830834000059 ], [ -172.527440380999963, 67.205547642000042 ], [ -171.889733408999973, 66.971355823000067 ], [ -174.139071233999971, 67.048087412000029 ], [ -174.41077939699997, 67.054813038000091 ], [ -177.477406102999964, 67.092786561000096 ], [ -179.540174129999968, 66.923540004000088 ], [ -180.0, 66.888489461000077 ] ] ] } },
{ "type": "Feature", "properties": { "ANCHOR": 0, "TIME": 600.0, "FILE1": "Global_EarthByte_GPlates_PresentDay_StaticPlatePolygons.gpmlz", "RECONFILE1": "Zahirovic_etal_2022_OptimisedMantleRef_and_NNRMantleRef.rot", "OBJECTID_1": "1196", "PLATEID1": 42300, "FROMAGE": 600.0, "TOAGE": -999.0, "NAME": "Hope Block", "PLATEID2": 0, "GPGIM_TYPE": "gpml:ClosedContinentalBoundary", "L_PLATE": 0, "R_PLATE": 0, "SPREAD_ASY": 0.0, "IMPORT_AGE": 0.0, "Shape_Leng": 36.0381279733, "Shape_Area": 24.6583160558, "FEATURE_ID": "GPlates-1ad6dd39-c632-41c8-a8f6-3928420c1844" }, "geometry": { "type": "Polygon", "coordinates": [ [ [ -180.0, 69.188411064000036 ], [ -180.0, 70.721386607000042 ], [ -178.296213354999963, 70.634807533000085 ], [ -174.581946593999987, 69.857694514000059 ], [ -169.157842973999976, 68.216757643000051 ], [ -167.845950020999965, 67.944631019000042 ], [ -166.181487350999959, 67.679440745000079 ], [ -164.256693866, 67.505089849000058 ], [ -164.134675711999961, 67.493037032000089 ], [ -163.703023917999985, 67.145099215000059 ], [ -163.176986205999981, 66.999620743000051 ], [ -164.745845911999965, 67.057833781000056 ], [ -166.189013019999976, 67.102751031000125 ], [ -167.744374673999971, 67.03628113700006 ], [ -168.465947683999985, 66.993674835000036 ], [ -169.403226182999958, 66.938331896000079 ], [ -170.137111989999966, 66.889621215000034 ], [ -170.917589547999967, 66.833161986000036 ], [ -171.585077062999972, 66.856635555000082 ], [ -171.889733408999973, 66.971355823000067 ], [ -172.527440380999963, 67.205547642000042 ], [ -176.141446825999964, 68.108830834000059 ], [ -177.594529728999987, 68.562962584000061 ], [ -179.419668377999983, 69.062825917000055 ], [ -180.0, 69.188411064000036 ] ] ] } },
{ "type": "Feature", "properties": { "ANCHOR": 0, "TIME": 600.0, "FILE1": "Global_EarthByte_GPlates_PresentDay_StaticPlatePolygons.gpmlz", "RECONFILE1": "Zahirovic_etal_2022_OptimisedMantleRef_and_NNRMantleRef.rot", "OBJECTID_1": "1197", "PLATEID1": 29800, "FROMAGE": 600.0, "TOAGE": -999.0, "NAME": "Maurice Ewing Bank", "PLATEID2": 0, "GPGIM_TYPE": "gpml:ClosedContinentalBoundary", "L_PLATE": 0, "R_PLATE": 0, "SPREAD_ASY": 0.0, "IMPORT_AGE": 0.0, "Shape_Leng": 33.804478322500003, "Shape_Area": 39.013335928899998, "FEATURE_ID": "GPlates-08d9b612-6307-4c38-8542-e286bdefaa86" }, "geometry": { "type": "Polygon", "coordinates": [ [ [ -39.1786, -49.6704 ], [ -39.0782, -49.7716 ], [ -39.4357, -50.113 ], [ -39.5954, -50.3006 ], [ -40.106140552999939, -50.624490901999934 ], [ -40.475144078999961, -50.858497941999978 ], [ -40.47556868, -50.85960866399995 ], [ -40.604126160999961, -50.941609139999962 ], [ -40.9393, -51.1554 ], [ -41.109111811999981, -51.294698975999943 ], [ -41.532, -51.6416 ], [ -41.6195, -51.7886 ], [ -41.8512, -51.9053 ], [ -42.0634, -52.0394 ], [ -42.161593821999929, -52.101837060999969 ], [ -42.313381145999983, -52.137811375999952 ], [ -42.6205, -52.2106 ], [ -42.91504613099994, -52.253190383999936 ], [ -43.1461, -52.2866 ], [ -43.6941, -52.5396 ], [ -44.1157, -52.6239 ], [ -44.17938366, -52.700795209999967 ], [ -44.179417169999965, -52.700800312999945 ], [ -44.179545039999937, -52.700990068999943 ], [ -45.150200177999942, -52.848628450999968 ], [ -45.286602215999942, -52.802230252999955 ], [ -45.392798955999979, -52.769130508999972 ], [ -45.440004343999931, -52.757176749999985 ], [ -45.861759003999964, -52.839288276999973 ], [ -47.224438125999932, -53.104588636999935 ], [ -48.148716078999939, -53.284536556999967 ], [ -48.456108708999977, -53.27857021799997 ], [ -48.599989728999951, -53.27577755899997 ], [ -49.324135377999923, -53.530567488999957 ], [ -49.737254753999927, -53.786654995999974 ], [ -50.331029336999961, -53.94741105799995 ], [ -50.419082769999932, -53.969021459999965 ], [ -50.999658042999954, -54.111508409999935 ], [ -51.044641114999948, -54.119643148999963 ], [ -51.053434245999931, -54.129898072999936 ], [ -51.059263965999932, -54.13557472299992 ], [ -51.061031088999982, -54.137500000999971 ], [ -51.061533782999959, -54.137784941999932 ], [ -51.062500001999979, -54.138725790999956 ], [ -51.076839193999938, -54.148159790999955 ], [ -51.093880209999952, -54.156119792999938 ], [ -51.110510254999959, -54.160510254999963 ], [ -51.129508464999958, -54.162839763999955 ], [ -51.163290642999975, -54.156926719999937 ], [ -51.164965821999921, -54.156633505999935 ], [ -51.165735682999973, -54.15609149699997 ], [ -51.171370443999919, -54.154166667999959 ], [ -51.179443362999962, -54.146440809999937 ], [ -51.179638672999928, -54.14630330499994 ], [ -51.330548295999954, -54.174903984999965 ], [ -51.545833334999926, -54.216496786999983 ], [ -51.552616374999957, -54.219284058999953 ], [ -51.562500001999979, -54.22297872099994 ], [ -51.566586717999925, -54.224074164999941 ], [ -51.567317709999926, -54.224350993999956 ], [ -51.568268606999936, -54.22452499599995 ], [ -51.57681477999995, -54.226815796999972 ], [ -51.588073731999941, -54.22859192 ], [ -51.595491537999955, -54.229506429999951 ], [ -51.603861491999972, -54.229472860999977 ], [ -51.612268067999935, -54.229399618999928 ], [ -51.698981119999978, -54.246399434999944 ], [ -52.691508305999953, -54.316423369999939 ], [ -53.270130644999924, -54.389820813999947 ], [ -53.365496299999968, -54.401917815999987 ], [ -53.99749866999997, -54.469518194999971 ], [ -54.214436015999965, -54.511292095999977 ], [ -52.743805300999938, -52.923282755999942 ], [ -51.205099102999959, -51.141622947999963 ], [ -50.342808102999982, -50.143180737999948 ], [ -49.849805128999947, -49.584131556999985 ], [ -49.845891212999959, -49.579693303999925 ], [ -49.1595, -49.5774 ], [ -48.816, -49.6356 ], [ -47.9427, -49.6521 ], [ -46.3159, -49.6641 ], [ -46.1359, -49.7059 ], [ -44.2238, -49.636 ], [ -43.4668, -49.605 ], [ -42.2976, -49.5534 ], [ -42.099, -49.5285 ], [ -40.0515, -49.4856 ], [ -39.912104258999932, -49.471002898999984 ], [ -39.7335, -49.4523 ], [ -39.65363634899996, -49.483689911999932 ], [ -39.1786, -49.6704 ] ] ] } },
{ "type": "Feature", "properties": { "ANCHOR": 0, "TIME": 600.0, "FILE1": "Global_EarthByte_GPlates_PresentDay_StaticPlatePolygons.gpmlz", "RECONFILE1": "Zahirovic_etal_2022_OptimisedMantleRef_and_NNRMantleRef.rot", "OBJECTID_1": "1204", "PLATEID1": 18203, "FROMAGE": 600.0, "TOAGE": -999.0, "NAME": "North Chukchi Basin", "PLATEID2": 0, "GPGIM_TYPE": "gpml:ClosedContinentalBoundary", "L_PLATE": 0, "R_PLATE": 0, "SPREAD_ASY": 0.0, "IMPORT_AGE": 0.0, "Shape_Leng": 38.552918860699997, "Shape_Area": 34.112860054599999, "FEATURE_ID": "GPlates-783039bc-c82c-482b-a2e9-24d5bc925c90" }, "geometry": { "type": "Polygon", "coordinates": [ [ [ -167.312563396999963, 74.36432913700007 ], [ -166.011401265999979, 73.629205569000078 ], [ -164.419099136999961, 73.852511167000074 ], [ -163.886669896999962, 73.922983168000044 ], [ -163.220199296999965, 74.008334190000085 ], [ -162.257331954999984, 73.932991380000033 ], [ -161.350031313999978, 73.442868227000062 ], [ -164.428937184999967, 72.504416235000065 ], [ -164.93353846399998, 72.349669034000044 ], [ -165.148243508999968, 72.238674237000055 ], [ -165.540545442999985, 72.15521241600004 ], [ -165.526223191999975, 72.15100506400006 ], [ -165.520039794999974, 72.142446258000064 ], [ -166.031, 72.0102 ], [ -170.969, 72.5571 ], [ -171.435375676999968, 72.683271078000061 ], [ -171.657692599, 72.70365715500003 ], [ -173.787, 73.0765 ], [ -179.967789863999968, 74.265315880000045 ], [ -179.823182035999963, 74.539563787000105 ], [ -178.503284754999981, 75.198092118000019 ], [ -174.160993252999987, 75.542899531000046 ], [ -172.485037397999974, 75.614042543000025 ], [ -171.519962808999963, 75.556101469000069 ], [ -169.166622018999959, 74.828705225000078 ], [ -168.054133644999979, 74.443613096000036 ], [ -167.312563396999963, 74.36432913700007 ] ] ] } },
{ "type": "Feature", "properties": { "ANCHOR": 0, "TIME": 600.0, "FILE1": "Global_EarthByte_GPlates_PresentDay_StaticPlatePolygons.gpmlz", "RECONFILE1": "Zahirovic_etal_2022_OptimisedMantleRef_and_NNRMantleRef.rot", "OBJECTID_1": "1205", "PLATEID1": 18202, "FROMAGE": 600.0, "TOAGE": -999.0, "NAME": "Southern North Chukchi", "PLATEID2": 0, "GPGIM_TYPE": "gpml:ClosedContinentalBoundary", "L_PLATE": 0, "R_PLATE": 0, "SPREAD_ASY": 0.0, "IMPORT_AGE": 0.0, "Shape_Leng": 33.492992561500003, "Shape_Area": 25.308457880100001, "FEATURE_ID": "GPlates-ed9a8541-fbc4-4dba-8546-b6e65226113d" }, "geometry": { "type": "Polygon", "coordinates": [ [ [ -180.0, 72.656055255000098 ], [ -180.0, 74.204229544000057 ], [ -179.967789863999968, 74.265315880000045 ], [ -173.787, 73.0765 ], [ -171.657692599, 72.70365715500003 ], [ -171.435375676999968, 72.683271078000061 ], [ -170.969, 72.5571 ], [ -166.031, 72.0102 ], [ -165.520039794999974, 72.142446258000064 ], [ -165.103119626999984, 71.565362383000036 ], [ -164.977794124999974, 71.096037926000051 ], [ -165.116197246999974, 70.498478090000091 ], [ -165.923266512999959, 70.033995402000073 ], [ -168.026266368999984, 70.145788615000072 ], [ -169.257444299999975, 70.162003452000093 ], [ -169.583412152999983, 70.260918938000032 ], [ -170.904043315999985, 70.620411240000081 ], [ -172.06927558199996, 71.20665780800006 ], [ -173.372927754999978, 71.778607533000098 ], [ -174.011666316999964, 71.945962727000051 ], [ -176.42083806499997, 72.076078512000024 ], [ -177.317102412999986, 72.169987934000048 ], [ -179.153647551999967, 72.497449877000051 ], [ -180.0, 72.656055255000098 ] ] ] } },
{ "type": "Feature", "properties": { "ANCHOR": 0, "TIME": 600.0, "FILE1": "Global_EarthByte_GPlates_PresentDay_StaticPlatePolygons.gpmlz", "RECONFILE1": "Zahirovic_etal_2022_OptimisedMantleRef_and_NNRMantleRef.rot", "OBJECTID_1": "1207", "PLATEID1": 111, "FROMAGE": 600.0, "TOAGE": -999.0, "NAME": "North Chukchi Basin", "PLATEID2": 0, "GPGIM_TYPE": "gpml:ClosedContinentalBoundary", "L_PLATE": 0, "R_PLATE": 0, "SPREAD_ASY": 0.0, "IMPORT_AGE": 0.0, "Shape_Leng": 16.2543710367, "Shape_Area": 4.6981163000299997, "FEATURE_ID": "GPlates-384c2c0c-617d-41a1-ae63-e1ce2af13b64" }, "geometry": { "type": "Polygon", "coordinates": [ [ [ -180.0, 75.415057434000062 ], [ -180.0, 76.418798095000071 ], [ -175.832772745999961, 76.00546096100004 ], [ -175.83137689299997, 76.004223728000071 ], [ -174.922022995999981, 75.913729772000053 ], [ -174.916620309999985, 75.91429045200006 ], [ -174.408488059999968, 75.863723893000056 ], [ -172.974755297999963, 75.641677498000021 ], [ -172.485037397999974, 75.614042543000025 ], [ -174.160993252999987, 75.542899531000046 ], [ -178.503284754999981, 75.198092118000019 ], [ -178.432542869999963, 75.231565183000043 ], [ -180.0, 75.415057434000062 ] ] ] } },
{ "type": "Feature", "properties": { "ANCHOR": 0, "TIME": 600.0, "FILE1": "Global_EarthByte_GPlates_PresentDay_StaticPlatePolygons.gpmlz", "RECONFILE1": "Zahirovic_etal_2022_OptimisedMantleRef_and_NNRMantleRef.rot", "OBJECTID_1": "1214", "PLATEID1": 673, "FROMAGE": 600.0, "TOAGE": -999.0, "NAME": "North Sumatra", "PLATEID2": 0, "GPGIM_TYPE": "gpml:ClosedContinentalBoundary", "L_PLATE": 0, "R_PLATE": 0, "SPREAD_ASY": 0.0, "IMPORT_AGE": 0.0, "Shape_Leng": 22.862163447, "Shape_Area": 23.1631333598, "FEATURE_ID": "GPlates-8b53190d-cbf8-4652-9900-4e13eaca5c9a" }, "geometry": { "type": "Polygon", "coordinates": [ [ [ 102.309782840000082, 1.448338610000064 ], [ 103.221862793000085, 0.653259277000075 ], [ 104.000671387000068, 0.402893066000047 ], [ 104.028625488000046, -0.682128905999946 ], [ 104.696196851000082, -0.960280329999932 ], [ 107.956459015000064, -2.215779370999936 ], [ 108.506476622000037, -2.684865713999955 ], [ 108.509145558000057, -2.687188169999956 ], [ 108.488891602000081, -3.055053710999971 ], [ 108.281860352000081, -3.857849120999958 ], [ 107.662170410000044, -4.640380858999947 ], [ 107.210937500000057, -5.018859862999933 ], [ 106.712402344000054, -5.478454589999956 ], [ 105.854431152000075, -5.937622069999975 ], [ 105.358947754000042, -6.116821288999972 ], [ 105.103932129000043, -6.309143713999958 ], [ 105.057128906000059, -5.740783690999933 ], [ 105.011901855000076, -5.167724608999947 ], [ 105.011901855000076, -4.511291503999928 ], [ 104.808105469000054, -4.307678222999926 ], [ 104.129089355000076, -4.081298827999944 ], [ 103.767089844000054, -4.013427733999947 ], [ 103.427490234000061, -3.832397460999971 ], [ 102.841042679000054, -3.291238289999967 ], [ 102.499511719000054, -2.881774901999961 ], [ 101.977407135000078, -2.484986682999931 ], [ 102.083618164000086, -1.582580565999933 ], [ 102.185182814000086, -0.901420808999944 ], [ 102.27569580100004, -0.223449706999929 ], [ 102.331787109000061, 0.295959473000039 ], [ 102.317443848000039, 1.14343261700003 ], [ 102.30012044700004, 1.456717773000037 ], [ 102.309782840000082, 1.448338610000064 ] ] ] } },
{ "type": "Feature", "properties": { "ANCHOR": 0, "TIME": 600.0, "FILE1": "Global_EarthByte_GPlates_PresentDay_StaticPlatePolygons.gpmlz", "RECONFILE1": "Zahirovic_etal_2022_OptimisedMantleRef_and_NNRMantleRef.rot", "OBJECTID_1": "1216", "PLATEID1": 64701, "FROMAGE": 600.0, "TOAGE": -999.0, "NAME": "Malay Peninsula", "PLATEID2": 0, "GPGIM_TYPE": "gpml:ClosedContinentalBoundary", "L_PLATE": 0, "R_PLATE": 0, "SPREAD_ASY": 0.0, "IMPORT_AGE": 0.0, "Shape_Leng": 30.091529398, "Shape_Area": 41.3824057928, "FEATURE_ID": "GPlates-69be0b59-e1af-47c4-bbfb-fa200ab9564b" }, "geometry": { "type": "Polygon", "coordinates": [ [ [ 101.684760496000095, 8.894336318000059 ], [ 103.316428924000036, 7.524190502000068 ], [ 104.902045997000073, 6.077660657000025 ], [ 106.069839132000084, 5.017609580000055 ], [ 107.411053041000059, 4.038091113000064 ], [ 107.422949607000078, 3.947936130000074 ], [ 107.667007147000049, 2.098410522000052 ], [ 108.359558106000065, -0.20617675799997 ], [ 108.484497070000089, -0.487670897999976 ], [ 108.610595703000058, -0.847900390999939 ], [ 108.670166016000053, -1.086730956999929 ], [ 108.566589356000065, -1.786010741999974 ], [ 108.542175293000071, -2.130737304999968 ], [ 108.506476622000037, -2.684865713999955 ], [ 107.956459015000064, -2.215779370999936 ], [ 104.696196851000082, -0.960280329999932 ], [ 104.028625488000046, -0.682128905999946 ], [ 104.000671387000068, 0.402893066000047 ], [ 103.221862793000085, 0.653259277000075 ], [ 102.309782840000082, 1.448338610000064 ], [ 102.286499412000069, 2.206584315000043 ], [ 102.165466309000067, 3.219360352000024 ], [ 102.165466309000067, 3.564514160000044 ], [ 102.027282715000069, 3.944274902000075 ], [ 101.904968262000068, 5.374267578000058 ], [ 101.923889160000044, 5.600830078000058 ], [ 101.829711914000086, 5.906677246000072 ], [ 101.766938852000067, 6.269560053000022 ], [ 101.752912, 6.376152518000026 ], [ 101.725486858000068, 6.54380148000007 ], [ 101.658569336000085, 7.093078613000046 ], [ 101.579327492000061, 7.524960280000073 ], [ 101.467163086000085, 8.106201172000056 ], [ 101.653259277000075, 8.920654297000056 ], [ 101.684760496000095, 8.894336318000059 ] ] ] } },
{ "type": "Feature", "properties": { "ANCHOR": 0, "TIME": 600.0, "FILE1": "Global_EarthByte_GPlates_PresentDay_StaticPlatePolygons.gpmlz", "RECONFILE1": "Zahirovic_etal_2022_OptimisedMantleRef_and_NNRMantleRef.rot", "OBJECTID_1": "1223", "PLATEID1": 61405, "FROMAGE": 600.0, "TOAGE": -999.0, "NAME": "Kalimantan (Borneo)", "PLATEID2": 0, "GPGIM_TYPE": "gpml:ClosedContinentalBoundary", "L_PLATE": 0, "R_PLATE": 0, "SPREAD_ASY": 0.0, "IMPORT_AGE": 0.0, "Shape_Leng": 30.009163510200001, "Shape_Area": 25.5055297987, "FEATURE_ID": "GPlates-f4b736a7-4902-4139-9229-3f9d1651a5ab" }, "geometry": { "type": "Polygon", "coordinates": [ [ [ 119.358588834000102, 2.202731705000076 ], [ 119.53156511300007, 1.958196331000068 ], [ 119.537019012000087, 1.960955366000064 ], [ 119.583133590000102, 1.900517855000033 ], [ 119.5907953090001, 1.904360325000028 ], [ 119.705379969000091, 1.752628795000021 ], [ 119.704560491000066, 1.751139972000033 ], [ 120.001047613000097, 1.361109512000041 ], [ 119.480698106000091, 0.566200757000047 ], [ 119.371036802000049, 0.387355657000057 ], [ 119.359093237000025, 0.420169113000043 ], [ 119.255883074000053, 0.703726174000053 ], [ 119.266148183000055, 0.708927259000063 ], [ 119.276207868000043, 0.997299032000058 ], [ 119.120913058000056, 0.889252436000049 ], [ 118.795222502000129, 0.63160732800003 ], [ 118.283251024000037, 0.58586598100004 ], [ 117.928152264000119, 0.437377223000055 ], [ 117.784550671000048, 0.021363119000057 ], [ 117.845221318000085, -0.38051476499993 ], [ 117.76553441800003, -0.863028552999936 ], [ 117.476357581000116, -1.276666371999966 ], [ 117.26267322, -2.106616814999938 ], [ 117.805209628000057, -2.644709189999958 ], [ 117.856421915000055, -2.695501985999954 ], [ 118.258752868000116, -3.094537358999958 ], [ 118.222620112000087, -3.017434012999956 ], [ 118.367971010000034, -2.759546168999975 ], [ 118.368033403000013, -2.760919024999964 ], [ 118.368064836000045, -2.761610644999962 ], [ 118.396102952000092, -3.378540289999933 ], [ 117.077631985000039, -5.947610721999979 ], [ 116.722638187000044, -5.965360411999939 ], [ 115.46685791000003, -5.895263665999948 ], [ 112.64576050800008, -5.552687346999966 ], [ 112.626187795000078, -5.550310520999972 ], [ 112.847534180000025, -5.223815917999957 ], [ 113.504272461000028, -4.63836669899996 ], [ 114.030693408000047, -4.138331497999957 ], [ 114.356385537000051, -3.818787707999945 ], [ 114.539203972000109, -3.475910312999929 ], [ 115.054566283000085, -2.174806668999963 ], [ 115.401797352000031, -1.224490058999947 ], [ 115.535047168, -0.900883361999945 ], [ 115.944367128000081, -0.293264435999959 ], [ 116.206722944000035, 0.12339782500004 ], [ 116.505787266000084, 0.621838361000073 ], [ 116.962723772000118, 1.402434892000031 ], [ 117.495723037000062, 2.544576175000032 ], [ 118.104865055000118, 3.629610393000064 ], [ 118.501433762000033, 3.798152094000045 ], [ 118.462000000000103, 3.7353 ], [ 118.457450009000013, 3.719248381000057 ], [ 118.409175469000047, 3.548943769000061 ], [ 118.559453269000073, 3.279658102000042 ], [ 118.579994829000057, 3.242849288000059 ], [ 118.678670434000068, 3.112184324000054 ], [ 118.952697454000045, 2.769650550000051 ], [ 119.080382693000047, 2.610044001000063 ], [ 119.274047755000083, 2.336926606000017 ], [ 119.274600698000086, 2.320654130000037 ], [ 119.358588834000102, 2.202731705000076 ] ] ] } },
{ "type": "Feature", "properties": { "ANCHOR": 0, "TIME": 600.0, "FILE1": "Global_EarthByte_GPlates_PresentDay_StaticPlatePolygons.gpmlz", "RECONFILE1": "Zahirovic_etal_2022_OptimisedMantleRef_and_NNRMantleRef.rot", "OBJECTID_1": "1225", "PLATEID1": 506, "FROMAGE": 600.0, "TOAGE": -999.0, "NAME": "Farah (Northern Afghanistan)", "PLATEID2": 0, "GPGIM_TYPE": "gpml:ClosedContinentalBoundary", "L_PLATE": 0, "R_PLATE": 0, "SPREAD_ASY": 0.0, "IMPORT_AGE": 0.0, "Shape_Leng": 23.243132108899999, "Shape_Area": 15.145558349, "FEATURE_ID": "GPlates-529ac64c-081f-4870-9cb6-0e8e219f9369" }, "geometry": { "type": "Polygon", "coordinates": [ [ [ 61.00701891600005, 35.271087796000074 ], [ 63.664321888000075, 35.12744973100007 ], [ 69.279724139000052, 35.469856432000022 ], [ 68.866950098000089, 35.093028839000063 ], [ 68.680934324000077, 34.79191503900006 ], [ 67.900471114000084, 34.430236966000052 ], [ 66.415687446000049, 34.22084439800004 ], [ 64.245619009000052, 33.44038118800006 ], [ 61.661475476000085, 32.330915796000049 ], [ 60.693591494000032, 31.920988462000018 ], [ 60.707292314000028, 32.722672984000042 ], [ 60.599211452000084, 33.59572961300006 ], [ 60.318249264000031, 34.762905486000079 ], [ 60.029241268000085, 35.400974615000052 ], [ 59.844768614000031, 35.95439257900005 ], [ 61.00701891600005, 35.271087796000074 ] ] ] } },
{ "type": "Feature", "properties": { "ANCHOR": 0, "TIME": 600.0, "FILE1": "Global_EarthByte_GPlates_PresentDay_StaticPlatePolygons.gpmlz", "RECONFILE1": "Zahirovic_etal_2022_OptimisedMantleRef_and_NNRMantleRef.rot", "OBJECTID_1": "1226", "PLATEID1": 50602, "FROMAGE": 600.0, "TOAGE": -999.0, "NAME": "Makran", "PLATEID2": 0, "GPGIM_TYPE": "gpml:ClosedContinentalBoundary", "L_PLATE": 0, "R_PLATE": 0, "SPREAD_ASY": 0.0, "IMPORT_AGE": 0.0, "Shape_Leng": 28.969139822500001, "Shape_Area": 40.753066309300003, "FEATURE_ID": "GPlates-9673d76d-9c1b-45cc-889f-800f7d6db167" }, "geometry": { "type": "Polygon", "coordinates": [ [ [ 66.687641824000082, 27.503432909000026 ], [ 66.474349944000039, 25.874660670000026 ], [ 66.7424, 25.4737 ], [ 66.728485633000048, 25.463628649000043 ], [ 66.65876316300006, 25.2196 ], [ 66.434260042000062, 25.015098779000031 ], [ 66.048430004000068, 24.756441256000073 ], [ 66.047310347000064, 24.755690647000051 ], [ 65.574863162000042, 24.4584 ], [ 65.355163162000053, 24.2645 ], [ 65.531693181000037, 24.098570279000057 ], [ 65.469032897000034, 24.06303598900007 ], [ 65.31072, 23.94113 ], [ 64.617230157000051, 23.618135074000065 ], [ 63.91035, 23.25778 ], [ 63.490336723000041, 22.952308388000063 ], [ 62.737992516000077, 22.85653863400006 ], [ 60.817550386000057, 22.758705816000031 ], [ 60.737980832000069, 22.754652315000044 ], [ 59.816163, 22.820497 ], [ 58.188463073000037, 23.065931202000058 ], [ 56.741750781000064, 23.694108908000032 ], [ 56.380390167, 24.941415787000039 ], [ 56.60519, 25.91195 ], [ 57.065639496000074, 26.664972305000049 ], [ 57.103428854000057, 27.520282205000058 ], [ 56.943645811000067, 28.093641124000044 ], [ 57.275600023000038, 27.939201498000045 ], [ 57.572300100000064, 27.397699712000076 ], [ 57.591116422000034, 27.384771826000076 ], [ 57.967898909000041, 27.125900773000073 ], [ 58.390499010000042, 26.981800754000062 ], [ 59.100899001000073, 26.885599575000072 ], [ 59.631400973000041, 26.909601705000057 ], [ 59.982002099000056, 26.821399588000077 ], [ 60.08736004900004, 26.783149668000078 ], [ 60.179999988000084, 26.800001593000047 ], [ 60.329998030000063, 26.85999879700006 ], [ 61.317538256000034, 26.993141646000026 ], [ 62.423238399000063, 27.411471848000076 ], [ 62.639737795000038, 27.501679930000023 ], [ 63.057317542000078, 27.770124053000078 ], [ 63.45339905000003, 27.569485035000071 ], [ 64.979013904000055, 27.942413110000075 ], [ 66.097798130000058, 28.145828424000058 ], [ 66.434372239000083, 27.827862171000049 ], [ 66.687641824000082, 27.503432909000026 ] ] ] } },
{ "type": "Feature", "properties": { "ANCHOR": 0, "TIME": 600.0, "FILE1": "Global_EarthByte_GPlates_PresentDay_StaticPlatePolygons.gpmlz", "RECONFILE1": "Zahirovic_etal_2022_OptimisedMantleRef_and_NNRMantleRef.rot", "OBJECTID_1": "1227", "PLATEID1": 16102, "FROMAGE": 600.0, "TOAGE": -999.0, "NAME": "Quesnellia Terrane", "PLATEID2": 0, "GPGIM_TYPE": "gpml:ClosedContinentalBoundary", "L_PLATE": 0, "R_PLATE": 0, "SPREAD_ASY": 0.0, "IMPORT_AGE": 0.0, "Shape_Leng": 28.854491870899999, "Shape_Area": 8.0069892655100006, "FEATURE_ID": "GPlates-0e664d2b-e231-4edd-bfc1-1628682877ed" }, "geometry": { "type": "Polygon", "coordinates": [ [ [ -127.586147565999966, 57.852726853000036 ], [ -126.547022412999979, 57.330289626000088 ], [ -125.891810968999934, 56.464653769000044 ], [ -125.738975340999943, 56.360681725000056 ], [ -125.592323164999982, 56.224195470000041 ], [ -125.038380934999964, 55.822815538000043 ], [ -124.688685207999981, 55.57368749700003 ], [ -124.391242980999948, 55.351413727000079 ], [ -124.08946991, 55.242679596000087 ], [ -123.952232360999972, 55.106983185000054 ], [ -123.706863402999943, 55.083427429000032 ], [ -123.83794403099995, 54.819892883000072 ], [ -123.522689819, 54.555446625000052 ], [ -123.403938292999953, 54.543231964000022 ], [ -123.168014526, 54.772666931000053 ], [ -122.776870727999949, 54.467208862000071 ], [ -122.546888159, 54.137966446000064 ], [ -122.806712485, 54.208351072000028 ], [ -122.769300460999958, 54.105699539000049 ], [ -122.543600081999969, 53.735300064000057 ], [ -122.38344761999997, 53.550324153000069 ], [ -122.599433623999971, 53.592743165000059 ], [ -122.549205359999988, 53.214929066000074 ], [ -121.464452079999958, 52.501120908000061 ], [ -120.742264871999978, 52.155900955000035 ], [ -120.557294274999933, 51.808672621000028 ], [ -120.357839518, 51.146338603000054 ], [ -120.555731580999989, 50.843538460000048 ], [ -120.497251933999962, 50.601335932000055 ], [ -120.153507753999989, 49.829937279000035 ], [ -119.909015764999978, 49.569372713000064 ], [ -119.699968244999965, 49.487669794000048 ], [ -119.605536597999944, 49.602849851 ], [ -119.56319999699997, 49.429700851000057 ], [ -119.482198714999981, 49.186601639000031 ], [ -119.418498992999957, 48.781499863000079 ], [ -119.425893309999978, 48.734695011000028 ], [ -120.697969401999956, 48.794623439000077 ], [ -121.499805844999969, 49.937695320000046 ], [ -121.532813829999938, 50.11450553800006 ], [ -121.412683748999939, 50.495888175000061 ], [ -121.448304591999943, 51.041894269000068 ], [ -121.859773446999966, 52.218974906000028 ], [ -122.667500073999975, 52.979763708000064 ], [ -123.27453613299997, 53.897392273000037 ], [ -125.271523463999984, 55.265387988000036 ], [ -125.33033847999998, 55.547631069000033 ], [ -125.530496527999972, 55.630331190000042 ], [ -125.607048035, 55.74158096300004 ], [ -126.16777541099998, 56.161103665000041 ], [ -126.477814540999987, 56.367795184000038 ], [ -126.49487712399997, 56.556953006000072 ], [ -126.935014782999986, 57.179516252000035 ], [ -127.325844787999969, 57.516699624000069 ], [ -127.561043334999965, 57.715256411000048 ], [ -127.979908404999946, 57.853848409000086 ], [ -127.904955467999983, 57.836631189000059 ], [ -127.618669887999957, 57.863426543000045 ], [ -127.586147565999966, 57.852726853000036 ] ] ] } },
{ "type": "Feature", "properties": { "ANCHOR": 0, "TIME": 600.0, "FILE1": "Global_EarthByte_GPlates_PresentDay_StaticPlatePolygons.gpmlz", "RECONFILE1": "Zahirovic_etal_2022_OptimisedMantleRef_and_NNRMantleRef.rot", "OBJECTID_1": "1228", "PLATEID1": 16113, "FROMAGE": 600.0, "TOAGE": -999.0, "NAME": "Cache Creek Terrane", "PLATEID2": 0, "GPGIM_TYPE": "gpml:ClosedContinentalBoundary", "L_PLATE": 0, "R_PLATE": 0, "SPREAD_ASY": 0.0, "IMPORT_AGE": 0.0, "Shape_Leng": 16.342572009200001, "Shape_Area": 5.3926306619700002, "FEATURE_ID": "GPlates-2f7e67a5-ba91-44a1-80bc-6717d013afd7" }, "geometry": { "type": "Polygon", "coordinates": [ [ [ -126.477814540999987, 56.367795184000038 ], [ -126.16777541099998, 56.161103665000041 ], [ -125.607048035, 55.74158096300004 ], [ -125.530496527999972, 55.630331190000042 ], [ -125.33033847999998, 55.547631069000033 ], [ -125.271523463999984, 55.265387988000036 ], [ -123.27453613299997, 53.897392273000037 ], [ -122.667500073999975, 52.979763708000064 ], [ -121.859773446999966, 52.218974906000028 ], [ -121.448304591999943, 51.041894269000068 ], [ -121.412683748999939, 50.495888175000061 ], [ -122.149318188, 50.805209764000033 ], [ -122.086418653999957, 50.939605262000043 ], [ -122.502619359999969, 51.454686824000078 ], [ -122.934386887999949, 52.287857465000066 ], [ -123.420974625999975, 52.852326869000073 ], [ -123.695226915999967, 53.161003719000057 ], [ -125.805180145999941, 54.59118102300004 ], [ -125.816313340999955, 55.086764162000073 ], [ -126.077028926999958, 55.462953728000059 ], [ -126.246317058999978, 55.918759597000069 ], [ -126.472224473, 56.305319724000078 ], [ -126.477814540999987, 56.367795184000038 ] ] ] } },
{ "type": "Feature", "properties": { "ANCHOR": 0, "TIME": 600.0, "FILE1": "Global_EarthByte_GPlates_PresentDay_StaticPlatePolygons.gpmlz", "RECONFILE1": "Zahirovic_etal_2022_OptimisedMantleRef_and_NNRMantleRef.rot", "OBJECTID_1": "1230", "PLATEID1": 16104, "FROMAGE": 600.0, "TOAGE": -999.0, "NAME": "Yukon-Tanana Terrane", "PLATEID2": 0, "GPGIM_TYPE": "gpml:ClosedContinentalBoundary", "L_PLATE": 0, "R_PLATE": 0, "SPREAD_ASY": 0.0, "IMPORT_AGE": 0.0, "Shape_Leng": 21.606628676300002, "Shape_Area": 5.5087986852500004, "FEATURE_ID": "GPlates-b8245d09-b960-42a0-b701-e08e12754307" }, "geometry": { "type": "Polygon", "coordinates": [ [ [ -129.577827120999984, 58.755117539000082 ], [ -129.551867745999971, 58.740719534000043 ], [ -128.672101740999949, 58.403540336000042 ], [ -127.408504959999945, 58.114753921000037 ], [ -126.819836109999983, 57.700687925000075 ], [ -126.547022412999979, 57.330289626000088 ], [ -127.586147565999966, 57.852726853000036 ], [ -127.618669887999957, 57.863426543000045 ], [ -129.96185423999998, 58.602798093000047 ], [ -131.244247193999968, 58.96919578200005 ], [ -131.90884307999994, 59.402529792000045 ], [ -132.396499313999982, 59.709584422000034 ], [ -133.056042760999958, 60.324772823000053 ], [ -133.565156578999961, 60.608725535000076 ], [ -134.155711513999961, 60.965001334000078 ], [ -134.205809514999942, 61.19343593100006 ], [ -134.276504594999977, 61.303313099000029 ], [ -134.438441077, 61.502388503000084 ], [ -134.919504269999948, 62.075627404000038 ], [ -135.498631688999978, 62.704054701000068 ], [ -134.874645386999987, 62.373325704000088 ], [ -133.842242398, 61.768488184000027 ], [ -133.688936937999983, 61.347677008000062 ], [ -133.361057780999943, 61.142839220000027 ], [ -132.402490917999955, 60.961276392000066 ], [ -131.544324745999972, 60.55287653 ], [ -130.573915285999988, 59.673782263000078 ], [ -130.382724398999983, 59.201542588000059 ], [ -129.577827120999984, 58.755117539000082 ] ] ] } },
{ "type": "Feature", "properties": { "ANCHOR": 0, "TIME": 600.0, "FILE1": "Global_EarthByte_GPlates_PresentDay_StaticPlatePolygons.gpmlz", "RECONFILE1": "Zahirovic_etal_2022_OptimisedMantleRef_and_NNRMantleRef.rot", "OBJECTID_1": "1231", "PLATEID1": 154, "FROMAGE": 600.0, "TOAGE": -999.0, "NAME": "Laurentia Parautochthon", "PLATEID2": 0, "GPGIM_TYPE": "gpml:ClosedContinentalBoundary", "L_PLATE": 0, "R_PLATE": 0, "SPREAD_ASY": 0.0, "IMPORT_AGE": 0.0, "Shape_Leng": 100.511404656, "Shape_Area": 94.425221477500003, "FEATURE_ID": "GPlates-84e5a71a-3cb3-4d28-959f-951d63e98fbf" }, "geometry": { "type": "Polygon", "coordinates": [ [ [ -132.60890571799996, 64.852510694000046 ], [ -132.485698699999944, 64.791101456000035 ], [ -132.161212915999954, 64.706924432000051 ], [ -131.660699843999964, 64.640901566000082 ], [ -131.073598861999983, 64.640901566000082 ], [ -130.656900405999977, 64.612501144000078 ], [ -130.098199843999964, 64.584100723000063 ], [ -129.766698836999979, 64.565099716000077 ], [ -129.454198836999979, 64.489400864000061 ], [ -128.980798720999985, 64.328401566000096 ], [ -128.573598861999983, 64.214700699000048 ], [ -128.194799422999949, 64.129499435000071 ], [ -127.759199141999943, 63.987501144000078 ], [ -127.370899199999954, 63.816999435000078 ], [ -127.011098861999983, 63.675001144000085 ], [ -126.651199341, 63.504499435000056 ], [ -126.329299926999965, 63.22990226700005 ], [ -126.111398696999984, 62.917402267000043 ], [ -125.959899901999975, 62.633302689000061 ], [ -125.779998778999982, 62.39660072300007 ], [ -125.656900405999963, 62.112501144000092 ], [ -125.581100463999974, 62.008302689000061 ], [ -125.505399703999956, 61.648500443000053 ], [ -125.505399703999956, 61.269701004000076 ], [ -125.609600066999988, 61.004499435000078 ], [ -125.685298919999966, 60.824602127000034 ], [ -125.685298919999966, 60.426900864000061 ], [ -125.723199843999978, 60.265901566000082 ], [ -125.789499282999941, 60.142801285000068 ], [ -125.922100066999974, 60.048101425000034 ], [ -126.054599761999953, 59.915502548000042 ], [ -126.196699141999943, 59.811399460000018 ], [ -126.206100463999988, 59.678800583000054 ], [ -126.134899138999984, 59.484399796000034 ], [ -125.935998916999949, 59.282201767000039 ], [ -125.413499831999957, 58.926599503000041 ], [ -125.169099807999942, 58.712499619000027 ], [ -124.998899459999961, 58.549100876000075 ], [ -124.744400023999958, 58.277700424000038 ], [ -124.537099837999975, 58.051900864000068 ], [ -123.879798888999957, 57.350702286000057 ], [ -123.628700255999945, 57.059202194000086 ], [ -123.460100174, 56.840101242000053 ], [ -123.325300216999963, 56.587202072000082 ], [ -123.21579933199996, 56.420400620000066 ], [ -123.072500228999957, 56.258600235000074 ], [ -122.927598952999986, 56.132200241000071 ], [ -122.661298752, 55.881101608000058 ], [ -122.46909904499995, 55.717599869000075 ], [ -122.172498702999974, 55.458002090000036 ], [ -122.09160041799997, 55.373800278000033 ], [ -121.955099105999977, 55.257501602000048 ], [ -121.742698669, 55.12100029000004 ], [ -121.417400359999988, 54.93050193800007 ], [ -120.648899077999943, 54.561399460000061 ], [ -120.023599624999989, 54.258001328000034 ], [ -118.284299849999982, 53.47599983200007 ], [ -117.659000396999943, 53.137201309000027 ], [ -117.337099074999983, 52.951799393000037 ], [ -116.964599608999961, 52.763101578000033 ], [ -116.549999236999952, 52.533899307000063 ], [ -116.11689948999998, 52.265901566000075 ], [ -115.810098647999951, 51.957502365000046 ], [ -115.486499785999953, 51.622102737000041 ], [ -115.375299453999972, 51.411401749000049 ], [ -115.269100188999971, 51.168699265000029 ], [ -115.147800445999962, 50.979902267000057 ], [ -114.915199279999982, 50.629400253000021 ], [ -114.682600021, 50.270399094000034 ], [ -114.546098708999978, 50.088399887000037 ], [ -114.374198913999976, 49.869302750000031 ], [ -114.055599213, 49.429399490000037 ], [ -113.742099761999953, 49.036699295000055 ], [ -113.539400100999956, 48.844701767000053 ], [ -113.356199264999987, 48.642301559000032 ], [ -113.098299025999964, 48.379400253000021 ], [ -112.80839919999994, 48.069299698000059 ], [ -112.646598816, 47.738901138000067 ], [ -112.484998702999974, 47.49630165100006 ], [ -112.326198577999946, 47.355401993000044 ], [ -112.074600219999979, 47.127702713000069 ], [ -111.900798797999983, 46.933000565000043 ], [ -111.676099777, 46.726202011000062 ], [ -111.595199584999989, 46.618402481000032 ], [ -111.579572733999953, 46.588125942000033 ], [ -111.936899184999959, 46.204301834000042 ], [ -112.242300033999982, 45.856302261000067 ], [ -112.611598968999942, 45.416002274000057 ], [ -112.761098861999983, 45.233999252000046 ], [ -112.84700012199994, 45.126901627000052 ], [ -112.767900466999947, 44.847799301000059 ], [ -112.654199599999984, 44.641801834000034 ], [ -112.512199401999965, 44.499799728000028 ], [ -112.313299178999955, 44.414602280000061 ], [ -112.17129898099995, 44.300901413000069 ], [ -111.944000243999938, 44.201501846000056 ], [ -111.595998763999944, 44.109201431000031 ], [ -111.503427496999961, 44.077393021000034 ], [ -111.291999816999976, 43.999502182000079 ], [ -111.606899260999967, 43.768602371000043 ], [ -112.663099288999945, 43.192399979000079 ], [ -113.417598723999973, 42.904401779000068 ], [ -113.779100417999985, 42.759801865000043 ], [ -113.997098922999953, 42.799200058000054 ], [ -114.691099166999948, 42.942602158000057 ], [ -115.035299300999966, 43.068799973000068 ], [ -115.39659881599998, 43.24659919700008 ], [ -115.660400390999953, 43.458799362000036 ], [ -115.895599364999967, 43.871801376000064 ], [ -115.947198867999987, 44.106901169000025 ], [ -116.09059906, 44.525602341000081 ], [ -116.216798781999955, 44.984502792000058 ], [ -116.20529937699996, 45.196699142000043 ], [ -116.136499404999952, 45.391702652000049 ], [ -116.067699431999984, 45.781702042000063 ], [ -116.039199829, 46.082300186000055 ], [ -116.214899062999976, 46.439401627000052 ], [ -116.421298980999964, 46.502401352000042 ], [ -116.77689933799995, 46.513902664000064 ], [ -117.017799376999974, 46.45660209700003 ], [ -117.241498946999954, 46.479501724000031 ], [ -117.597099303999983, 46.490999222000013 ], [ -117.992898940999979, 46.496702194000065 ], [ -118.583599090999954, 46.69750022900007 ], [ -118.967899322999969, 46.949800491000076 ], [ -119.277599335, 47.150602341000074 ], [ -119.529998778999982, 47.494699478000022 ], [ -119.59969901999996, 47.696001053000032 ], [ -119.522699355999976, 47.907701492000058 ], [ -119.465900420999972, 48.159002304000069 ], [ -119.464799880999976, 48.486402512000033 ], [ -119.425893309999978, 48.734695011000028 ], [ -119.418498992999957, 48.781499863000079 ], [ -119.482198714999981, 49.186601639000031 ], [ -119.56319999699997, 49.429700851000057 ], [ -119.605536597999944, 49.602849851 ], [ -119.495321921999974, 49.736183649000061 ], [ -119.316087072999949, 49.772479902000043 ], [ -118.849399259, 49.567967627000023 ], [ -118.809783767999988, 49.45886164000008 ], [ -118.893636683999944, 49.363390006000031 ], [ -119.149722195999971, 49.319680916000038 ], [ -119.353870527999959, 49.176301809000051 ], [ -119.138320155999963, 48.894135992000038 ], [ -118.748513195999962, 48.692568094000066 ], [ -118.458057371999971, 48.552423783000044 ], [ -118.122476795999944, 48.95934211400003 ], [ -117.92430023699994, 48.758158263000034 ], [ -117.598514692, 49.219319612000049 ], [ -117.549512, 49.477180013000066 ], [ -118.030406847, 49.653058871000042 ], [ -118.049036486, 49.795040911000058 ], [ -117.539706573, 49.799022939000054 ], [ -117.123840437999945, 49.683101920000055 ], [ -117.034714147999978, 49.758140495000063 ], [ -118.006942454999958, 51.074920711000061 ], [ -118.521114779999948, 51.255694349000052 ], [ -118.622759495999972, 51.229143612000016 ], [ -118.446475385999975, 50.790220252000033 ], [ -118.278487866999967, 50.111708443000047 ], [ -118.456436547999942, 50.196248388000058 ], [ -118.949192668999956, 51.129849267000047 ], [ -119.00725807, 51.361141441000029 ], [ -118.876786098999958, 51.653155182000027 ], [ -120.60090139499998, 52.509751030000082 ], [ -121.000879183, 52.573694422000074 ], [ -121.287799834999987, 52.757299423000056 ], [ -121.768098830999975, 53.081399918000038 ], [ -122.323699951, 53.480699539000049 ], [ -122.38344761999997, 53.550324153000069 ], [ -122.201662480999985, 53.441790981000061 ], [ -122.185498891999941, 53.510822928000046 ], [ -122.272592327999959, 53.917066761000051 ], [ -122.546888159, 54.137966446000064 ], [ -122.776870727999949, 54.467208862000071 ], [ -123.168014526, 54.772666931000053 ], [ -123.403938292999953, 54.543231964000022 ], [ -123.522689819, 54.555446625000052 ], [ -123.83794403099995, 54.819892883000072 ], [ -123.706863402999943, 55.083427429000032 ], [ -123.952232360999972, 55.106983185000054 ], [ -124.08946991, 55.242679596000087 ], [ -124.391242980999948, 55.351413727000079 ], [ -124.688685207999981, 55.57368749700003 ], [ -125.038380934999964, 55.822815538000043 ], [ -125.592323164999982, 56.224195470000041 ], [ -125.738975340999943, 56.360681725000056 ], [ -124.704157168, 55.630537665000077 ], [ -124.130000905999978, 55.505975805000055 ], [ -123.680934904999958, 55.660760798000062 ], [ -124.023099899, 55.93000221300008 ], [ -125.471199035999973, 57.30909919700008 ], [ -126.57449913, 58.205602646000052 ], [ -127.110945692999962, 58.739451949000014 ], [ -128.082422057999963, 59.434352404000037 ], [ -128.773408889, 59.883928088000047 ], [ -128.821409289999963, 60.216489584000044 ], [ -129.190826416, 60.575099945000026 ], [ -129.40852356, 61.063690186000038 ], [ -130.121963500999982, 61.589458466000067 ], [ -130.546722411999951, 61.698516846000082 ], [ -130.692214966, 61.950866699000073 ], [ -131.082672119, 61.918182373000036 ], [ -131.460006713999974, 62.02665329000007 ], [ -131.473739623999961, 61.953544617000034 ], [ -131.833938598999964, 61.970336914000036 ], [ -131.806121825999981, 61.920539856000069 ], [ -132.254531859999986, 62.081130981000051 ], [ -133.408470739, 62.259002266000032 ], [ -133.492780392999975, 62.267405999000061 ], [ -134.45199966399997, 62.598501205000048 ], [ -135.578346421, 63.030663406000031 ], [ -138.327598571999943, 63.983999252000039 ], [ -140.883098601999961, 64.731599808000055 ], [ -140.298000335999973, 64.765600204000066 ], [ -138.727699279999968, 64.89819908100003 ], [ -138.115900039999985, 64.877801895000061 ], [ -137.565299988, 64.89819908100003 ], [ -137.096300124999971, 64.908399582000072 ], [ -136.535499572999981, 64.928800583000083 ], [ -136.066398620999962, 64.969499588000076 ], [ -135.587200164999956, 64.989900589000072 ], [ -135.148799895999957, 65.040899277000051 ], [ -134.68989944499998, 65.051099777000061 ], [ -134.312700271999972, 64.979700089000062 ], [ -133.812999724999941, 64.928800583000083 ], [ -133.445999145999963, 64.867601395000065 ], [ -132.936199187999989, 64.796201706000019 ], [ -132.60890571799996, 64.852510694000046 ] ] ] } },
{ "type": "Feature", "properties": { "ANCHOR": 0, "TIME": 600.0, "FILE1": "Global_EarthByte_GPlates_PresentDay_StaticPlatePolygons.gpmlz", "RECONFILE1": "Zahirovic_etal_2022_OptimisedMantleRef_and_NNRMantleRef.rot", "OBJECTID_1": "1232", "PLATEID1": 16104, "FROMAGE": 600.0, "TOAGE": -999.0, "NAME": "Yukon-Tanana Terrane", "PLATEID2": 0, "GPGIM_TYPE": "gpml:ClosedContinentalBoundary", "L_PLATE": 0, "R_PLATE": 0, "SPREAD_ASY": 0.0, "IMPORT_AGE": 0.0, "Shape_Leng": 11.341039432700001, "Shape_Area": 2.1799107216300002, "FEATURE_ID": "GPlates-4aa568ed-beb4-4728-8490-4b5da8c06268" }, "geometry": { "type": "Polygon", "coordinates": [ [ [ -132.254531859999986, 62.081130981000051 ], [ -131.806121825999981, 61.920539856000069 ], [ -131.833938598999964, 61.970336914000036 ], [ -131.473739623999961, 61.953544617000034 ], [ -131.460006713999974, 62.02665329000007 ], [ -131.082672119, 61.918182373000036 ], [ -130.692214966, 61.950866699000073 ], [ -130.546722411999951, 61.698516846000082 ], [ -130.121963500999982, 61.589458466000067 ], [ -129.40852356, 61.063690186000038 ], [ -129.190826416, 60.575099945000026 ], [ -128.821409289999963, 60.216489584000044 ], [ -128.773408889, 59.883928088000047 ], [ -129.817783821, 60.528720381000035 ], [ -130.519577025999979, 61.056262970000041 ], [ -130.550041289999967, 61.118359884000022 ], [ -130.600700377999942, 61.142400742000021 ], [ -132.524299621999944, 61.915700912000034 ], [ -133.492780392999975, 62.267405999000061 ], [ -133.408470739, 62.259002266000032 ], [ -132.254531859999986, 62.081130981000051 ] ] ] } },
{ "type": "Feature", "properties": { "ANCHOR": 0, "TIME": 600.0, "FILE1": "Global_EarthByte_GPlates_PresentDay_StaticPlatePolygons.gpmlz", "RECONFILE1": "Zahirovic_etal_2022_OptimisedMantleRef_and_NNRMantleRef.rot", "OBJECTID_1": "1233", "PLATEID1": 16113, "FROMAGE": 600.0, "TOAGE": -999.0, "NAME": "Cache Creek Terrane", "PLATEID2": 0, "GPGIM_TYPE": "gpml:ClosedContinentalBoundary", "L_PLATE": 0, "R_PLATE": 0, "SPREAD_ASY": 0.0, "IMPORT_AGE": 0.0, "Shape_Leng": 15.7233184598, "Shape_Area": 4.1690385141800004, "FEATURE_ID": "GPlates-a0732a66-981d-42e8-a8b7-fff8442dcd12" }, "geometry": { "type": "Polygon", "coordinates": [ [ [ -127.618669887999957, 57.863426543000045 ], [ -127.904955467999983, 57.836631189000059 ], [ -127.979908404999946, 57.853848409000086 ], [ -129.575454308999952, 58.201422476000062 ], [ -130.395535861999974, 58.31774083800007 ], [ -130.628000258999975, 58.384099960000071 ], [ -131.507699965999961, 58.540201187000044 ], [ -131.862499236999952, 58.575601578000033 ], [ -132.380399703999956, 58.674901962000035 ], [ -134.593090963999941, 59.983389987000059 ], [ -134.714614658999949, 60.230363232000059 ], [ -134.693244404999973, 60.422358709000029 ], [ -134.346194934999971, 60.402631987000063 ], [ -134.146997044999978, 60.575535703000078 ], [ -133.565156578999961, 60.608725535000076 ], [ -133.056042760999958, 60.324772823000053 ], [ -132.396499313999982, 59.709584422000034 ], [ -131.90884307999994, 59.402529792000045 ], [ -131.244247193999968, 58.96919578200005 ], [ -129.96185423999998, 58.602798093000047 ], [ -127.618669887999957, 57.863426543000045 ] ] ] } },
{ "type": "Feature", "properties": { "ANCHOR": 0, "TIME": 600.0, "FILE1": "Global_EarthByte_GPlates_PresentDay_StaticPlatePolygons.gpmlz", "RECONFILE1": "Zahirovic_etal_2022_OptimisedMantleRef_and_NNRMantleRef.rot", "OBJECTID_1": "1238", "PLATEID1": 736, "FROMAGE": 600.0, "TOAGE": -999.0, "NAME": "East Java", "PLATEID2": 0, "GPGIM_TYPE": "gpml:ClosedContinentalBoundary", "L_PLATE": 0, "R_PLATE": 0, "SPREAD_ASY": 0.0, "IMPORT_AGE": 0.0, "Shape_Leng": 21.517513621500001, "Shape_Area": 10.913318067400001, "FEATURE_ID": "GPlates-8516f113-e7d1-4bef-8faa-1aaffb6b2480" }, "geometry": { "type": "Polygon", "coordinates": [ [ [ 115.46685791000003, -5.895263665999948 ], [ 114.972326217000045, -6.406516661999945 ], [ 114.39995353300003, -6.802366402999951 ], [ 114.242758130000098, -7.056653082999958 ], [ 113.843008682000118, -7.327911637999931 ], [ 112.201180588000057, -7.470679297999937 ], [ 110.930548410000085, -7.470679297999937 ], [ 109.67419299900007, -7.856151980999926 ], [ 108.740370484000039, -8.211893891999978 ], [ 107.542963163000081, -7.9902 ], [ 106.351963163000065, -7.6352 ], [ 106.287734756000077, -7.60557307399995 ], [ 106.210841494000078, -7.576482791999979 ], [ 106.121694743000035, -7.548117916999956 ], [ 106.02039161800009, -7.499492416999942 ], [ 105.943401243000039, -7.467075415999944 ], [ 105.850202368000055, -7.430606290999946 ], [ 105.744362069000033, -7.348074166999935 ], [ 105.34120899900006, -7.054978439999963 ], [ 105.848019702000045, -6.999546018999985 ], [ 108.660542611000039, -7.056653082999958 ], [ 110.188156577000086, -6.671180399999969 ], [ 111.130423135000058, -6.271430950999957 ], [ 112.272564418000115, -5.857404735999978 ], [ 112.64576050800008, -5.552687346999966 ], [ 115.46685791000003, -5.895263665999948 ] ] ] } },
{ "type": "Feature", "properties": { "ANCHOR": 0, "TIME": 600.0, "FILE1": "Global_EarthByte_GPlates_PresentDay_StaticPlatePolygons.gpmlz", "RECONFILE1": "Zahirovic_etal_2022_OptimisedMantleRef_and_NNRMantleRef.rot", "OBJECTID_1": "1240", "PLATEID1": 61404, "FROMAGE": 600.0, "TOAGE": -999.0, "NAME": "Luconia", "PLATEID2": 0, "GPGIM_TYPE": "gpml:ClosedContinentalBoundary", "L_PLATE": 0, "R_PLATE": 0, "SPREAD_ASY": 0.0, "IMPORT_AGE": 0.0, "Shape_Leng": 10.8297255407, "Shape_Area": 6.1570780678299997, "FEATURE_ID": "GPlates-4ca9bc4d-7432-4c55-b419-774608b26117" }, "geometry": { "type": "Polygon", "coordinates": [ [ [ 109.473925637000036, 6.870066774000071 ], [ 110.056848633000072, 6.741377125000043 ], [ 110.413767784000072, 6.498672102000057 ], [ 111.234681831000046, 6.298797378000075 ], [ 112.319716049000021, 6.048953972000049 ], [ 113.054969500000084, 5.55640554400003 ], [ 113.169810067000071, 5.425543684000047 ], [ 112.429290907000109, 4.90518071300005 ], [ 112.255554199000017, 4.75671386700003 ], [ 111.443969727000081, 4.542236328000058 ], [ 110.476196289000086, 4.462341309000067 ], [ 110.081481934000067, 4.289672852000024 ], [ 109.643784328000038, 4.174935192000021 ], [ 109.589611640000044, 4.398397530000068 ], [ 109.387357454000039, 6.028328319000026 ], [ 109.374514632000057, 6.112622116000068 ], [ 109.376041244000078, 6.130941870000072 ], [ 109.284494517000041, 6.91188674700004 ], [ 109.473925637000036, 6.870066774000071 ] ] ] } },
{ "type": "Feature", "properties": { "ANCHOR": 0, "TIME": 600.0, "FILE1": "Global_EarthByte_GPlates_PresentDay_StaticPlatePolygons.gpmlz", "RECONFILE1": "Zahirovic_etal_2022_OptimisedMantleRef_and_NNRMantleRef.rot", "OBJECTID_1": "1241", "PLATEID1": 60401, "FROMAGE": 600.0, "TOAGE": -999.0, "NAME": "Simao (Metcalfe)", "PLATEID2": 0, "GPGIM_TYPE": "gpml:ClosedContinentalBoundary", "L_PLATE": 0, "R_PLATE": 0, "SPREAD_ASY": 0.0, "IMPORT_AGE": 0.0, "Shape_Leng": 25.880518142700002, "Shape_Area": 15.4454358826, "FEATURE_ID": "GPlates-25f8b509-d159-4957-87a9-8cd359fdcf9b" }, "geometry": { "type": "Polygon", "coordinates": [ [ [ 103.12793668200004, 23.079692285000082 ], [ 103.149536133000097, 22.986145020000038 ], [ 103.169067383000083, 22.587463379000042 ], [ 103.169067383000083, 22.130554199000073 ], [ 103.135947929000054, 21.936587002000064 ], [ 103.026062012000068, 21.293029785000044 ], [ 102.795288086000085, 20.712219238000046 ], [ 102.731079102000081, 20.550720215000069 ], [ 102.569396973000039, 20.284118652000075 ], [ 102.206359863000046, 19.849121094000054 ], [ 102.007690430000082, 19.493164062000066 ], [ 101.84600830100004, 18.836486816000047 ], [ 101.541503906000074, 18.189270019000048 ], [ 101.532043457000043, 17.828918457000043 ], [ 101.559814453000058, 16.713256836000028 ], [ 101.468505859000061, 15.976501465000069 ], [ 101.506958008000097, 15.338500977000024 ], [ 101.609497070000032, 14.144348145000039 ], [ 100.67707751100005, 14.710888031000025 ], [ 100.498291016000053, 14.819519043000069 ], [ 100.31405727200007, 15.014896699000076 ], [ 100.339256177000053, 15.371431800000039 ], [ 100.368469238000046, 15.601379394000048 ], [ 100.271667480000076, 15.711181641000053 ], [ 100.170898438000052, 16.172485352000017 ], [ 100.136169434000067, 16.438720703000058 ], [ 100.142333984000061, 16.876708984000061 ], [ 100.113708496000072, 17.086181641000053 ], [ 100.170898438000052, 17.419250488000046 ], [ 100.294555664000086, 17.647583008000026 ], [ 100.557922363000046, 17.935363770000038 ], [ 100.799011231000065, 18.33288574200003 ], [ 100.838623047000056, 18.565917969000054 ], [ 100.941833496000072, 19.608459473000035 ], [ 101.179870606000065, 20.464904785000048 ], [ 101.151245117000087, 21.083557129000042 ], [ 101.084594727000081, 21.631835938000052 ], [ 100.894287109000061, 22.101928711000028 ], [ 100.65625, 22.416137695000032 ], [ 100.278747559000067, 23.065979004000042 ], [ 100.257141113000046, 23.427246094000054 ], [ 100.265991211000085, 24.102172852000024 ], [ 100.152038574000073, 24.959533691000047 ], [ 100.138612647000059, 25.529891479000074 ], [ 100.350036621000072, 25.200012207000043 ], [ 100.649414063000052, 24.874816894000048 ], [ 100.891085391000047, 24.648806386000047 ], [ 101.235046387000068, 24.33624267600004 ], [ 101.328369141000053, 24.231750488000046 ], [ 101.784423828000058, 23.887451172000056 ], [ 102.174682617000087, 23.513000488000056 ], [ 103.12793668200004, 23.079692285000082 ] ] ] } },
{ "type": "Feature", "properties": { "ANCHOR": 0, "TIME": 600.0, "FILE1": "Global_EarthByte_GPlates_PresentDay_StaticPlatePolygons.gpmlz", "RECONFILE1": "Zahirovic_etal_2022_OptimisedMantleRef_and_NNRMantleRef.rot", "OBJECTID_1": "1245", "PLATEID1": 591, "FROMAGE": 600.0, "TOAGE": -999.0, "NAME": "Central Pamirs", "PLATEID2": 0, "GPGIM_TYPE": "gpml:ClosedContinentalBoundary", "L_PLATE": 0, "R_PLATE": 0, "SPREAD_ASY": 0.0, "IMPORT_AGE": 0.0, "Shape_Leng": 16.415444091000001, "Shape_Area": 9.8706387196299996, "FEATURE_ID": "GPlates-60a0fe47-1fb0-408a-93fa-02596766392e" }, "geometry": { "type": "Polygon", "coordinates": [ [ [ 76.860781084000052, 36.579477205000039 ], [ 76.978303259000029, 36.357978818000049 ], [ 76.949997077000035, 36.360000869000032 ], [ 76.639998899000034, 36.419998779000025 ], [ 76.439407116000041, 36.411128611000024 ], [ 76.268646088000082, 36.392154633000075 ], [ 76.140105904000052, 36.371341850000093 ], [ 75.620162807000042, 36.267490722000048 ], [ 75.07322707000003, 36.097778624000057 ], [ 74.860000979000063, 35.950000818000028 ], [ 74.778258787000084, 35.822860796000043 ], [ 74.669998091000082, 35.909999680000055 ], [ 74.30000306200003, 36.279998770000077 ], [ 73.793633014000079, 36.431949694000018 ], [ 73.741363987000057, 36.446205605000053 ], [ 73.39392095200003, 36.513038512000037 ], [ 73.030219856000031, 36.561531568000071 ], [ 71.205322084000045, 36.132911597000039 ], [ 70.02843598100003, 35.672396090000056 ], [ 70.222968095000056, 36.12272852500007 ], [ 70.484746523000069, 36.395088556000083 ], [ 70.786972046000074, 36.720722198000033 ], [ 70.92379760700004, 36.927089691000049 ], [ 71.065513611000029, 37.21310806300005 ], [ 71.173027039000033, 37.392776489000028 ], [ 71.500434875000053, 37.834239960000048 ], [ 71.647041321000074, 37.981452942000026 ], [ 72.023315430000082, 38.197853088000045 ], [ 72.439240335000079, 38.326384443000059 ], [ 72.565750122000054, 38.357803345000036 ], [ 73.443496611000057, 38.45364823400007 ], [ 74.188163757000041, 38.325069428000063 ], [ 74.452049255000077, 38.251853943000071 ], [ 74.838096619000055, 38.078136444000052 ], [ 75.023803711000085, 37.958229065000069 ], [ 76.299247742000034, 37.029083252000078 ], [ 76.860781084000052, 36.579477205000039 ] ] ] } },
{ "type": "Feature", "properties": { "ANCHOR": 0, "TIME": 600.0, "FILE1": "Global_EarthByte_GPlates_PresentDay_StaticPlatePolygons.gpmlz", "RECONFILE1": "Zahirovic_etal_2022_OptimisedMantleRef_and_NNRMantleRef.rot", "OBJECTID_1": "1301", "PLATEID1": 590, "FROMAGE": 600.0, "TOAGE": -999.0, "NAME": "North Pamirs", "PLATEID2": 0, "GPGIM_TYPE": "gpml:ClosedContinentalBoundary", "L_PLATE": 0, "R_PLATE": 0, "SPREAD_ASY": 0.0, "IMPORT_AGE": 0.0, "Shape_Leng": 21.256060508299999, "Shape_Area": 7.3423993045499998, "FEATURE_ID": "GPlates-b7128b4f-dcab-42cf-b521-4f29dc9f57e8" }, "geometry": { "type": "Polygon", "coordinates": [ [ [ 75.507870906000051, 39.169765160000054 ], [ 75.754350687000056, 38.574439341000073 ], [ 76.113172194000086, 38.054148156000053 ], [ 76.573505442000055, 37.120916230000034 ], [ 76.860781084000052, 36.579477205000039 ], [ 76.299247742000034, 37.029083252000078 ], [ 75.023803711000085, 37.958229065000069 ], [ 74.838096619000055, 38.078136444000052 ], [ 74.452049255000077, 38.251853943000071 ], [ 74.188163757000041, 38.325069428000063 ], [ 73.443496611000057, 38.45364823400007 ], [ 72.565750122000054, 38.357803345000036 ], [ 72.439240335000079, 38.326384443000059 ], [ 72.023315430000082, 38.197853088000045 ], [ 71.647041321000074, 37.981452942000026 ], [ 71.500434875000053, 37.834239960000048 ], [ 71.173027039000033, 37.392776489000028 ], [ 71.065513611000029, 37.21310806300005 ], [ 70.92379760700004, 36.927089691000049 ], [ 70.786972046000074, 36.720722198000033 ], [ 70.484746523000069, 36.395088556000083 ], [ 69.65963457600003, 36.764414814000077 ], [ 68.758323669000049, 35.896461487000067 ], [ 70.303835465000077, 37.394073523000031 ], [ 70.734709428000031, 38.282867844000059 ], [ 70.945128895000039, 38.71691502200008 ], [ 71.873528271000055, 39.052170352000076 ], [ 73.549804920000042, 39.439003425000067 ], [ 74.018894472000056, 39.469188056000071 ], [ 74.271893323000029, 39.503475604000066 ], [ 74.568465346000039, 39.426108989000049 ], [ 74.787670754000033, 39.400320118000025 ], [ 75.097137212000064, 39.28427019600008 ], [ 75.507870906000051, 39.169765160000054 ] ] ] } },
{ "type": "Feature", "properties": { "ANCHOR": 0, "TIME": 600.0, "FILE1": "Global_EarthByte_GPlates_PresentDay_StaticPlatePolygons.gpmlz", "RECONFILE1": "Zahirovic_etal_2022_OptimisedMantleRef_and_NNRMantleRef.rot", "OBJECTID_1": "1307", "PLATEID1": 302, "FROMAGE": 600.0, "TOAGE": -999.0, "NAME": "Baltica", "PLATEID2": 0, "GPGIM_TYPE": "gpml:ClosedContinentalBoundary", "L_PLATE": 0, "R_PLATE": 0, "SPREAD_ASY": 0.0, "IMPORT_AGE": 0.0, "Shape_Leng": 167.68285998, "Shape_Area": 1088.7004481500001, "FEATURE_ID": "GPlates-14b5674b-6261-40cc-be27-449135e35f3a" }, "geometry": { "type": "Polygon", "coordinates": [ [ [ 26.212088807000033, 44.936087915000037 ], [ 26.214455908000048, 44.936916753000055 ], [ 26.530568322000079, 45.107699156000081 ], [ 26.690090854000065, 45.294029825000052 ], [ 26.781584102000068, 45.726054110000035 ], [ 26.761496220000026, 46.120800030000055 ], [ 26.795113812000071, 46.475554296000041 ], [ 26.753153310000073, 46.726608752000061 ], [ 26.645124767000027, 46.925135283000031 ], [ 26.260240658000043, 47.30923776100007 ], [ 26.148960346000024, 47.421126080000072 ], [ 25.82308027300007, 47.748786676000073 ], [ 25.38608135800008, 48.090758211000029 ], [ 25.217388630000073, 48.246854479000035 ], [ 25.106158525000065, 48.410883636000058 ], [ 24.893045760000064, 48.588289061000069 ], [ 24.626630133000049, 48.803235862000058 ], [ 24.403609276000047, 48.978820399000028 ], [ 24.170128538000029, 49.178082455000037 ], [ 23.964633930000051, 49.284403380000072 ], [ 23.728826754000067, 49.438395392000075 ], [ 23.372753172000049, 49.611028540000049 ], [ 22.940651580000068, 49.724195462000054 ], [ 22.735999937000031, 49.846323930000018 ], [ 22.441780987000072, 50.056206131000067 ], [ 22.066323658000044, 50.084411793000072 ], [ 21.728835960000026, 50.048080967000033 ], [ 21.486163014000056, 50.051496662000041 ], [ 21.181794726000074, 50.054022547000045 ], [ 20.809875835000071, 50.047106126000067 ], [ 20.663226880000025, 50.024296527000047 ], [ 20.439312159000057, 49.989469106000058 ], [ 20.243258665000042, 50.012775708000049 ], [ 20.096893012000063, 50.005499669000066 ], [ 19.721552019000068, 49.986840948000065 ], [ 19.357565619000077, 49.945250085000048 ], [ 18.805881752000058, 49.865982599000056 ], [ 18.431901623000044, 49.766492961000033 ], [ 18.066771408000026, 49.66935765900007 ], [ 17.727987424000041, 49.51778840300004 ], [ 17.598263934000045, 49.366595951000065 ], [ 17.376276905000054, 49.262021840000038 ], [ 17.215313999000045, 49.239966183000028 ], [ 17.045269011000073, 49.199389838000059 ], [ 16.859583471000057, 49.155081325000026 ], [ 16.734714413000066, 49.086879237000062 ], [ 16.588577959000094, 48.769388329000051 ], [ 16.294889806000072, 48.577252734000041 ], [ 16.101638516000037, 48.401357086000061 ], [ 15.974813062000067, 48.285921659000053 ], [ 15.456999236000055, 48.161156738000045 ], [ 15.176393748000066, 48.111072962000037 ], [ 15.328960232000044, 48.244627383000072 ], [ 15.459442037000032, 48.362071002000043 ], [ 16.127757339000027, 48.932989610000035 ], [ 16.123043775000042, 48.942128153000048 ], [ 16.788602862000062, 49.509298542000067 ], [ 17.006235123000067, 49.705198288000076 ], [ 17.14834404000004, 49.964036942000064 ], [ 17.26775550800005, 50.265661240000043 ], [ 17.343538284000033, 50.531278610000065 ], [ 17.365552902000051, 50.757257462000027 ], [ 17.365259171000048, 50.925230026000065 ], [ 17.363504410000079, 51.00273704500006 ], [ 17.358598709000034, 51.08168220500005 ], [ 17.361707687000035, 50.974130630000047 ], [ 17.321256638000023, 51.530973434000032 ], [ 17.313776016000077, 51.589109421000039 ], [ 17.41385451900004, 51.594117104000077 ], [ 18.466370533000035, 51.58302582500005 ], [ 19.215767252000035, 51.512903230000056 ], [ 19.8061, 51.4945 ], [ 20.205427387000043, 51.470020295000026 ], [ 18.8831, 52.2156 ], [ 18.0535, 52.7428 ], [ 16.5494, 53.4483 ], [ 16.254866408000048, 53.54934573000002 ], [ 16.84810970500007, 54.610956876000039 ], [ 15.34812889400007, 54.984630775000035 ], [ 14.774899803000036, 55.300399834000075 ], [ 14.287498963000075, 55.61989965800008 ], [ 12.750700926000036, 55.987499806000066 ], [ 10.836598903000031, 56.531200813000048 ], [ 8.978301011000044, 57.158698608000059 ], [ 4.779202928000073, 57.68301083300009 ], [ 4.705234102000018, 57.686764251000049 ], [ 1.492720279000025, 58.078136493000031 ], [ 1.663564, 59.03368 ], [ 1.788768, 59.5345 ], [ 2.164377, 60.48246 ], [ 2.407995, 61.12101 ], [ 2.698163, 61.51274 ], [ 2.973823, 61.94799 ], [ 3.367601, 62.33019 ], [ 3.504351, 62.42138 ], [ 5.875506, 63.87761 ], [ 7.049587, 64.45988 ], [ 8.013642, 65.12267 ], [ 9.118288, 65.80554 ], [ 10.74513, 66.82985 ], [ 11.55649, 67.63408 ], [ 13.44937, 68.78356 ], [ 14.27751, 69.13189 ], [ 16.33965, 69.65623 ], [ 16.483874694000065, 69.721365026000058 ], [ 17.585671402000063, 69.829466041000074 ], [ 18.267444417000039, 69.873938547000094 ], [ 18.10695663000007, 70.101450676000056 ], [ 17.759105844000036, 70.594574014000031 ], [ 17.580329450000022, 70.820498521000047 ], [ 17.416601673000059, 71.027405689000034 ], [ 17.184294646000076, 71.320978290000085 ], [ 17.117866462000052, 71.404925362000043 ], [ 17.07851437600004, 71.45444322700007 ], [ 17.43359, 71.73739 ], [ 17.88718, 72.0042 ], [ 18.2874, 72.13761 ], [ 18.76766, 72.324380000000104 ], [ 21.25131, 71.87904 ], [ 22.92997, 71.71071 ], [ 24.92323, 71.41461 ], [ 27.15829, 70.94763 ], [ 28.52069, 70.70842 ], [ 30.68327, 70.19907 ], [ 31.64297, 69.91972 ], [ 32.91501, 69.59936 ], [ 33.39064, 69.50333 ], [ 35.27977, 69.43476 ], [ 37.22148, 69.04237 ], [ 40.76394, 68.02391 ], [ 42.833282510000053, 67.600106984000035 ], [ 46.047282041000088, 66.825473471000066 ], [ 46.401346884000084, 66.751355610000076 ], [ 50.335523605000049, 66.046342850000059 ], [ 52.501316070000037, 65.557289124000079 ], [ 55.575344085000033, 64.788787841000044 ], [ 60.194724004000079, 63.718564970000045 ], [ 60.200621004000027, 63.717254093000065 ], [ 60.121158051000066, 63.34707443700006 ], [ 60.088147899000028, 63.193311715000057 ], [ 60.044091806000047, 62.305462438000077 ], [ 60.031827534000058, 62.058303606000045 ], [ 59.93740878400007, 61.120651899 ], [ 59.799231461000034, 60.329272688000053 ], [ 59.784199914000055, 59.759767585000077 ], [ 60.033173149000049, 59.261821115000032 ], [ 60.068740754000039, 58.870577460000057 ], [ 59.997605544000066, 57.767981705000047 ], [ 60.068740754000039, 55.954033851000077 ], [ 60.068740754000025, 54.673600071000067 ], [ 60.28214638400005, 53.96224797100006 ], [ 59.819767519000038, 53.286463476000044 ], [ 59.357388654000026, 52.468408561000039 ], [ 59.499658585000084, 51.721490860000074 ], [ 59.60636329700003, 50.761163712000034 ], [ 59.64192949400006, 48.91164806200004 ], [ 59.748632309000072, 48.093593147000036 ], [ 59.570794284000044, 47.168835417000025 ], [ 59.570794284000044, 46.742024158000049 ], [ 59.535226679000047, 45.923969243000045 ], [ 59.428523864000049, 45.497157983000079 ], [ 59.108415419000046, 44.714670673000057 ], [ 59.109357869000071, 44.134930028000042 ], [ 58.309692383000034, 44.25811386100002 ], [ 57.442413330000079, 44.440700531000054 ], [ 56.58443596700004, 44.573876642000073 ], [ 56.306648254000024, 44.543449402000078 ], [ 55.229038483000068, 44.684314315000051 ], [ 54.224407196000058, 44.815639496000074 ], [ 52.727371216000058, 45.038833618000069 ], [ 51.488914490000077, 45.400844574000075 ], [ 50.183773041000023, 45.700252533000025 ], [ 49.912526139000079, 45.786820831000043 ], [ 48.904489517000052, 46.108537674000047 ], [ 47.529935837000039, 46.271848679000072 ], [ 46.631715775000032, 46.448770523000064 ], [ 45.325212479000079, 46.652914047000081 ], [ 44.106878730000069, 46.928348504000034 ], [ 43.831714320000053, 47.039933478000073 ], [ 42.108310120000056, 47.543383534000036 ], [ 41.82616216100007, 47.517157350000048 ], [ 41.626510620000026, 47.465259552000084 ], [ 41.001380920000031, 47.091720581000061 ], [ 37.734526268000032, 45.411115160000065 ], [ 37.734636364000046, 45.298809091000066 ], [ 37.583989246000044, 45.333552128000051 ], [ 37.476422488000026, 45.278128231000046 ], [ 36.932942479000076, 45.069044038000051 ], [ 37.202909281000082, 44.979782915000044 ], [ 37.264009595000068, 44.939300183000064 ], [ 37.276372819000073, 44.93110878300007 ], [ 37.283073458000047, 44.923465035000056 ], [ 37.309499624000061, 44.893319013000053 ], [ 37.306760431000043, 44.884335674000056 ], [ 37.299164681000036, 44.859426886000058 ], [ 37.321373182000059, 44.824962902000038 ], [ 33.954238829000076, 43.916919725000064 ], [ 28.991349867000054, 44.677490706000079 ], [ 28.921258920000074, 44.674976629000071 ], [ 28.783149987000058, 44.722743557000058 ], [ 28.727721147000068, 44.762745690000031 ], [ 27.865509111000051, 44.701704130000053 ], [ 26.642927840000027, 44.783209548000059 ], [ 26.212088807000033, 44.936087915000037 ] ] ] } },
{ "type": "Feature", "properties": { "ANCHOR": 0, "TIME": 600.0, "FILE1": "Global_EarthByte_GPlates_PresentDay_StaticPlatePolygons.gpmlz", "RECONFILE1": "Zahirovic_etal_2022_OptimisedMantleRef_and_NNRMantleRef.rot", "OBJECTID_1": "1310", "PLATEID1": 451, "FROMAGE": 600.0, "TOAGE": -999.0, "NAME": "Ala Shan", "PLATEID2": 0, "GPGIM_TYPE": "gpml:ClosedContinentalBoundary", "L_PLATE": 0, "R_PLATE": 0, "SPREAD_ASY": 0.0, "IMPORT_AGE": 0.0, "Shape_Leng": 63.779673849399998, "Shape_Area": 90.468988909700002, "FEATURE_ID": "GPlates-24d3ef9f-826a-4e50-aacf-42b6b869804e" }, "geometry": { "type": "Polygon", "coordinates": [ [ [ 94.801940009000091, 44.733943355000065 ], [ 97.459934005000036, 44.368903995000039 ], [ 97.512767102000055, 44.393694375000059 ], [ 98.773247745000049, 44.082826841000049 ], [ 100.093794388000049, 43.820740716000053 ], [ 100.215461711000046, 43.805115479000051 ], [ 101.520801697000081, 43.765118019000049 ], [ 102.741660429000049, 43.700907645000029 ], [ 103.449070099000053, 43.566282503000018 ], [ 104.157353645000057, 43.382079528000077 ], [ 104.90358380000005, 43.122912539000026 ], [ 105.980276579000076, 42.581380424000031 ], [ 106.217679697000051, 42.479254273000038 ], [ 106.301411512000087, 42.458652832000048 ], [ 106.382413387000042, 42.411202226000057 ], [ 106.594711438000047, 42.334559235000036 ], [ 107.160993899000061, 42.170906443000035 ], [ 107.476673436000056, 42.100886830000036 ], [ 107.556518883000081, 42.090095164000054 ], [ 107.692298605000076, 42.063347101000033 ], [ 107.902542218000065, 42.038009872000039 ], [ 108.679999943000041, 42.189998544000048 ], [ 108.787537464000081, 42.188680592000019 ], [ 108.682694717000061, 42.167130160000056 ], [ 108.516609, 42.119705 ], [ 108.265701171000046, 41.99424425400008 ], [ 108.06382, 41.896477 ], [ 107.82164, 41.807766 ], [ 107.159443441000064, 41.412847200000044 ], [ 106.812931862000084, 41.066335620000075 ], [ 106.110905498000079, 39.95865021600008 ], [ 105.81784409100004, 39.128309564000062 ], [ 105.769000523000045, 38.395656048000035 ], [ 105.964374794000037, 37.711846099000063 ], [ 106.306279769000071, 36.930349015000047 ], [ 106.35214699800008, 36.425809490000063 ], [ 106.35839806000007, 36.357047809000065 ], [ 105.371151325000085, 36.672284484000045 ], [ 104.781552869000052, 36.956679033000057 ], [ 103.883198061000087, 37.15950353900007 ], [ 103.236111270000038, 37.358993274000056 ], [ 102.972526077000055, 37.546277489000033 ], [ 102.625703456000053, 37.698879442000084 ], [ 101.542788496000071, 38.108377546000035 ], [ 100.621068707000063, 38.420270494000079 ], [ 100.184072204000074, 38.843394092000047 ], [ 99.851122488000044, 38.947440878000066 ], [ 99.608346653000069, 39.044551212000044 ], [ 98.928574316000038, 39.391373833000046 ], [ 98.221056169000065, 39.634149668000077 ], [ 97.069605067000055, 39.904671312000069 ], [ 96.188675609000086, 39.932417122000061 ], [ 95.834916536000037, 39.856116145000051 ], [ 94.322769908000055, 39.453801905000041 ], [ 93.448776903000066, 39.349755119000065 ], [ 92.311921541000061, 39.149057435000032 ], [ 91.145335811000052, 38.806573551000042 ], [ 90.567394257000046, 38.699547337000084 ], [ 89.957344839000086, 38.549710638000079 ], [ 89.390105906000031, 38.389171317000027 ], [ 88.890228133000051, 38.311071885000047 ], [ 89.747506547000071, 38.581859039000051 ], [ 90.340278792000063, 38.828847474000042 ], [ 91.031846409000082, 39.149932440000043 ], [ 91.451726749000045, 39.569812779000074 ], [ 91.822209402000055, 40.014391963000037 ], [ 92.464379333000068, 40.681260738000049 ], [ 90.647109985000043, 41.378982544000053 ], [ 90.118705749000071, 41.493835449000073 ], [ 89.840881348000039, 41.571647644000059 ], [ 89.233890495000097, 41.818324973000074 ], [ 88.522590638000054, 42.134010315000069 ], [ 88.23931884700005, 42.292034149000067 ], [ 87.566938182000058, 42.55181893300005 ], [ 87.337033406000046, 42.565342744000084 ], [ 86.485033354000052, 42.673533227000064 ], [ 86.052271422000047, 42.768199899000081 ], [ 84.382314660000077, 42.990757991000073 ], [ 84.874516842000048, 43.093794253000056 ], [ 85.76232712500007, 43.229649152000036 ], [ 86.351327036000043, 43.383255738000067 ], [ 86.92775028300008, 43.504362539000063 ], [ 87.226715788000035, 43.603819975000079 ], [ 87.484374282000033, 43.689535728000067 ], [ 87.873696360000054, 43.880361949000076 ], [ 88.309436776000041, 43.95990392900007 ], [ 88.826934704000053, 43.914019880000076 ], [ 89.306035064000071, 43.809286143000065 ], [ 89.877334059000077, 43.812234526000047 ], [ 91.008899788000065, 44.137310404000068 ], [ 91.887394632000053, 44.453609494000027 ], [ 92.868855096000061, 44.646486904000028 ], [ 93.700499914000034, 44.90209416600004 ], [ 93.862035076000055, 44.900922633000057 ], [ 94.801940009000091, 44.733943355000065 ] ] ] } },
{ "type": "Feature", "properties": { "ANCHOR": 0, "TIME": 600.0, "FILE1": "Global_EarthByte_GPlates_PresentDay_StaticPlatePolygons.gpmlz", "RECONFILE1": "Zahirovic_etal_2022_OptimisedMantleRef_and_NNRMantleRef.rot", "OBJECTID_1": "1313", "PLATEID1": 454, "FROMAGE": 600.0, "TOAGE": -999.0, "NAME": "Khanka-Jiamusu Bureya", "PLATEID2": 0, "GPGIM_TYPE": "gpml:ClosedContinentalBoundary", "L_PLATE": 0, "R_PLATE": 0, "SPREAD_ASY": 0.0, "IMPORT_AGE": 0.0, "Shape_Leng": 31.729364698800001, "Shape_Area": 47.299667785799997, "FEATURE_ID": "GPlates-9637a50c-48da-4292-9c7e-28259a138e36" }, "geometry": { "type": "Polygon", "coordinates": [ [ [ 136.637202798000089, 53.594253522000031 ], [ 138.618299906000061, 53.88102884500006 ], [ 138.610488966000048, 53.631111703000037 ], [ 138.604555653000034, 53.546994398000038 ], [ 138.566376164000076, 53.006019736000042 ], [ 138.245956143000058, 51.178764697000076 ], [ 138.123694218000082, 50.507951984000051 ], [ 138.103994767000017, 50.399854590000075 ], [ 138.100082126000075, 50.378368812000062 ], [ 137.774994190000029, 49.731979683000077 ], [ 137.611099062000108, 49.389934752000038 ], [ 137.335692969000092, 48.867305760000079 ], [ 136.857086012000082, 48.076801602000053 ], [ 135.861069107000048, 46.594631801000048 ], [ 135.751083151000103, 46.434368549000055 ], [ 135.421951184000022, 45.989070769000087 ], [ 135.155914119000045, 45.510211645000027 ], [ 134.784697987000072, 45.064456680000021 ], [ 134.483458904000031, 44.696060828000043 ], [ 134.394867057000056, 44.568462561000047 ], [ 134.132736108000017, 44.212955656000084 ], [ 133.326659932000098, 42.436336740000066 ], [ 132.80807497100011, 42.418422817000085 ], [ 131.87188715800005, 42.392944592000056 ], [ 131.642333960000087, 42.373340727000034 ], [ 131.390442086, 42.309081582000033 ], [ 131.223163636000095, 42.558327273000039 ], [ 131.2330363640001, 42.595827273000054 ], [ 131.212245455000016, 42.614854545000071 ], [ 131.216321339000046, 42.635961615000049 ], [ 130.68828204700003, 43.398966477000045 ], [ 130.614913990000105, 43.477857064000034 ], [ 130.352258787000096, 44.081964030000051 ], [ 130.010807024000087, 44.05569851000007 ], [ 129.905744942000069, 44.607274436000075 ], [ 130.089603584000088, 45.447771085000063 ], [ 130.325993267000058, 46.235736694000074 ], [ 130.982631274000028, 47.995526553000047 ], [ 131.281212283000059, 48.611349884000042 ], [ 131.402879599000016, 48.862288723000063 ], [ 131.744331363000015, 49.203740487000054 ], [ 132.006986566000023, 49.413864649000054 ], [ 132.926279776000115, 50.017971616000061 ], [ 134.003166108000073, 50.543282021000039 ], [ 135.18511452100006, 51.226185549000043 ], [ 135.762955967000039, 51.961620117000052 ], [ 136.314531893000094, 52.775851246000059 ], [ 136.729344956000091, 53.605477372000067 ], [ 136.637202798000089, 53.594253522000031 ] ] ] } },
{ "type": "Feature", "properties": { "ANCHOR": 0, "TIME": 600.0, "FILE1": "Global_EarthByte_GPlates_PresentDay_StaticPlatePolygons.gpmlz", "RECONFILE1": "Zahirovic_etal_2022_OptimisedMantleRef_and_NNRMantleRef.rot", "OBJECTID_1": "1314", "PLATEID1": 401, "FROMAGE": 600.0, "TOAGE": -999.0, "NAME": "Siberia", "PLATEID2": 0, "GPGIM_TYPE": "gpml:ClosedContinentalBoundary", "L_PLATE": 0, "R_PLATE": 0, "SPREAD_ASY": 0.0, "IMPORT_AGE": 0.0, "Shape_Leng": 193.793729544, "Shape_Area": 1048.36794302, "FEATURE_ID": "GPlates-52bdab2b-06d5-49eb-b42f-56b6b46b4888" }, "geometry": { "type": "Polygon", "coordinates": [ [ [ 114.97896688700007, 78.427339867000057 ], [ 117.316965445000051, 77.978285606000043 ], [ 118.377453884000033, 77.763012735000075 ], [ 119.264970497000036, 77.564627939000061 ], [ 119.615967115000103, 77.483559832000097 ], [ 120.187250816000073, 77.348267605000032 ], [ 120.456381914000076, 77.279948536000077 ], [ 120.755970149000063, 77.202216989000092 ], [ 121.480222582000025, 77.00877200900004 ], [ 121.520784395000078, 77.007490805000032 ], [ 122.549073072000056, 76.975577391000058 ], [ 122.709630795000066, 76.970238541000057 ], [ 123.731442601000026, 76.933706217000051 ], [ 124.164268099000068, 76.946072650000076 ], [ 124.233732764000024, 76.947922019000032 ], [ 123.817838687000076, 76.822046153000016 ], [ 122.921441819000037, 76.647164306000036 ], [ 122.482426095000051, 76.561514876000061 ], [ 119.664902690000076, 76.106525323000085 ], [ 119.630508631000097, 76.098190663000096 ], [ 116.645889708000027, 75.312946314000044 ], [ 112.8309, 73.9916 ], [ 115.366442291000126, 73.570706557000051 ], [ 116.70543317000012, 73.369738381000062 ], [ 120.03029497600005, 72.805556770000067 ], [ 120.999298107000072, 72.717399429000068 ], [ 121.981819564000034, 72.73485208600006 ], [ 122.116135557, 72.821950249000054 ], [ 123.290305365000094, 72.561893152000039 ], [ 125.044846423000095, 72.416755901000045 ], [ 126.76148816400007, 72.16516075800007 ], [ 127.520629162000105, 71.174802443000033 ], [ 126.877401325000037, 69.970210892000068 ], [ 126.355004043, 69.489558342000066 ], [ 126.409541690000083, 68.859049872000071 ], [ 126.065572338000038, 67.192975980000028 ], [ 125.619328043000124, 66.423803278000037 ], [ 126.022047537000049, 65.854412852000053 ], [ 126.021615994000044, 65.639440722000074 ], [ 126.416103285000077, 65.310781631000069 ], [ 126.264200329000118, 64.969876140000054 ], [ 126.185532599000098, 64.569082489000039 ], [ 126.845731496000113, 64.236066244000028 ], [ 127.44923975100005, 64.210487386000068 ], [ 128.086992907000081, 64.065008157000079 ], [ 129.238939036000033, 63.894181466000077 ], [ 130.697607660000017, 64.027518293000071 ], [ 132.179575636000095, 64.014555850000079 ], [ 134.215129849000078, 63.686060100000077 ], [ 136.291663715000027, 63.411715089000033 ], [ 137.435186424000108, 63.16220187600004 ], [ 137.027247040000049, 62.279315128000086 ], [ 136.330688573000089, 61.714063559000053 ], [ 136.250306119000015, 61.03107575100006 ], [ 136.596127705000072, 60.256204766000053 ], [ 136.520170723000092, 59.135715270000048 ], [ 136.435618519000059, 58.24133151900002 ], [ 136.882391018000021, 57.203926248000073 ], [ 136.983112914000117, 57.087056400000044 ], [ 136.824065578000045, 56.959137677000065 ], [ 136.14584886800003, 56.514359781000053 ], [ 134.824332916000117, 55.719338055000037 ], [ 134.034511642000098, 55.355974772000089 ], [ 133.259769098000106, 55.033408194000046 ], [ 132.474165830000061, 54.785618777000082 ], [ 130.461490723000111, 54.448002534000075 ], [ 129.016032198000062, 54.324089871000069 ], [ 128.242359488000034, 54.331469648000045 ], [ 127.295585383000116, 54.307619055000025 ], [ 126.382197353000024, 54.382165592000035 ], [ 125.844864983000093, 54.449642242000039 ], [ 124.703621460000036, 54.639706158000088 ], [ 124.213966370000094, 54.775730133000089 ], [ 123.795013428000047, 54.697448731000065 ], [ 123.326553344000118, 54.659912109000054 ], [ 122.865699768000027, 54.66985702500007 ], [ 122.412460328000066, 54.714000702000078 ], [ 121.441261292000036, 54.699661255000088 ], [ 120.798451249000109, 54.748747358000053 ], [ 120.69740597100008, 54.746744780000022 ], [ 120.203437805000021, 54.689723968000067 ], [ 119.845428467000048, 54.619026184000063 ], [ 119.563591003000042, 54.523818970000036 ], [ 119.011322022000058, 54.258060456000059 ], [ 118.493347168000014, 54.037704468000072 ], [ 118.035318513000107, 53.94268205 ], [ 117.432148545000018, 54.087133737000045 ], [ 117.376286464000032, 54.373501768000054 ], [ 117.517360201000102, 54.733671462000068 ], [ 117.560941095000089, 54.983883194000043 ], [ 117.571579998000075, 55.332444702000025 ], [ 117.555777903000049, 55.618987923000056 ], [ 117.502112962000055, 55.899309913000081 ], [ 117.505607589000078, 56.446075254000057 ], [ 117.43244604500002, 57.016147775000036 ], [ 117.495159697000076, 57.38908918900006 ], [ 117.610586643000033, 57.71273413600003 ], [ 117.610881984000116, 58.062595764000044 ], [ 117.65234044400006, 58.498147424000074 ], [ 117.664723630000026, 58.914078831000026 ], [ 117.647336024000097, 59.439413455000064 ], [ 117.617563697000023, 59.593839980000034 ], [ 117.583991776000076, 59.687325838000042 ], [ 117.53759540700004, 59.775007227000067 ], [ 117.473192654000059, 59.85898550100007 ], [ 117.388171006000093, 59.941831717000078 ], [ 117.317513640000016, 59.993088359000055 ], [ 116.999807489000105, 60.148912389000024 ], [ 116.884158787000047, 60.177443655000047 ], [ 116.755746951000106, 60.184909499000064 ], [ 116.606099517000075, 60.148770777000038 ], [ 116.148459000000116, 59.960261 ], [ 115.798061, 59.893311 ], [ 115.539071, 59.879905 ], [ 114.872554, 59.888524 ], [ 114.605946, 59.857869 ], [ 114.213654, 59.756122 ], [ 113.406216, 59.471313 ], [ 111.570435, 58.662866 ], [ 110.915343, 58.30865 ], [ 110.676931916000058, 58.166132351000044 ], [ 110.431642, 58.029766 ], [ 110.092669, 57.816871 ], [ 109.780358, 57.585315 ], [ 109.186205, 57.104251 ], [ 108.904363, 56.799188 ], [ 108.601573500000086, 56.416166500000031 ], [ 108.512069, 56.159189 ], [ 108.45113, 55.827069 ], [ 108.214992, 54.97486 ], [ 108.119775, 54.748446 ], [ 107.986471, 54.568387 ], [ 107.956001, 54.484159 ], [ 107.891254, 54.379741 ], [ 107.750334, 54.194689 ], [ 107.64369, 54.097371 ], [ 107.232355, 53.793881 ], [ 106.862912, 53.475667 ], [ 106.600115, 53.295682 ], [ 106.186963022000043, 52.916742132000074 ], [ 105.956207276000058, 52.789710999000071 ], [ 104.947776657000077, 52.148109645000034 ], [ 104.722027013000059, 52.041015344000073 ], [ 104.755084241000077, 51.949251181000079 ], [ 104.476556409000068, 51.880008448000062 ], [ 103.866319142000066, 51.702998237000024 ], [ 103.37103621100006, 51.68649723500004 ], [ 102.581419780000033, 51.794249091000047 ], [ 102.360122681000064, 51.903465271000066 ], [ 101.893966675000058, 52.173324585000039 ], [ 100.814298524000037, 52.60542100300006 ], [ 100.155563354000037, 53.008697510000069 ], [ 100.078788757000041, 53.061618805000073 ], [ 99.952495027000055, 53.198523947000076 ], [ 99.848299002000033, 53.257685102000039 ], [ 99.664749146000077, 53.268947601000043 ], [ 99.057403564000083, 53.215049744000062 ], [ 98.286043149000079, 53.245454965000071 ], [ 97.93797008100006, 53.311474195000073 ], [ 97.447170075000031, 53.414962232000043 ], [ 96.726722717000087, 53.628025055000073 ], [ 96.308497328000044, 53.787171006000051 ], [ 96.126228333000086, 53.856529236000029 ], [ 95.942520142000035, 53.903541565000069 ], [ 94.782661438000048, 54.186901093000067 ], [ 93.971031189000087, 54.361911774000063 ], [ 93.25811767600004, 54.550529480000087 ], [ 92.748115540000072, 54.71604919400005 ], [ 92.481876172000057, 54.827374458000072 ], [ 92.276662827000067, 54.922746658000051 ], [ 91.981131653000034, 55.034805948000042 ], [ 91.919972510000036, 55.052652335000062 ], [ 91.824575424000045, 55.086965561000049 ], [ 91.406752109000081, 55.204619348000044 ], [ 91.095031253000059, 55.272790527000033 ], [ 89.97829426100003, 55.41394249700005 ], [ 89.697394165000048, 55.457360882000046 ], [ 88.632239168000069, 55.628415361000066 ], [ 88.090598070000055, 55.714383901000069 ], [ 87.3063628230001, 55.825254669000053 ], [ 86.975313043000085, 55.864387142000048 ], [ 86.804306422000082, 55.897529051000035 ], [ 86.602568348000034, 55.947606885000027 ], [ 86.363750201000073, 56.017106866000063 ], [ 86.111455944000056, 56.101951523000082 ], [ 85.864030997000057, 56.199799766000076 ], [ 85.44819314700004, 56.422716216000019 ], [ 85.117390915000044, 56.559930766000036 ], [ 84.833592562000035, 56.617973356000057 ], [ 84.615934372000083, 56.633226395000065 ], [ 84.398244440000042, 56.651396580000032 ], [ 83.650669270000037, 56.742245609000065 ], [ 82.474668952000059, 56.933513319000035 ], [ 81.91470485900004, 57.993150082000064 ], [ 80.764220023000064, 59.093613839000056 ], [ 80.013903825000057, 59.943972196000061 ], [ 79.113524387000041, 61.244520273 ], [ 78.113102790000084, 62.995258068000055 ], [ 77.412807672000042, 63.995679665000068 ], [ 76.412386075000043, 65.896480700000026 ], [ 75.011795839000058, 68.097408214000041 ], [ 74.911753679000071, 69.598040609000066 ], [ 75.962196356000049, 70.398377887000052 ], [ 79.202751983000041, 70.804362767000043 ], [ 80.33096, 71.02615 ], [ 81.617, 71.16709 ], [ 82.316406, 71.208355 ], [ 82.087032, 71.590647 ], [ 81.590054, 71.921967 ], [ 80.927417, 72.240543 ], [ 80.111863, 72.826724 ], [ 79.678601, 73.336446 ], [ 79.56361, 73.876520000000113 ], [ 81.64896, 73.83967 ], [ 84.32806, 73.92851 ], [ 87.162583902000051, 74.060372086000029 ], [ 87.320827273000077, 74.051654545000076 ], [ 87.3936, 74.028872727000078 ], [ 87.410818182000071, 74.007418182000038 ], [ 88.792110713000056, 74.208109532000023 ], [ 87.942822682000042, 74.139956789000053 ], [ 89.59917, 74.31911 ], [ 92.74155, 74.68529 ], [ 95.17438, 74.97823 ], [ 97.40446, 75.22235 ], [ 99.105130564000035, 75.483107816000015 ], [ 101.1551, 75.83266 ], [ 102.4728, 76.07677 ], [ 103.9934, 76.41855 ], [ 105.007, 76.73591 ], [ 105.803555496000058, 76.98743578800007 ], [ 105.448454545000061, 76.9761 ], [ 105.440918182000075, 77.010245455000074 ], [ 105.488872727000057, 77.024990909000053 ], [ 105.774990909000053, 77.034427273000063 ], [ 105.788294894000046, 77.04221117200008 ], [ 105.934145455000078, 77.127545455000075 ], [ 107.0643, 77.66809 ], [ 107.8318, 78.01894 ], [ 109.406185031000064, 79.174527353000016 ], [ 109.98425338900006, 79.598825394000059 ], [ 110.567284942000072, 79.617093598000054 ], [ 113.498889249000058, 78.694137547000096 ], [ 114.97896688700007, 78.427339867000057 ] ] ] } },
{ "type": "Feature", "properties": { "ANCHOR": 0, "TIME": 600.0, "FILE1": "Global_EarthByte_GPlates_PresentDay_StaticPlatePolygons.gpmlz", "RECONFILE1": "Zahirovic_etal_2022_OptimisedMantleRef_and_NNRMantleRef.rot", "OBJECTID_1": "1315", "PLATEID1": 404, "FROMAGE": 600.0, "TOAGE": -999.0, "NAME": "Kara Block", "PLATEID2": 0, "GPGIM_TYPE": "gpml:ClosedContinentalBoundary", "L_PLATE": 0, "R_PLATE": 0, "SPREAD_ASY": 0.0, "IMPORT_AGE": 0.0, "Shape_Leng": 93.082751024000004, "Shape_Area": 264.32496188900001, "FEATURE_ID": "GPlates-09ca3d2e-bdd2-4d76-9bdf-ab543033744e" }, "geometry": { "type": "Polygon", "coordinates": [ [ [ 82.281647168000063, 82.322101317000062 ], [ 85.433814858000062, 82.207406419000051 ], [ 91.484887675000039, 81.993579196000042 ], [ 93.829913850000082, 81.974833878000069 ], [ 93.846210226000039, 81.974604338000034 ], [ 96.493734536000034, 81.747113033000076 ], [ 99.729060724000078, 81.252226431000068 ], [ 105.651409431000047, 80.2524158290001 ], [ 109.406185031000064, 79.174527353000016 ], [ 107.8318, 78.01894 ], [ 107.0643, 77.66809 ], [ 105.934145455000078, 77.127545455000075 ], [ 105.788294894000046, 77.04221117200008 ], [ 105.774990909000053, 77.034427273000063 ], [ 105.488872727000057, 77.024990909000053 ], [ 105.440918182000075, 77.010245455000074 ], [ 105.448454545000061, 76.9761 ], [ 105.803555496000058, 76.98743578800007 ], [ 105.007, 76.73591 ], [ 103.9934, 76.41855 ], [ 102.4728, 76.07677 ], [ 101.1551, 75.83266 ], [ 99.105130564000035, 75.483107816000015 ], [ 97.40446, 75.22235 ], [ 95.17438, 74.97823 ], [ 92.74155, 74.68529 ], [ 89.59917, 74.31911 ], [ 87.942822682000042, 74.139956789000053 ], [ 88.792110713000056, 74.208109532000023 ], [ 87.410818182000071, 74.007418182000038 ], [ 87.3936, 74.028872727000078 ], [ 87.320827273000077, 74.051654545000076 ], [ 87.162583902000051, 74.060372086000029 ], [ 84.32806, 73.92851 ], [ 81.64896, 73.83967 ], [ 79.56361, 73.876520000000113 ], [ 78.14465, 73.90411 ], [ 76.72664, 74.04994 ], [ 75.61047, 74.27028 ], [ 74.90659, 74.51044 ], [ 73.78826, 74.88322 ], [ 72.01875, 75.73229 ], [ 70.40257, 76.5659 ], [ 69.26118, 77.51474 ], [ 69.207716667000057, 77.921056545000042 ], [ 68.81403, 80.91304 ], [ 68.69479, 81.56885 ], [ 68.53288, 82.03088 ], [ 67.84618, 82.0837 ], [ 67.18893, 82.13847 ], [ 67.196226247000084, 82.413412615000084 ], [ 67.929440972000066, 82.446754036000058 ], [ 73.997642123000048, 82.478399722000063 ], [ 76.474303574000047, 82.246256608000053 ], [ 80.148015633000057, 82.27825806400007 ], [ 82.281647168000063, 82.322101317000062 ] ] ] } },
{ "type": "Feature", "properties": { "ANCHOR": 0, "TIME": 600.0, "FILE1": "Global_EarthByte_GPlates_PresentDay_StaticPlatePolygons.gpmlz", "RECONFILE1": "Zahirovic_etal_2022_OptimisedMantleRef_and_NNRMantleRef.rot", "OBJECTID_1": "1316", "PLATEID1": 202, "FROMAGE": 600.0, "TOAGE": -999.0, "NAME": "Block west of the Parana Basin", "PLATEID2": 0, "GPGIM_TYPE": "gpml:ClosedContinentalBoundary", "L_PLATE": 0, "R_PLATE": 0, "SPREAD_ASY": 0.0, "IMPORT_AGE": 0.0, "Shape_Leng": 34.293948250900002, "Shape_Area": 66.484189239299994, "FEATURE_ID": "GPlates-25516f7e-84b9-46e5-a19f-07ae2f75f905" }, "geometry": { "type": "Polygon", "coordinates": [ [ [ -64.942936, -24.306223595999938 ], [ -64.946356525999988, -24.308393849999959 ], [ -64.983724205999977, -26.174073979999946 ], [ -65.236985656999948, -28.659869571999931 ], [ -65.28763794799994, -30.194056818999968 ], [ -65.28763794799994, -31.808346602999968 ], [ -65.388942528999962, -32.926013275999935 ], [ -65.439594818999979, -34.383108184999969 ], [ -65.540202758999953, -34.901113590999948 ], [ -67.14403344699997, -34.366503361999946 ], [ -72.541328225999962, -29.994011388999979 ], [ -72.536603621999987, -29.939699271999931 ], [ -72.478589672999988, -29.793199428999973 ], [ -72.451001579999968, -29.677900307999948 ], [ -72.435300651999967, -29.582288223999964 ], [ -72.416501672999971, -29.448600335999974 ], [ -72.418599532999963, -29.328399321999942 ], [ -72.362897644999975, -29.182899493999972 ], [ -72.331746543999955, -29.088634419999952 ], [ -72.333898615999942, -28.996601411999961 ], [ -72.300199534999933, -28.804100516999938 ], [ -72.270597812999938, -28.701808479999958 ], [ -72.215001523999945, -28.553400255999971 ], [ -72.160504491999973, -28.352189356999929 ], [ -72.096601701999987, -28.136598405999962 ], [ -72.064191708999942, -28.005300453999951 ], [ -72.05080972899998, -27.914199297999971 ], [ -72.052098641999976, -27.865400392999966 ], [ -72.057798710999975, -27.806400378999967 ], [ -72.023603770999955, -27.701198355999974 ], [ -71.999700705999942, -27.652700355999972 ], [ -71.980405692999966, -27.600101286999973 ], [ -71.945104608999941, -27.555898425999942 ], [ -71.927999456999942, -27.501100311999949 ], [ -71.900701672999958, -27.395500437999942 ], [ -71.871198664999952, -27.293901506999934 ], [ -71.846097629999974, -27.187999314999956 ], [ -71.799703669999985, -27.041500354999982 ], [ -71.772199807999982, -26.927200364999976 ], [ -71.763700650999965, -26.847398339999984 ], [ -71.74870059899996, -26.673200565999934 ], [ -71.700399670999957, -26.544500569999972 ], [ -71.677892706999955, -26.448200500999977 ], [ -71.635999786999946, -26.300600517999953 ], [ -71.607999713999959, -26.160900354999967 ], [ -71.592099595999969, -26.05380036899993 ], [ -71.584989651999933, -25.927900344999955 ], [ -71.583387649999963, -25.849300350999954 ], [ -71.576604569999972, -25.739700414999966 ], [ -71.577001714999938, -25.646509522999963 ], [ -71.603299483999933, -25.588001481999981 ], [ -71.594106689999933, -25.474109409999983 ], [ -71.558797659999982, -25.308500323999972 ], [ -71.525112107999973, -25.161418861999952 ], [ -71.511245150999969, -25.093993703999956 ], [ -71.500798543999963, -25.043199275999939 ], [ -71.486104694999938, -24.880889197999981 ], [ -71.490491658999986, -24.757699438999964 ], [ -71.490201702999968, -24.513198459999959 ], [ -71.498105760999977, -24.337200375999942 ], [ -71.452802758999951, -24.130399421999982 ], [ -71.439504657999976, -24.038299310999946 ], [ -71.423299749999956, -23.796899385999957 ], [ -71.414212554999949, -23.685499493999945 ], [ -71.396604482999976, -23.605701352999972 ], [ -71.410405504999972, -23.491699443999948 ], [ -71.408399646999953, -23.392599402999963 ], [ -71.39490270899995, -23.28730025699997 ], [ -71.407598821999954, -23.122198329999947 ], [ -71.389310534999936, -23.003999464999936 ], [ -71.366101458999935, -22.871000444999936 ], [ -71.343602617999977, -22.773900258999959 ], [ -71.305402495999957, -22.579400215999954 ], [ -71.292501540999979, -22.50310133399995 ], [ -71.296598547999963, -22.360698498999966 ], [ -71.296002564999981, -22.215999318999934 ], [ -71.300702618999935, -22.10939925199995 ], [ -71.297299599999974, -21.932600343999979 ], [ -70.238510171999962, -22.286420858999978 ], [ -68.61821510599998, -22.966861872999971 ], [ -65.841270374999965, -24.019715824999935 ], [ -64.942936, -24.306223595999938 ] ] ] } },
{ "type": "Feature", "properties": { "ANCHOR": 0, "TIME": 600.0, "FILE1": "Global_EarthByte_GPlates_PresentDay_StaticPlatePolygons.gpmlz", "RECONFILE1": "Zahirovic_etal_2022_OptimisedMantleRef_and_NNRMantleRef.rot", "OBJECTID_1": "1317", "PLATEID1": 301, "FROMAGE": 600.0, "TOAGE": -999.0, "NAME": "Eurasia", "PLATEID2": 0, "GPGIM_TYPE": "gpml:ClosedContinentalBoundary", "L_PLATE": 0, "R_PLATE": 0, "SPREAD_ASY": 0.0, "IMPORT_AGE": 0.0, "Shape_Leng": 66.511385409900001, "Shape_Area": 55.628174474300003, "FEATURE_ID": "GPlates-31b781af-d97d-4b3c-be28-d3accde7a789" }, "geometry": { "type": "Polygon", "coordinates": [ [ [ 13.44937, 68.78356 ], [ 11.55649, 67.63408 ], [ 10.74513, 66.82985 ], [ 9.118288, 65.80554 ], [ 8.013642, 65.12267 ], [ 7.049587, 64.45988 ], [ 5.875506, 63.87761 ], [ 3.504351, 62.42138 ], [ 3.367601, 62.33019 ], [ 2.973823, 61.94799 ], [ 2.698163, 61.51274 ], [ 2.407995, 61.12101 ], [ 2.164377, 60.48246 ], [ 1.788768, 59.5345 ], [ 1.663564, 59.03368 ], [ 1.492720279000025, 58.078136493000031 ], [ 1.37739, 57.4239 ], [ 1.36789, 57.2163 ], [ 1.356653347000018, 57.179052283000033 ], [ 0.883520016000035, 57.880687862000059 ], [ 0.650372732000051, 58.17212792700002 ], [ 0.265241326000023, 60.450821578000031 ], [ 0.089395804000048, 60.849404736000039 ], [ -2.209993755999964, 61.002345785000045 ], [ -5.973059194999962, 61.252641422000082 ], [ -9.527170190999925, 61.660281393000048 ], [ -9.532903459999943, 61.660938972000054 ], [ -9.084538744999971, 61.789765680000073 ], [ -8.277122099999929, 62.080457664000058 ], [ -7.71342950999997, 62.259043233000057 ], [ -7.698469000999975, 62.263782928000069 ], [ -6.768718528999955, 62.460961384000036 ], [ -5.820953027999964, 62.515757232000063 ], [ -5.673490343999958, 62.524282909000071 ], [ -4.047036068999945, 62.622974908000046 ], [ -3.088983982999935, 62.720300746000078 ], [ -2.235141772999951, 62.887554496000078 ], [ -0.020821735999959, 63.280838403000082 ], [ 2.097918952000043, 63.566600051000087 ], [ 2.249256008000032, 63.756141382000074 ], [ 1.996972133000043, 64.111402974000043 ], [ 1.805269099000043, 64.362873980000074 ], [ 1.894304056000068, 64.397114866000038 ], [ 2.85089872700007, 64.756355786000029 ], [ 3.673114642000029, 65.010358626000027 ], [ 3.741707409000071, 65.190618258000029 ], [ 3.525102993000075, 65.278071182000076 ], [ 3.344506210000021, 65.350309188000054 ], [ 2.867995340000051, 65.667625792000081 ], [ 2.861681461000046, 65.671830310000075 ], [ 2.481722465000076, 65.896148096000076 ], [ 2.401313676000029, 65.943619327000079 ], [ 2.154287060000058, 66.185326119000081 ], [ 2.155470436000028, 66.18723058500008 ], [ 2.300257334000037, 66.420243422000055 ], [ 2.413449532000073, 66.751540349000052 ], [ 2.477010454000037, 66.937573825000086 ], [ 3.084144541000057, 67.178837256000065 ], [ 3.786266671000023, 67.289495622000061 ], [ 4.341228258000058, 67.376960665000084 ], [ 4.660644037000059, 67.436363098000086 ], [ 5.096750719000055, 67.523473721000073 ], [ 7.350500430000078, 67.884408201000056 ], [ 9.441078912000025, 68.442378276000056 ], [ 10.455002800000054, 68.427200952000078 ], [ 11.271279041000072, 68.596953152000083 ], [ 12.756679880000029, 69.028030284000067 ], [ 13.999626414000032, 69.227210001000074 ], [ 14.665795324000047, 69.44551462500003 ], [ 15.381384518000061, 69.528251014000034 ], [ 15.972401624000044, 69.671182667000039 ], [ 16.126504981000039, 69.686302270000056 ], [ 16.483874694000065, 69.721365026000058 ], [ 16.33965, 69.65623 ], [ 14.27751, 69.13189 ], [ 13.44937, 68.78356 ] ] ] } },
{ "type": "Feature", "properties": { "ANCHOR": 0, "TIME": 600.0, "FILE1": "Global_EarthByte_GPlates_PresentDay_StaticPlatePolygons.gpmlz", "RECONFILE1": "Zahirovic_etal_2022_OptimisedMantleRef_and_NNRMantleRef.rot", "OBJECTID_1": "1318", "PLATEID1": 315, "FROMAGE": 600.0, "TOAGE": -999.0, "NAME": "Northern Highlands", "PLATEID2": 0, "GPGIM_TYPE": "gpml:ClosedContinentalBoundary", "L_PLATE": 0, "R_PLATE": 0, "SPREAD_ASY": 0.0, "IMPORT_AGE": 0.0, "Shape_Leng": 37.554533834899999, "Shape_Area": 67.858668161699995, "FEATURE_ID": "GPlates-4d5084ac-6985-46f5-ae24-cfda8dac58d1" }, "geometry": { "type": "Polygon", "coordinates": [ [ [ 1.356653347000018, 57.179052283000033 ], [ 1.30165362300005, 56.996867270000045 ], [ 0.862444855000035, 56.261945063000042 ], [ 0.787788765000073, 56.181956394000053 ], [ 0.085701516000029, 55.748314270000037 ], [ -0.471838357999957, 55.583117270000059 ], [ -0.98807898299998, 55.417920270000081 ], [ -1.60756773199995, 55.335321770000064 ], [ -1.937961731999962, 55.190774395000062 ], [ -2.454202355999939, 55.046227020000053 ], [ -3.032391855999947, 54.901679646000041 ], [ -3.486683604999939, 54.777781896000079 ], [ -3.899676104999969, 54.63323452100007 ], [ -4.271369353999952, 54.488687146000075 ], [ -4.808259603999951, 54.302840521000064 ], [ -5.221252102999925, 54.13764352100003 ], [ -5.551646102999941, 54.013745771000053 ], [ -5.902689727999922, 53.807249522000063 ], [ -6.295032601999935, 53.642052522000043 ], [ -6.439579976999938, 53.559454022000054 ], [ -6.64607622699998, 53.435556272000035 ], [ -7.017769475999955, 53.29100889700004 ], [ -7.327513850999933, 53.125811897000069 ], [ -7.61660860099994, 52.939965273000034 ], [ -7.860394920999959, 52.802835468000069 ], [ -7.994038992999949, 52.747569189000046 ], [ -9.680281817999985, 52.512772727000019 ], [ -9.833433077999928, 52.373529923000028 ], [ -10.175694566999942, 52.362489230000051 ], [ -10.35136, 52.27732 ], [ -10.76369, 52.10228 ], [ -11.00393, 51.98997 ], [ -11.24808, 51.85324 ], [ -11.68755, 51.5212 ], [ -11.909106220999943, 51.366525849000027 ], [ -12.016561578999926, 51.944098402000066 ], [ -12.043946732999927, 52.286412824000081 ], [ -12.043946732999927, 52.49180147800007 ], [ -12.071331886999918, 52.929963939000061 ], [ -12.043946732999927, 53.395511554000052 ], [ -11.907020963999971, 53.765211130000068 ], [ -11.742710040999949, 54.080140399000065 ], [ -11.509936233999955, 54.395069668000062 ], [ -11.181314387999983, 54.62784347500007 ], [ -10.327406733999965, 55.129392396000085 ], [ -10.283594814999958, 55.131045676000035 ], [ -10.074236368999948, 55.148655265000052 ], [ -10.06793672799995, 55.469936955000037 ], [ -10.044830504999936, 56.14001743700004 ], [ -10.044830504999936, 56.910224888000073 ], [ -10.021724280999933, 57.534092923000067 ], [ -9.998618057999977, 58.242683778000078 ], [ -9.952405610999964, 58.350512821000052 ], [ -9.744449598999951, 58.442937715000028 ], [ -9.359345873999937, 58.635489578000033 ], [ -8.966540073999965, 58.766424844000035 ], [ -8.196332622999934, 59.005189154000057 ], [ -7.988376610999969, 59.128422345999979 ], [ -7.540372610999953, 59.512592486000074 ], [ -7.382480082999948, 59.570007951000022 ], [ -6.848469583999929, 59.744588307000072 ], [ -6.386345112999948, 59.837013201000055 ], [ -5.513443335999962, 59.867821499000058 ], [ -5.256707518999972, 59.888360364000036 ], [ -4.856199643999958, 59.92943809500008 ], [ -4.424883471999976, 60.093749018000025 ], [ -3.993567298999942, 60.23752107500006 ], [ -3.572520559999933, 60.329945969 ], [ -3.192551550999951, 60.422370864000072 ], [ -2.894738002999929, 60.566142921000051 ], [ -2.586655022999935, 60.781801007000055 ], [ -2.319649772999981, 60.946111930000029 ], [ -2.209993755999964, 61.002345785000045 ], [ 0.089395804000048, 60.849404736000039 ], [ 0.265241326000023, 60.450821578000031 ], [ 0.650372732000051, 58.17212792700002 ], [ 0.883520016000035, 57.880687862000059 ], [ 1.356653347000018, 57.179052283000033 ] ] ] } },
{ "type": "Feature", "properties": { "ANCHOR": 0, "TIME": 600.0, "FILE1": "Global_EarthByte_GPlates_PresentDay_StaticPlatePolygons.gpmlz", "RECONFILE1": "Zahirovic_etal_2022_OptimisedMantleRef_and_NNRMantleRef.rot", "OBJECTID_1": "1319", "PLATEID1": 508, "FROMAGE": 600.0, "TOAGE": -999.0, "NAME": "Sinai, Africa", "PLATEID2": 0, "GPGIM_TYPE": "gpml:ClosedContinentalBoundary", "L_PLATE": 0, "R_PLATE": 0, "SPREAD_ASY": 0.0, "IMPORT_AGE": 0.0, "Shape_Leng": 11.1243839703, "Shape_Area": 3.47472605414, "FEATURE_ID": "GPlates-24356bbe-7f6f-4dd4-8ff3-8d9ec9aabf5c" }, "geometry": { "type": "Polygon", "coordinates": [ [ [ 35.002851190000065, 29.528661040000028 ], [ 34.96256409700004, 29.55146331200007 ], [ 34.9038, 29.486709091000019 ], [ 34.877772727000036, 29.5325 ], [ 34.87277272700004, 29.650827273000061 ], [ 34.847772727000063, 29.740836364000074 ], [ 34.723345455000072, 30.089345455000057 ], [ 34.614436364000028, 30.365 ], [ 34.545272727000054, 30.406945455000038 ], [ 34.558881818000032, 30.48610909100006 ], [ 34.489436364000028, 30.691109091000055 ], [ 34.401381818000061, 30.859445455000071 ], [ 34.197373485000078, 31.635019809000028 ], [ 34.747396061000082, 32.403305311000054 ], [ 35.296167473000025, 33.465058697000082 ], [ 35.659779348000029, 34.63053533000005 ], [ 35.768114537000038, 33.736769931000019 ], [ 35.686210943000049, 33.612651675000045 ], [ 35.653716895000066, 33.539543554000034 ], [ 35.648548001000051, 33.42209271300004 ], [ 35.638530897000059, 33.268028743000059 ], [ 35.631413006000059, 33.104190653000046 ], [ 35.625194830000055, 33.04204173100004 ], [ 35.606071812000039, 32.940498601000058 ], [ 35.588668934000054, 32.762260858000047 ], [ 35.638969010000039, 32.76129969200008 ], [ 35.633270001000028, 32.619399778000059 ], [ 35.631413006000066, 32.498680655000044 ], [ 35.610039028000074, 32.299221681000063 ], [ 35.56964092100003, 32.104991641000026 ], [ 35.558139775000029, 31.954688809000061 ], [ 35.542449973000025, 31.848289699000077 ], [ 35.52455900700005, 31.643850780000037 ], [ 35.595520001000068, 31.596420781000067 ], [ 35.567298841000039, 31.330419564000064 ], [ 35.53168095900002, 31.173700777000082 ], [ 35.446200938000061, 30.831760563000046 ], [ 35.382079886000042, 30.632299823000039 ], [ 35.187800931000027, 29.997638578000082 ], [ 35.121108940000056, 29.810890728000061 ], [ 35.018779997000038, 29.558071769000037 ], [ 35.002851190000065, 29.528661040000028 ] ] ] } },
{ "type": "Feature", "properties": { "ANCHOR": 0, "TIME": 600.0, "FILE1": "Global_EarthByte_GPlates_PresentDay_StaticPlatePolygons.gpmlz", "RECONFILE1": "Zahirovic_etal_2022_OptimisedMantleRef_and_NNRMantleRef.rot", "OBJECTID_1": "1320", "PLATEID1": 501, "FROMAGE": 600.0, "TOAGE": -999.0, "NAME": "Lesser Himalayan pass margin Greater Indian Basin", "PLATEID2": 0, "GPGIM_TYPE": "gpml:ClosedContinentalBoundary", "L_PLATE": 0, "R_PLATE": 0, "SPREAD_ASY": 0.0, "IMPORT_AGE": 0.0, "Shape_Leng": 58.638074859500001, "Shape_Area": 9.6362406783899992, "FEATURE_ID": "GPlates-abe5e1e4-810d-4213-86cb-6b7e06d06bf5" }, "geometry": { "type": "Polygon", "coordinates": [ [ [ 73.46221937200005, 34.738426900000029 ], [ 74.574146621000068, 33.404114201000027 ], [ 75.65827568900005, 32.952393756000042 ], [ 76.811900211000079, 31.88911332400005 ], [ 77.187175657000068, 31.326200154000052 ], [ 77.611097921000066, 31.159411067000072 ], [ 77.868231097000034, 31.020420160000072 ], [ 78.00027245800004, 30.638195169000028 ], [ 78.257405635000055, 30.137827906000048 ], [ 78.681327898000063, 29.797300186000029 ], [ 79.126098798000044, 29.567965191000042 ], [ 79.709860604000085, 29.338630196000057 ], [ 80.231076502000064, 29.16489156300003 ], [ 80.68974649200004, 29.08844656500003 ], [ 81.273508298000081, 29.03285020200008 ], [ 81.551490111000078, 28.873010660000038 ], [ 81.850320559000068, 28.740969299000028 ], [ 82.253394187000083, 28.636726120000048 ], [ 82.753761449000081, 28.532482940000079 ], [ 83.066490988000055, 28.344845217000056 ], [ 83.719748247000041, 28.094661586000029 ], [ 84.393854142000066, 28.052964314000072 ], [ 84.678785499000085, 27.79583113700005 ], [ 84.984565493000048, 27.559546597000065 ], [ 85.894955928000059, 27.156472969000056 ], [ 86.284130466000079, 27.052229789000027 ], [ 87.048580449000042, 26.954936155000041 ], [ 88.32034724100005, 26.989683882000065 ], [ 89.675508576000084, 26.836793885000077 ], [ 90.287068563000048, 26.941037065000053 ], [ 91.162711272000081, 27.010532518000048 ], [ 91.927161256000034, 27.093927061000045 ], [ 92.649913968000078, 27.198170241000071 ], [ 93.094684868000058, 27.267665694000073 ], [ 93.76184121700004, 27.503950235000051 ], [ 94.012024848000067, 27.615142959000032 ], [ 94.366451659000063, 27.976519315000079 ], [ 94.748676651000039, 28.92165747700005 ], [ 95.499227544000064, 28.595028848000027 ], [ 95.811957083000038, 28.504684759000043 ], [ 95.972128543000053, 28.474566934000052 ], [ 96.188604923000071, 28.088392879000025 ], [ 95.91977735100005, 28.170091270000057 ], [ 95.690221786000052, 28.368555069000024 ], [ 94.960672379000073, 27.956247330000053 ], [ 94.740140955000072, 27.786086823000062 ], [ 94.384113339000066, 27.653690421000086 ], [ 93.808149028000059, 27.287526762000027 ], [ 93.411611557000072, 26.971357346000048 ], [ 93.104254132000051, 27.016323684000042 ], [ 92.729593277000049, 27.093946457000072 ], [ 92.586751014000072, 26.977872074000061 ], [ 91.210854364000056, 26.875052930000038 ], [ 90.659392224000058, 26.738216912000041 ], [ 89.872858772000086, 26.695469315000025 ], [ 89.446020593000085, 26.785306003000073 ], [ 89.326967209000031, 26.75946395000005 ], [ 89.090016155000058, 26.834317636000037 ], [ 88.851419449000048, 26.864377975000025 ], [ 88.167781540000092, 26.718163583000035 ], [ 87.383746588000079, 26.812326158000076 ], [ 85.914014816000076, 27.04809379600005 ], [ 84.674827140000048, 27.393779195000036 ], [ 84.258179667000036, 27.567199577000054 ], [ 83.260285466000084, 27.599835337000059 ], [ 82.742410660000075, 27.643022537000036 ], [ 82.322769969000049, 27.779551391000041 ], [ 82.027452466000057, 28.163969036000033 ], [ 81.417670853000075, 28.533460416000018 ], [ 80.65980730900003, 28.953518104000072 ], [ 80.303062607000072, 29.056422518000034 ], [ 78.967137335000075, 29.525553970000033 ], [ 78.261830916000065, 29.905279342000025 ], [ 77.729886924000084, 30.26394461700005 ], [ 77.015556462000063, 30.606428062000081 ], [ 76.19743261800005, 31.762537614000053 ], [ 75.44654930400003, 32.493136426000028 ], [ 74.764935984000033, 32.89024431200005 ], [ 74.048391047000052, 32.974288687000069 ], [ 73.067555434000042, 33.733656513000028 ], [ 72.261736202000066, 34.446450263000031 ], [ 71.75670051600008, 34.297006607000064 ], [ 71.346823223000058, 34.249318183000071 ], [ 71.084096897000052, 34.033041694000076 ], [ 71.026274683000054, 34.299216201000036 ], [ 71.007011050000074, 34.391756655000052 ], [ 71.026856923000082, 34.299404755000069 ], [ 71.738732136000067, 34.52994054100003 ], [ 72.079259856000078, 34.613335085000074 ], [ 72.496232574000047, 34.397899180000024 ], [ 72.739466660000062, 34.161614640000039 ], [ 73.031347563000054, 34.140766004000056 ], [ 73.246783467000057, 34.404848726000068 ], [ 73.16338892400006, 34.731477355000045 ], [ 73.46221937200005, 34.738426900000029 ] ] ] } },
{ "type": "Feature", "properties": { "ANCHOR": 0, "TIME": 600.0, "FILE1": "Global_EarthByte_GPlates_PresentDay_StaticPlatePolygons.gpmlz", "RECONFILE1": "Zahirovic_etal_2022_OptimisedMantleRef_and_NNRMantleRef.rot", "OBJECTID_1": "1322", "PLATEID1": 319, "FROMAGE": 600.0, "TOAGE": -999.0, "NAME": "Strandja (Moesia)", "PLATEID2": 0, "GPGIM_TYPE": "gpml:ClosedContinentalBoundary", "L_PLATE": 0, "R_PLATE": 0, "SPREAD_ASY": 0.0, "IMPORT_AGE": 0.0, "Shape_Leng": 22.955543612900001, "Shape_Area": 13.3939233695, "FEATURE_ID": "GPlates-f0d1dd52-c75b-43d3-b49e-48a8ebdb8cb8" }, "geometry": { "type": "Polygon", "coordinates": [ [ [ 26.642927840000027, 44.783209548000059 ], [ 27.865509111000051, 44.701704130000053 ], [ 28.727721147000068, 44.762745690000031 ], [ 28.783149987000058, 44.722743557000058 ], [ 28.921258920000074, 44.674976629000071 ], [ 28.917724622000041, 44.653292815000057 ], [ 28.9757, 44.5791 ], [ 29.3457, 44.4165 ], [ 29.7352, 44.1762 ], [ 30.2086, 43.8881 ], [ 30.5713, 43.6889 ], [ 33.081140664000031, 42.418930880000069 ], [ 28.546108157000056, 42.806003329000077 ], [ 27.882834527000057, 42.967858222000075 ], [ 27.658716800000033, 42.981447757000069 ], [ 27.506915211000042, 42.989681407000042 ], [ 27.277780787000037, 43.056506382000066 ], [ 26.789761296000052, 43.111764673000039 ], [ 26.666857744000023, 43.162500361000077 ], [ 26.435566765000033, 43.237371969000037 ], [ 26.188114318000032, 43.232222938000049 ], [ 25.915827569000044, 43.180549570000039 ], [ 25.75812342100005, 43.216276782000079 ], [ 25.43782995100003, 43.252894598000069 ], [ 25.155342089000044, 43.199745964000044 ], [ 24.853235614000027, 43.169939174000049 ], [ 24.556210824000058, 43.23301826200003 ], [ 24.208788932000061, 43.382485004000046 ], [ 23.81064055700006, 43.383347108000066 ], [ 23.376597095000019, 43.610014604000078 ], [ 23.140092041000067, 43.652641725000102 ], [ 22.926178297000035, 43.749191649000068 ], [ 22.701957966000052, 43.907932678000066 ], [ 22.541533222000055, 44.050056018000078 ], [ 22.343300027000051, 44.173099674000078 ], [ 22.340799017000052, 44.228298817000052 ], [ 22.334499081000047, 44.27299877300004 ], [ 22.371200857000073, 44.360301707000083 ], [ 22.404599916000066, 44.425598832000055 ], [ 22.477700975000069, 44.543598860000031 ], [ 22.529698940000063, 44.61320154200007 ], [ 22.581501069000069, 44.68899962200004 ], [ 22.592157250000078, 44.720246041000053 ], [ 22.59941887600008, 44.741538828000046 ], [ 22.831641618000059, 44.860909405000029 ], [ 24.16586782200006, 44.594975317000035 ], [ 24.782241198000072, 44.618398482000032 ], [ 25.368579794000027, 44.678621174000057 ], [ 25.520982675000035, 44.715080224000069 ], [ 25.625914327000032, 44.740182822000065 ], [ 25.953290521000042, 44.845469956000045 ], [ 26.212088807000033, 44.936087915000037 ], [ 26.642927840000027, 44.783209548000059 ] ] ] } },
{ "type": "Feature", "properties": { "ANCHOR": 0, "TIME": 600.0, "FILE1": "Global_EarthByte_GPlates_PresentDay_StaticPlatePolygons.gpmlz", "RECONFILE1": "Zahirovic_etal_2022_OptimisedMantleRef_and_NNRMantleRef.rot", "OBJECTID_1": "1332", "PLATEID1": 322, "FROMAGE": 600.0, "TOAGE": -999.0, "NAME": "Calabria (CAL)", "PLATEID2": 0, "GPGIM_TYPE": "gpml:ClosedContinentalBoundary", "L_PLATE": 0, "R_PLATE": 0, "SPREAD_ASY": 0.0, "IMPORT_AGE": 0.0, "Shape_Leng": 20.1591822239, "Shape_Area": 8.7870847008900004, "FEATURE_ID": "GPlates-e6d9f1a1-c53f-49e7-8854-43134e432926" }, "geometry": { "type": "Polygon", "coordinates": [ [ [ 12.864101025000025, 40.865501632000083 ], [ 12.994901, 40.860938787000073 ], [ 13.120197978000022, 40.935516647000043 ], [ 13.15611994400007, 40.958759627000063 ], [ 13.413700939000023, 41.050620639000044 ], [ 13.552220791000028, 41.044242650000058 ], [ 13.591880938000031, 41.047691581000038 ], [ 13.707489794000027, 40.967658580000027 ], [ 13.829697020000021, 40.688323767000043 ], [ 13.870389094000075, 40.66832312400004 ], [ 14.371653509000055, 40.63373196100008 ], [ 14.32017, 40.488753616000054 ], [ 14.451112843000033, 40.488753616000054 ], [ 14.743216110000049, 40.549188775000061 ], [ 14.894304006000029, 40.367883299000034 ], [ 14.813723795000046, 40.196650350000027 ], [ 15.00559332600006, 40.11726120700007 ], [ 14.829237539000076, 40.018968821000051 ], [ 14.353316091000067, 39.726572904000079 ], [ 14.191754778000075, 39.608163696000084 ], [ 14.191706488000023, 39.608128304000054 ], [ 14.172478547000026, 39.609728569000026 ], [ 14.068122926000058, 39.585751551000044 ], [ 14.007060693000026, 39.506104282000081 ], [ 13.990105393000018, 39.483988430000068 ], [ 13.819777954000074, 39.443470181000073 ], [ 13.709498405000033, 39.389567553000063 ], [ 13.67631899400004, 39.310821915000083 ], [ 13.711982047000051, 39.25168106600006 ], [ 13.708712337000064, 39.255935235000038 ], [ 13.708659978000071, 39.255897006000048 ], [ 13.32852404700003, 38.97835241000007 ], [ 13.11477043800005, 38.824404195000056 ], [ 12.745270991000041, 38.558285738000052 ], [ 12.739663588000042, 38.56135401500007 ], [ 12.019207663000042, 38.788866412000061 ], [ 10.421824776000051, 39.098806375000045 ], [ 10.295107860000032, 39.123393239000059 ], [ 10.196774865000062, 39.24725692700008 ], [ 10.378450327000056, 39.88312104200002 ], [ 10.473628767000038, 40.953878494000037 ], [ 10.473628767000037, 41.797968381000032 ], [ 10.971547011000043, 41.977845778000074 ], [ 11.428502020000053, 42.14292484200007 ], [ 11.430881112000073, 42.141540629000069 ], [ 11.803228817000047, 41.882511617000034 ], [ 11.900000904000022, 41.79787056300006 ], [ 12.000029972000052, 41.696880683000067 ], [ 12.059839816000023, 41.626197638000072 ], [ 12.145613855000025, 41.530864739000037 ], [ 12.227226079000047, 41.444717747000027 ], [ 12.357094908000024, 41.342067767000053 ], [ 12.450008911000054, 41.287879763000035 ], [ 12.676972982000052, 41.196502602000066 ], [ 12.775497877000078, 41.165538684000069 ], [ 12.734417084000029, 41.026733643000057 ], [ 12.75370980100007, 40.920619722000026 ], [ 12.864101025000025, 40.865501632000083 ] ], [ [ 12.241911254000058, 40.022808342000076 ], [ 12.233560530000036, 40.019141881000053 ], [ 12.017744391000065, 39.98703657100004 ], [ 11.859624049000045, 39.873672164000027 ], [ 11.810107382000069, 39.414148448000049 ], [ 11.884611105000033, 39.29510022900007 ], [ 12.013801714000065, 39.301228708000053 ], [ 12.160742054000025, 39.358186157000048 ], [ 12.292031764000056, 39.23124477100005 ], [ 12.331504340000038, 39.193079529000045 ], [ 12.571851323000033, 39.314828955000053 ], [ 12.690741029000035, 39.375053358000066 ], [ 12.727712427000027, 39.393781475000026 ], [ 12.826968332000032, 39.408097905000041 ], [ 12.834826434000036, 39.409231338000041 ], [ 12.950284687000021, 39.296772852000061 ], [ 12.953179371000031, 39.140897617000064 ], [ 12.949412460000076, 39.09327093100007 ], [ 13.067189643000065, 39.077331559000072 ], [ 13.105480785000056, 39.064409844000068 ], [ 13.125790248000044, 39.071088659000061 ], [ 13.23485522800007, 39.106954938000058 ], [ 13.247614287000033, 39.291628991000039 ], [ 13.562204005000069, 39.283885102000056 ], [ 13.550097906000078, 39.498550300000034 ], [ 13.468218871000033, 39.508291884000066 ], [ 13.459110893000059, 39.498864937000057 ], [ 13.322532810000041, 39.528857967000086 ], [ 13.136770805000026, 39.634017640000025 ], [ 13.093629891000038, 40.047119230000078 ], [ 13.077891581000076, 40.032009152000064 ], [ 13.073418643000029, 40.030177954000067 ], [ 12.956307330000072, 39.982233191000034 ], [ 12.883153652000036, 39.963546272000031 ], [ 12.827645722000062, 39.949366914000052 ], [ 12.748251208000065, 39.810039803000052 ], [ 12.748195834000057, 39.809620975000037 ], [ 12.717438915000059, 39.755522037000041 ], [ 12.63522508600005, 39.791163180000069 ], [ 12.645292728000072, 39.958738525000058 ], [ 12.644333411000046, 40.05697288600004 ], [ 12.641757071000027, 40.320790939000055 ], [ 12.529572621000057, 40.254852233000065 ], [ 12.402755297000054, 40.09342837500003 ], [ 12.241911254000058, 40.022808342000076 ] ] ] } },
{ "type": "Feature", "properties": { "ANCHOR": 0, "TIME": 600.0, "FILE1": "Global_EarthByte_GPlates_PresentDay_StaticPlatePolygons.gpmlz", "RECONFILE1": "Zahirovic_etal_2022_OptimisedMantleRef_and_NNRMantleRef.rot", "OBJECTID_1": "1334", "PLATEID1": 306, "FROMAGE": 600.0, "TOAGE": -999.0, "NAME": "COR (Corsica)", "PLATEID2": 0, "GPGIM_TYPE": "gpml:ClosedContinentalBoundary", "L_PLATE": 0, "R_PLATE": 0, "SPREAD_ASY": 0.0, "IMPORT_AGE": 0.0, "Shape_Leng": 9.0805189865999996, "Shape_Area": 4.3094174723699998, "FEATURE_ID": "GPlates-dee03151-5ff6-40d4-9b4e-0cb3c34304a7" }, "geometry": { "type": "Polygon", "coordinates": [ [ [ 8.880862233000075, 41.288371847000072 ], [ 8.093194885000067, 41.086452503000032 ], [ 8.095131839000032, 41.093231740000078 ], [ 8.250420091000025, 41.214920682000077 ], [ 8.253854272000067, 41.214706 ], [ 8.374690387000044, 41.513616390000038 ], [ 8.385197786000051, 41.529182907000063 ], [ 7.875734926000064, 41.775801872000045 ], [ 7.809819127000027, 42.331791176000095 ], [ 7.814043106000042, 42.338996788000031 ], [ 7.825736178000056, 42.358943793000037 ], [ 8.117962371000035, 42.85744729900005 ], [ 8.477271778000045, 43.160023642000063 ], [ 8.570059962000073, 43.238161060000039 ], [ 8.839535174000053, 43.531068899000054 ], [ 8.95156031900007, 43.652835361000029 ], [ 10.008726912000039, 42.806245807000039 ], [ 10.450000320000072, 42.452869659000044 ], [ 10.971547011000043, 41.977845778000074 ], [ 10.473628767000037, 41.797968381000032 ], [ 9.508122695000052, 41.449170718000069 ], [ 8.880862233000075, 41.288371847000072 ] ] ] } },
{ "type": "Feature", "properties": { "ANCHOR": 0, "TIME": 600.0, "FILE1": "Global_EarthByte_GPlates_PresentDay_StaticPlatePolygons.gpmlz", "RECONFILE1": "Zahirovic_etal_2022_OptimisedMantleRef_and_NNRMantleRef.rot", "OBJECTID_1": "1335", "PLATEID1": 306, "FROMAGE": 600.0, "TOAGE": -999.0, "NAME": "CSD (Sardinia)", "PLATEID2": 0, "GPGIM_TYPE": "gpml:ClosedContinentalBoundary", "L_PLATE": 0, "R_PLATE": 0, "SPREAD_ASY": 0.0, "IMPORT_AGE": 0.0, "Shape_Leng": 11.8323717877, "Shape_Area": 7.97264464571, "FEATURE_ID": "GPlates-0f593c4d-1022-4458-8b84-68f6d6127a70" }, "geometry": { "type": "Polygon", "coordinates": [ [ [ 9.946793989000074, 38.807190379000076 ], [ 9.889114171000074, 38.718493853000048 ], [ 9.78196953500003, 38.722614801000077 ], [ 9.517918254000051, 38.732770619000064 ], [ 8.860478045000036, 38.301662285000084 ], [ 8.647035526000025, 38.161699977000069 ], [ 8.07596488400003, 38.461512064000033 ], [ 7.847536628000057, 38.675663554000039 ], [ 7.545756459000075, 38.937206367000044 ], [ 7.205082156000061, 39.232457430000061 ], [ 7.743345995000028, 39.537997228000052 ], [ 7.177398364000056, 39.741064550000033 ], [ 7.286340269000051, 40.150269283000057 ], [ 7.333474221000074, 40.220210499000075 ], [ 7.403312152000068, 40.323841737000059 ], [ 7.422307171000058, 40.35202810100003 ], [ 7.66591829400005, 40.820961373000046 ], [ 7.949549497000021, 41.049628859000045 ], [ 8.093194885000067, 41.086452503000032 ], [ 8.880862233000075, 41.288371847000072 ], [ 9.508122695000052, 41.449170718000069 ], [ 10.473628767000037, 41.797968381000032 ], [ 10.473628767000038, 40.953878494000037 ], [ 10.378450327000056, 39.88312104200002 ], [ 10.196774865000062, 39.24725692700008 ], [ 10.168409055000042, 39.147976590000042 ], [ 9.946793989000074, 38.807190379000076 ] ] ] } },
{ "type": "Feature", "properties": { "ANCHOR": 0, "TIME": 600.0, "FILE1": "Global_EarthByte_GPlates_PresentDay_StaticPlatePolygons.gpmlz", "RECONFILE1": "Zahirovic_etal_2022_OptimisedMantleRef_and_NNRMantleRef.rot", "OBJECTID_1": "1336", "PLATEID1": 320, "FROMAGE": 600.0, "TOAGE": -999.0, "NAME": "MAL (Mallorca)", "PLATEID2": 0, "GPGIM_TYPE": "gpml:ClosedContinentalBoundary", "L_PLATE": 0, "R_PLATE": 0, "SPREAD_ASY": 0.0, "IMPORT_AGE": 0.0, "Shape_Leng": 8.9658085946600004, "Shape_Area": 3.9586495984600001, "FEATURE_ID": "GPlates-835fa133-a336-46fe-a6b9-89dedc289928" }, "geometry": { "type": "Polygon", "coordinates": [ [ [ 5.203215061000037, 38.816790541000053 ], [ 4.087947998000061, 38.670653676000029 ], [ 3.623718368000028, 38.609824243000048 ], [ 3.400850959000025, 38.698971207000056 ], [ 3.10103887300005, 38.784631803000025 ], [ 3.015649842000073, 38.668192217000083 ], [ 1.479026315000055, 39.744608698000036 ], [ 1.865632849000064, 40.239948319000064 ], [ 2.680858475000039, 40.647561132000078 ], [ 5.282342619000076, 38.947886592000032 ], [ 5.258420239000031, 38.908252744000038 ], [ 5.203215061000037, 38.816790541000053 ] ] ] } },
{ "type": "Feature", "properties": { "ANCHOR": 0, "TIME": 600.0, "FILE1": "Global_EarthByte_GPlates_PresentDay_StaticPlatePolygons.gpmlz", "RECONFILE1": "Zahirovic_etal_2022_OptimisedMantleRef_and_NNRMantleRef.rot", "OBJECTID_1": "1337", "PLATEID1": 320, "FROMAGE": 600.0, "TOAGE": -999.0, "NAME": "BAI (Menorca)", "PLATEID2": 0, "GPGIM_TYPE": "gpml:ClosedContinentalBoundary", "L_PLATE": 0, "R_PLATE": 0, "SPREAD_ASY": 0.0, "IMPORT_AGE": 0.0, "Shape_Leng": 8.3303488805000008, "Shape_Area": 2.5628778697299999, "FEATURE_ID": "GPlates-d8ba360c-0f26-4594-a1de-b975fb60fe1a" }, "geometry": { "type": "Polygon", "coordinates": [ [ [ 5.060866943000065, 40.60225021400003 ], [ 4.514913806000034, 40.329021393000069 ], [ 4.638474885000059, 40.205116925000034 ], [ 5.01561924400005, 39.918139816000071 ], [ 5.202160281000034, 39.776196801000026 ], [ 5.129556325000067, 39.756395722000036 ], [ 5.282958571000052, 39.52125479700004 ], [ 5.458226724000042, 39.252596959000073 ], [ 5.4624, 39.2462 ], [ 5.282342619000076, 38.947886592000032 ], [ 2.680858475000039, 40.647561132000078 ], [ 3.792996264000067, 41.203630027000031 ], [ 3.934418949000076, 41.255456743000032 ], [ 5.054797356000051, 40.605769856000052 ], [ 5.060866943000065, 40.60225021400003 ] ] ] } },
{ "type": "Feature", "properties": { "ANCHOR": 0, "TIME": 600.0, "FILE1": "Global_EarthByte_GPlates_PresentDay_StaticPlatePolygons.gpmlz", "RECONFILE1": "Zahirovic_etal_2022_OptimisedMantleRef_and_NNRMantleRef.rot", "OBJECTID_1": "1338", "PLATEID1": 320, "FROMAGE": 600.0, "TOAGE": -999.0, "NAME": "BAI (Ibiza)", "PLATEID2": 0, "GPGIM_TYPE": "gpml:ClosedContinentalBoundary", "L_PLATE": 0, "R_PLATE": 0, "SPREAD_ASY": 0.0, "IMPORT_AGE": 0.0, "Shape_Leng": 6.5956988510599999, "Shape_Area": 2.1408329841699998, "FEATURE_ID": "GPlates-d8aa9696-96ba-4fe8-b0f2-b3cc52b6825e" }, "geometry": { "type": "Polygon", "coordinates": [ [ [ 3.015649842000073, 38.668192217000083 ], [ 2.961293257000023, 38.594069601000058 ], [ 2.943994446000034, 38.570480313000083 ], [ 2.92505247500003, 38.511345825000035 ], [ 2.605570047000072, 38.463095 ], [ 2.221154327000022, 38.40487535900008 ], [ 1.917785993000053, 38.385570861000076 ], [ 1.577573673000074, 38.35688109200003 ], [ 1.495796749000022, 38.349984925000065 ], [ 0.802618727000038, 37.857429133000039 ], [ 0.698352795000062, 37.947358499000075 ], [ 0.605632067000045, 38.027330127000027 ], [ 0.629280430000051, 38.177666149000061 ], [ 0.643440677000058, 38.267684863000056 ], [ 0.723491567000053, 38.776579801000025 ], [ 1.387031790000038, 39.626740711000025 ], [ 1.479026315000055, 39.744608698000036 ], [ 3.015649842000073, 38.668192217000083 ] ] ] } },
{ "type": "Feature", "properties": { "ANCHOR": 0, "TIME": 600.0, "FILE1": "Global_EarthByte_GPlates_PresentDay_StaticPlatePolygons.gpmlz", "RECONFILE1": "Zahirovic_etal_2022_OptimisedMantleRef_and_NNRMantleRef.rot", "OBJECTID_1": "1339", "PLATEID1": 708, "FROMAGE": 600.0, "TOAGE": -999.0, "NAME": "PKB (Petite Kabylie)", "PLATEID2": 0, "GPGIM_TYPE": "gpml:ClosedContinentalBoundary", "L_PLATE": 0, "R_PLATE": 0, "SPREAD_ASY": 0.0, "IMPORT_AGE": 0.0, "Shape_Leng": 6.9330497473700001, "Shape_Area": 1.9594398737700001, "FEATURE_ID": "GPlates-4428b75d-b147-45c2-bae1-0f170c3e64f0" }, "geometry": { "type": "Polygon", "coordinates": [ [ [ 7.894891450000046, 36.971012959000063 ], [ 7.883439014000034, 36.912114717000073 ], [ 7.785675663000064, 36.871859219000044 ], [ 7.197824800000036, 36.629802982000051 ], [ 6.426879434000055, 36.472758555000048 ], [ 5.505073243000028, 36.297208169000044 ], [ 4.889028404000044, 36.590047721000076 ], [ 4.892846823000071, 36.687417388000028 ], [ 4.905175563000061, 37.001800267000078 ], [ 4.902511212000037, 36.933057864000048 ], [ 5.034734600000036, 36.93758794300004 ], [ 5.084981237000022, 37.026180698000076 ], [ 5.312336731000073, 37.057008562000085 ], [ 5.741594665000038, 37.115213027000038 ], [ 6.326942072000065, 37.215150389000023 ], [ 7.343350365000041, 37.334727835000024 ], [ 7.540467185000067, 37.357918049000034 ], [ 7.668958079000047, 37.272257453000066 ], [ 7.680150414000026, 37.25733434000005 ], [ 7.894891450000046, 36.971012959000063 ] ] ] } },
{ "type": "Feature", "properties": { "ANCHOR": 0, "TIME": 600.0, "FILE1": "Global_EarthByte_GPlates_PresentDay_StaticPlatePolygons.gpmlz", "RECONFILE1": "Zahirovic_etal_2022_OptimisedMantleRef_and_NNRMantleRef.rot", "OBJECTID_1": "1340", "PLATEID1": 70844, "FROMAGE": 600.0, "TOAGE": -999.0, "NAME": "GK4 (Grande Kabylie)", "PLATEID2": 0, "GPGIM_TYPE": "gpml:ClosedContinentalBoundary", "L_PLATE": 0, "R_PLATE": 0, "SPREAD_ASY": 0.0, "IMPORT_AGE": 0.0, "Shape_Leng": 3.13168049137, "Shape_Area": 0.44789740640100001, "FEATURE_ID": "GPlates-7cdd96ee-1097-4f4f-8b1b-a6138fefea4a" }, "geometry": { "type": "Polygon", "coordinates": [ [ [ 2.600706137000032, 36.272883831000058 ], [ 2.443661710000072, 36.215776767000087 ], [ 2.272340518000021, 36.401374725000039 ], [ 2.219156953000037, 36.46200396200004 ], [ 2.051864755000055, 36.652716980000029 ], [ 1.852655219000042, 36.879815748000055 ], [ 1.844819115000064, 36.888748902000032 ], [ 2.348640404000037, 36.954464722000068 ], [ 3.143410709000023, 36.332812702000062 ], [ 2.843411159000027, 36.287160597000025 ], [ 2.600706137000032, 36.272883831000058 ] ] ] } },
{ "type": "Feature", "properties": { "ANCHOR": 0, "TIME": 600.0, "FILE1": "Global_EarthByte_GPlates_PresentDay_StaticPlatePolygons.gpmlz", "RECONFILE1": "Zahirovic_etal_2022_OptimisedMantleRef_and_NNRMantleRef.rot", "OBJECTID_1": "1341", "PLATEID1": 70822, "FROMAGE": 600.0, "TOAGE": -999.0, "NAME": "GK2 (Grande Kabylie)", "PLATEID2": 0, "GPGIM_TYPE": "gpml:ClosedContinentalBoundary", "L_PLATE": 0, "R_PLATE": 0, "SPREAD_ASY": 0.0, "IMPORT_AGE": 0.0, "Shape_Leng": 3.109407564, "Shape_Area": 0.35211734172300002, "FEATURE_ID": "GPlates-bf892e02-0ebe-4be6-a58b-bf22de4f2367" }, "geometry": { "type": "Polygon", "coordinates": [ [ [ 3.686699883000073, 36.364347046000034 ], [ 3.500142397000047, 36.387097959000073 ], [ 3.143410709000023, 36.332812702000062 ], [ 2.348640404000037, 36.954464722000068 ], [ 2.486492009000074, 36.972445366000052 ], [ 2.870911487000059, 36.989530677000069 ], [ 3.686699883000073, 36.364347046000034 ] ] ] } },
{ "type": "Feature", "properties": { "ANCHOR": 0, "TIME": 600.0, "FILE1": "Global_EarthByte_GPlates_PresentDay_StaticPlatePolygons.gpmlz", "RECONFILE1": "Zahirovic_etal_2022_OptimisedMantleRef_and_NNRMantleRef.rot", "OBJECTID_1": "1342", "PLATEID1": 70822, "FROMAGE": 600.0, "TOAGE": -999.0, "NAME": "GK2 (Grande Kabylie)", "PLATEID2": 0, "GPGIM_TYPE": "gpml:ClosedContinentalBoundary", "L_PLATE": 0, "R_PLATE": 0, "SPREAD_ASY": 0.0, "IMPORT_AGE": 0.0, "Shape_Leng": 3.4536562092200001, "Shape_Area": 0.41508988282100001, "FEATURE_ID": "GPlates-ffcb533b-1a4c-4df8-aa03-03040f38f6f0" }, "geometry": { "type": "Polygon", "coordinates": [ [ [ 4.392750639000042, 36.358094934000071 ], [ 4.085489804000078, 36.315714129000071 ], [ 3.686699883000073, 36.364347046000034 ], [ 2.870911487000059, 36.989530677000069 ], [ 3.11482482200006, 37.000371270000066 ], [ 3.128946480000025, 37.000998899000024 ], [ 3.411476166000058, 37.000998899000024 ], [ 4.392750639000042, 36.358094934000071 ] ] ] } },
{ "type": "Feature", "properties": { "ANCHOR": 0, "TIME": 600.0, "FILE1": "Global_EarthByte_GPlates_PresentDay_StaticPlatePolygons.gpmlz", "RECONFILE1": "Zahirovic_etal_2022_OptimisedMantleRef_and_NNRMantleRef.rot", "OBJECTID_1": "1343", "PLATEID1": 707, "FROMAGE": 600.0, "TOAGE": -999.0, "NAME": "GK1 (Grande Kabylie)", "PLATEID2": 0, "GPGIM_TYPE": "gpml:ClosedContinentalBoundary", "L_PLATE": 0, "R_PLATE": 0, "SPREAD_ASY": 0.0, "IMPORT_AGE": 0.0, "Shape_Leng": 5.1220419508199999, "Shape_Area": 0.90564512596199997, "FEATURE_ID": "GPlates-29907c78-16fd-4412-9ddc-379ab4402a42" }, "geometry": { "type": "Polygon", "coordinates": [ [ [ 4.150109987000064, 37.212838660000045 ], [ 4.513792786000067, 37.100936261000072 ], [ 4.899265468000067, 37.000998899000024 ], [ 4.905175563000061, 37.001800267000078 ], [ 4.892846823000071, 36.687417388000028 ], [ 4.889028404000044, 36.590047721000076 ], [ 5.505073243000028, 36.297208169000044 ], [ 4.499516019000059, 36.37282119300005 ], [ 4.392750639000042, 36.358094934000071 ], [ 3.411476166000058, 37.000998899000024 ], [ 3.54297269500006, 37.000998899000024 ], [ 3.78409892700006, 37.115280680000076 ], [ 3.799954484000068, 37.257980687000057 ], [ 3.942722144000073, 37.343641283000068 ], [ 4.142596869000045, 37.215150389000023 ], [ 4.150109987000064, 37.212838660000045 ] ] ] } },
{ "type": "Feature", "properties": { "ANCHOR": 0, "TIME": 600.0, "FILE1": "Global_EarthByte_GPlates_PresentDay_StaticPlatePolygons.gpmlz", "RECONFILE1": "Zahirovic_etal_2022_OptimisedMantleRef_and_NNRMantleRef.rot", "OBJECTID_1": "1345", "PLATEID1": 801, "FROMAGE": 4540.0, "TOAGE": -999.0, "NAME": "Australia", "PLATEID2": 0, "GPGIM_TYPE": "gpml:ClosedContinentalBoundary", "L_PLATE": 0, "R_PLATE": 0, "SPREAD_ASY": 0.0, "IMPORT_AGE": 0.0, "Shape_Leng": 164.790305797, "Shape_Area": 1078.0978056, "FEATURE_ID": "GPlates-3e1189bf-75f7-4abf-9498-7317fdf60c78" }, "geometry": { "type": "Polygon", "coordinates": [ [ [ 136.144897013000104, -6.132989185999981 ], [ 136.974489351000102, -7.460345225999959 ], [ 136.528741802000013, -8.061504636999928 ], [ 136.692698559000064, -8.38941832699993 ], [ 136.999226615000111, -8.524860964999959 ], [ 137.377040234000106, -8.617532336999943 ], [ 137.72578789700006, -8.662430599999936 ], [ 137.996947943, -9.09628939299995 ], [ 142.349289041000048, -10.207520304999946 ], [ 144.246338007000077, -10.05655933099996 ], [ 144.765323217000059, -10.040187813999978 ], [ 144.7650000000001, -10.177 ], [ 144.725, -10.274 ], [ 144.7650000000001, -10.371 ], [ 144.824, -10.448 ], [ 144.807743719000086, -10.574798994999981 ], [ 144.77900000000011, -10.623 ], [ 144.729051376000029, -10.716493577999927 ], [ 144.686, -10.759 ], [ 144.608, -10.817 ], [ 144.49, -10.894 ], [ 144.431, -10.972 ], [ 144.408567365000067, -11.016290073999924 ], [ 144.414612152000018, -11.052050357999972 ], [ 144.408520457, -11.210429782999938 ], [ 144.412, -11.224 ], [ 144.471000000000117, -11.224 ], [ 144.52900000000011, -11.146 ], [ 144.588, -11.108 ], [ 144.627, -11.166 ], [ 144.608, -11.282 ], [ 144.588, -11.379 ], [ 144.52900000000011, -11.456 ], [ 144.451, -11.533 ], [ 144.451, -11.63 ], [ 144.412, -11.746 ], [ 144.392, -11.699 ], [ 144.389656763000062, -11.700871443999972 ], [ 144.387054078000119, -11.768539263999969 ], [ 144.089608788000078, -12.087231200999952 ], [ 144.081, -12.151 ], [ 143.997193897000102, -12.30391132699998 ], [ 143.976483733, -12.926720203999935 ], [ 144.054, -13.054 ], [ 144.108, -13.186 ], [ 144.135000000000105, -13.345 ], [ 144.189, -13.49 ], [ 144.392, -13.715 ], [ 144.581, -13.728 ], [ 144.838, -13.755 ], [ 145.014, -13.623 ], [ 145.243, -13.517 ], [ 145.473, -13.437 ], [ 145.592, -13.406 ], [ 145.657, -13.352 ], [ 145.785, -13.307 ], [ 145.896, -13.253 ], [ 145.96, -13.226 ], [ 146.034000000000106, -13.19 ], [ 146.108, -13.144 ], [ 146.2, -13.117 ], [ 146.283, -13.072 ], [ 146.393, -13.027 ], [ 146.393316132000109, -13.025768954999933 ], [ 146.556963163000091, -13.009 ], [ 146.648963162000086, -12.982 ], [ 146.740963162000071, -12.964 ], [ 146.814963162000026, -12.964 ], [ 146.878963162000105, -13.0 ], [ 146.943963162000045, -13.045 ], [ 146.989963162000095, -13.108 ], [ 147.044963162000045, -13.153 ], [ 147.064981447000036, -13.16345113899996 ], [ 147.065069770000036, -13.163553914999968 ], [ 147.111000000000104, -13.217 ], [ 147.166, -13.271 ], [ 147.268, -13.352 ], [ 147.332000000000107, -13.415 ], [ 147.5150000000001, -13.456 ], [ 147.652, -13.604 ], [ 147.758, -13.767 ], [ 147.765321265000011, -13.776186115999963 ], [ 147.802435543000115, -13.822754030999931 ], [ 147.864, -13.9 ], [ 148.106000000000108, -14.048 ], [ 148.303000000000111, -14.092 ], [ 148.455, -14.181 ], [ 148.606000000000108, -14.285 ], [ 148.879, -14.373 ], [ 149.242, -14.521 ], [ 149.455, -14.639 ], [ 149.652, -14.713 ], [ 149.879, -14.757 ], [ 150.091000000000122, -14.816 ], [ 150.273, -14.86 ], [ 150.47, -14.904 ], [ 150.667, -14.993 ], [ 150.848, -15.052 ], [ 151.0150000000001, -15.096 ], [ 151.167, -15.169 ], [ 151.333, -15.287 ], [ 151.576, -15.375 ], [ 151.824712950000048, -15.42719984699994 ], [ 151.828158242000114, -15.430310639999957 ], [ 152.109963162000099, -15.493 ], [ 152.291963163000105, -15.522 ], [ 152.458963163000021, -15.669 ], [ 152.518963162000091, -15.889 ], [ 152.594963163000102, -16.08 ], [ 152.700963162000107, -16.197 ], [ 152.821963162000088, -16.343 ], [ 152.958963162000032, -16.46 ], [ 153.109963162000099, -16.65 ], [ 153.215963162000094, -16.869 ], [ 153.220333274000041, -16.89981703899997 ], [ 153.2370368710001, -17.017775352999934 ], [ 153.249012876000052, -17.024510319999933 ], [ 153.258, -17.088 ], [ 153.258, -17.292 ], [ 153.273, -17.554 ], [ 153.318000000000126, -17.829 ], [ 153.364, -18.076 ], [ 153.455, -18.264 ], [ 153.576, -18.438 ], [ 153.697000000000116, -18.568 ], [ 153.788, -18.77 ], [ 153.864, -18.972 ], [ 154.03, -19.246 ], [ 154.076, -19.461 ], [ 154.106000000000108, -19.677 ], [ 154.106000000000108, -20.207 ], [ 154.152, -20.364 ], [ 154.212000000000103, -20.507 ], [ 154.273, -20.678 ], [ 154.348, -20.835 ], [ 154.379, -20.992 ], [ 154.485, -21.177 ], [ 154.591000000000122, -21.39 ], [ 154.667, -21.602 ], [ 154.667, -21.843 ], [ 154.652, -22.041 ], [ 154.697000000000116, -22.182 ], [ 154.788, -22.408 ], [ 154.805336125000082, -22.464920276999976 ], [ 154.803253897000104, -22.494221928999934 ], [ 154.836963162000075, -22.605 ], [ 154.867789798000103, -22.870503256999942 ], [ 154.880810507000092, -22.885518465999951 ], [ 154.909000000000106, -23.096 ], [ 154.909000000000106, -23.348 ], [ 154.908900962000075, -23.349571405999939 ], [ 154.894000000000119, -23.586 ], [ 154.863055290000034, -23.608801364999977 ], [ 154.859891146000109, -23.60300043399997 ], [ 154.730963163000069, -23.698 ], [ 154.692424455000037, -23.736147450999965 ], [ 154.533963162000077, -23.893 ], [ 154.39796316200011, -23.976 ], [ 154.23096316200008, -24.115 ], [ 153.897963163000099, -24.282 ], [ 153.791963162000144, -24.338 ], [ 153.776963163000119, -24.449 ], [ 153.672963163000077, -24.579 ], [ 153.67579885300006, -24.584846422999931 ], [ 153.634958, -24.613961 ], [ 153.677106, -24.733966 ], [ 153.723961, -24.843425 ], [ 153.794456, -25.009733 ], [ 153.801192, -25.130425 ], [ 153.893978, -25.263822 ], [ 153.9351, -25.358936 ], [ 153.944905192000078, -25.41535947899996 ], [ 153.9587, -25.494741 ], [ 153.9666390000001, -25.6327 ], [ 153.952989000000144, -25.876405 ], [ 153.93617, -26.0207 ], [ 153.915344000000118, -26.23413 ], [ 153.859847, -26.374639 ], [ 153.881819, -26.573739 ], [ 153.880786, -26.730313 ], [ 153.930319, -26.939547 ], [ 154.002484, -27.101889 ], [ 154.125817, -27.320864 ], [ 154.239828000000102, -27.478777 ], [ 154.349650000000111, -27.638694 ], [ 154.409956000000108, -27.851983 ], [ 154.417397, -28.059703 ], [ 154.424647, -28.251172 ], [ 154.339, -28.421119 ], [ 154.337062463000052, -28.476633585999934 ], [ 154.351899470000063, -28.488902804999952 ], [ 154.333, -28.589 ], [ 154.36, -28.683 ], [ 154.306, -28.872 ], [ 154.316630089000114, -28.909402163999967 ], [ 154.271234, -29.131252 ], [ 154.187672, -29.37465 ], [ 154.085736000000111, -29.697733 ], [ 153.984381, -29.906508 ], [ 153.856141413000046, -30.049869644999941 ], [ 153.854378000000111, -30.051841 ], [ 153.757292000000149, -30.254891 ], [ 153.648653, -30.477219 ], [ 153.626095337000038, -30.547631765999935 ], [ 153.627711286000022, -30.548978 ], [ 153.565244520000107, -30.763026989999958 ], [ 153.566316682000092, -30.772239634999949 ], [ 153.556161000000117, -30.958025 ], [ 153.564053, -31.262944 ], [ 153.546595, -31.446353 ], [ 153.554164, -31.658652 ], [ 153.552705373000123, -31.664422597999934 ], [ 153.555417544000079, -31.665577258999971 ], [ 153.555, -31.667 ], [ 153.501, -31.874 ], [ 153.501793076000013, -31.880021500999931 ], [ 153.498019000000113, -31.880772 ], [ 153.427725, -32.025686 ], [ 153.357345, -32.263208 ], [ 153.308676914000102, -32.384926398999937 ], [ 153.287, -32.422 ], [ 153.21292968700007, -32.60854745599994 ], [ 153.210557602000108, -32.614521595999975 ], [ 153.151086, -32.72653 ], [ 153.061142, -32.875075 ], [ 152.94772300000011, -33.058241 ], [ 152.819825, -33.272133 ], [ 152.696297, -33.428005 ], [ 152.602623000000108, -33.568461 ], [ 152.511161, -33.685694 ], [ 152.414273638000083, -33.850795261999963 ], [ 152.381105284000114, -33.907315916999949 ], [ 152.341921986000102, -33.974086358999948 ], [ 152.293456000000106, -34.056675 ], [ 152.149546000000129, -34.194632 ], [ 152.051436, -34.322675 ], [ 151.962117, -34.445264 ], [ 151.845901, -34.601054 ], [ 151.729096, -34.76708 ], [ 151.631041, -34.906137 ], [ 151.554935000000114, -35.021453 ], [ 151.438737, -35.175487 ], [ 151.364723705000074, -35.278765718999978 ], [ 151.337850548000119, -35.345291937999946 ], [ 151.338158, -35.346503 ], [ 151.322869, -35.420031 ], [ 151.313134000000105, -35.51722 ], [ 151.294068, -35.631198 ], [ 151.292263, -35.724302 ], [ 151.322574, -35.826366 ], [ 151.311726, -35.938523 ], [ 151.291634341000076, -36.016475606999961 ], [ 151.27672, -36.074341 ], [ 151.215577, -36.193785 ], [ 151.133586, -36.294121 ], [ 151.077616, -36.37521 ], [ 151.018089, -36.463406 ], [ 150.970886, -36.548344 ], [ 150.935659000000101, -36.626628 ], [ 150.919664, -36.711488 ], [ 150.895144, -36.809571 ], [ 150.872380795000026, -36.865539211999923 ], [ 150.847101, -36.927695 ], [ 150.837145523000117, -37.045718859999965 ], [ 150.844, -37.114 ], [ 150.844, -37.393 ], [ 150.818, -37.585 ], [ 150.737, -37.884 ], [ 150.657, -38.075 ], [ 150.549, -38.244 ], [ 150.442000000000121, -38.392 ], [ 150.308000000000135, -38.519 ], [ 150.120000000000118, -38.624 ], [ 150.042380604000073, -38.672656934999978 ], [ 150.037567578000107, -38.675674055999934 ], [ 149.992458, -38.709343 ], [ 149.925001, -38.763937 ], [ 149.882360132000031, -38.825034362999922 ], [ 149.881652, -38.826049 ], [ 149.834969000000115, -38.913432 ], [ 149.791979, -38.994842 ], [ 149.66893, -39.113184 ], [ 149.656394408000097, -39.135971575999974 ], [ 149.610512, -39.219378 ], [ 149.582564, -39.32249 ], [ 149.556693000000109, -39.461878 ], [ 149.552770409000118, -39.489321534999931 ], [ 149.541918, -39.565248 ], [ 149.53376900000012, -39.720534 ], [ 149.545893061000015, -39.80816931 ], [ 149.549184968000077, -39.831963919999964 ], [ 149.549846000000116, -39.836742 ], [ 149.563244, -39.940574 ], [ 149.560436612000103, -40.00072526699995 ], [ 149.313935456000081, -40.000908228999947 ], [ 149.314, -40.0 ], [ 140.429, -40.021 ], [ 140.276579757000036, -40.020737086999937 ], [ 140.270203148000064, -40.010770253999965 ], [ 140.147, -39.8182 ], [ 140.066527988000075, -39.59495506199994 ], [ 140.054, -39.5602 ], [ 140.05384221700001, -39.559987121999939 ], [ 139.871, -39.3133 ], [ 139.793066900000099, -39.275336971999934 ], [ 139.506, -39.1355 ], [ 139.186, -38.9843 ], [ 139.043678598000042, -38.862761292999949 ], [ 139.042770852000103, -38.861986101999946 ], [ 138.884, -38.7264 ], [ 138.880000000000109, -38.7228 ], [ 138.644000000000119, -38.4685 ], [ 138.577132028000079, -38.3735 ], [ 138.490719221000063, -38.250732455999987 ], [ 138.475, -38.2284 ], [ 138.315, -37.9527 ], [ 138.242456096000069, -37.868050331999946 ], [ 138.157355464000034, -37.768748531999961 ], [ 138.155, -37.766 ], [ 137.831240112000046, -37.625726912999937 ], [ 137.683000000000106, -37.5615 ], [ 137.372050364000074, -37.475505315999953 ], [ 137.2650000000001, -37.4459 ], [ 137.034000000000106, -37.3303 ], [ 136.846000000000117, -37.255 ], [ 136.723, -37.2058 ], [ 136.296, -37.188 ], [ 135.887, -37.0012 ], [ 135.589, -37.0279 ], [ 135.57327813500001, -37.035245872999951 ], [ 135.455363163000015, -37.0073 ], [ 135.186112147000017, -36.94921829499998 ], [ 135.189, -36.9479 ], [ 134.798000000000116, -36.8412 ], [ 134.451, -36.7167 ], [ 133.908, -36.4854 ], [ 133.517, -36.3521 ], [ 133.081, -36.1742 ], [ 132.823, -36.0764 ], [ 132.406, -35.9786 ], [ 132.139, -35.7986 ], [ 131.916, -35.6459 ], [ 131.601000000000113, -35.6268 ], [ 131.413, -35.6268 ], [ 131.244, -35.5886 ], [ 131.034000000000106, -35.5313 ], [ 130.761000000000109, -35.5122 ], [ 130.385000000000105, -35.5058 ], [ 130.086, -35.5058 ], [ 129.667, -35.4834 ], [ 129.250000000000142, -35.466 ], [ 128.694, -35.466 ], [ 128.121, -35.4487 ], [ 127.652, -35.4139 ], [ 127.177, -35.4613 ], [ 126.846000000000103, -35.5058 ], [ 126.349, -35.7032 ], [ 126.269743734000016, -35.741779152999989 ], [ 126.009, -35.8687 ], [ 125.760000000000119, -35.996 ], [ 125.321, -36.1042 ], [ 124.9585979430001, -36.123268537999934 ], [ 124.958, -36.1233 ], [ 124.717, -36.0913 ], [ 124.474, -36.0739 ], [ 124.092000000000112, -36.1434 ], [ 123.536, -36.2476 ], [ 122.963, -36.2129 ], [ 122.563000000000116, -36.2129 ], [ 122.256, -36.1424 ], [ 121.944, -36.1997 ], [ 121.677, -36.3518 ], [ 121.477650496000024, -36.507107170999973 ], [ 121.333, -36.6198 ], [ 120.752, -36.7909 ], [ 120.296, -36.9465 ], [ 119.785, -37.0355 ], [ 119.318, -37.1466 ], [ 118.829, -37.1577 ], [ 118.776403049000024, -37.152699347999942 ], [ 118.362, -37.1133 ], [ 118.084, -37.0781 ], [ 117.651, -37.0145 ], [ 117.121378934000049, -37.124092872999938 ], [ 116.857, -37.1788 ], [ 116.744, -37.2022 ], [ 116.211, -37.2022 ], [ 115.788, -37.0466 ], [ 115.536819753000046, -36.778297255999966 ], [ 115.455, -36.6909 ], [ 115.126904888000013, -36.583111697999975 ], [ 115.121616346000124, -36.579034627999924 ], [ 114.7, -36.254 ], [ 114.486000000000104, -36.132 ], [ 114.325, -36.089 ], [ 114.101000000000113, -36.011 ], [ 113.897, -35.932 ], [ 113.694, -35.845 ], [ 113.565, -35.767 ], [ 113.458, -35.653 ], [ 113.308000000000106, -35.54 ], [ 113.677530363000074, -34.746763579999936 ], [ 113.414263064000011, -34.542000125999948 ], [ 112.841463162000096, -34.9509 ], [ 112.620650970000057, -35.049992396999983 ], [ 112.511800000000108, -34.9999 ], [ 112.3403, -34.966 ], [ 112.2465, -35.0318 ], [ 112.1047, -35.077 ], [ 111.8783, -35.0995 ], [ 111.6703, -35.0375 ], [ 111.4782, -34.966 ], [ 111.323065130000089, -34.96420418699995 ], [ 111.121863163000071, -34.9679 ], [ 111.005263162000062, -35.013 ], [ 110.831464749000077, -35.058106452999937 ], [ 110.607363163000059, -35.0544 ], [ 110.076150618000042, -35.328630393999958 ], [ 109.995862803000094, -35.223425669999983 ], [ 109.55017071500005, -34.743449574999943 ], [ 109.537724433000051, -34.747216719999983 ], [ 109.533800759000101, -34.748404306999923 ], [ 109.527618, -34.741489 ], [ 109.517387, -34.729538 ], [ 109.507416, -34.717365 ], [ 109.497643, -34.705029 ], [ 109.488014, -34.692585 ], [ 109.478462, -34.680079 ], [ 109.468925, -34.667561 ], [ 109.459351, -34.655071 ], [ 109.449577, -34.642738 ], [ 109.439407, -34.63073 ], [ 109.429123, -34.618824 ], [ 109.418991, -34.606781 ], [ 109.40934, -34.594357 ], [ 109.40052, -34.581326 ], [ 109.393021, -34.567501 ], [ 109.387985, -34.552612 ], [ 109.384453, -34.529293 ], [ 109.383263, -34.513603 ], [ 109.38195, -34.497921 ], [ 109.380295, -34.482273 ], [ 109.378685, -34.466621 ], [ 109.37719, -34.450954 ], [ 109.3759, -34.435272 ], [ 109.374916, -34.419567 ], [ 109.374313, -34.403843 ], [ 109.374199, -34.388107 ], [ 109.374527, -34.372375 ], [ 109.374924, -34.356644 ], [ 109.375359, -34.340916 ], [ 109.375862, -34.325188 ], [ 109.376457, -34.30946 ], [ 109.377159, -34.293739 ], [ 109.377991, -34.278027 ], [ 109.378967, -34.262321 ], [ 109.380127, -34.246628 ], [ 109.38147, -34.230949 ], [ 109.383034, -34.21529 ], [ 109.384834, -34.199661 ], [ 109.386902, -34.184059 ], [ 109.389244, -34.168499 ], [ 109.391945, -34.152996 ], [ 109.395088, -34.137577 ], [ 109.398621, -34.122242 ], [ 109.402458, -34.106983 ], [ 109.406555, -34.091789 ], [ 109.410828, -34.076645 ], [ 109.41523, -34.061539 ], [ 109.419693, -34.046448 ], [ 109.424149, -34.031357 ], [ 109.428543, -34.016247 ], [ 109.432816, -34.001102 ], [ 109.436897, -33.985905 ], [ 109.440727, -33.970642 ], [ 109.444229, -33.955299 ], [ 109.447563, -33.938602 ], [ 109.44767, -33.916428 ], [ 109.444176, -33.901089 ], [ 109.440918, -33.8857 ], [ 109.439453, -33.870033 ], [ 109.438179, -33.854351 ], [ 109.436928, -33.838661 ], [ 109.435715, -33.822975 ], [ 109.434547, -33.807281 ], [ 109.433441, -33.791584 ], [ 109.432404, -33.775883 ], [ 109.431442, -33.760174 ], [ 109.43058, -33.744465 ], [ 109.429825, -33.728745 ], [ 109.429184, -33.713024 ], [ 109.428665, -33.697296 ], [ 109.428154, -33.681568 ], [ 109.427567, -33.665844 ], [ 109.426933, -33.65012 ], [ 109.426308, -33.634396 ], [ 109.425713, -33.618671 ], [ 109.425201, -33.602943 ], [ 109.424812000000102, -33.587212 ], [ 109.424568, -33.571476 ], [ 109.42453, -33.55574 ], [ 109.424721, -33.540009 ], [ 109.425194, -33.524277 ], [ 109.42598, -33.508564 ], [ 109.427132, -33.492867 ], [ 109.428673, -33.477207 ], [ 109.430588, -33.46159 ], [ 109.4328, -33.446011 ], [ 109.435287, -33.430473 ], [ 109.438026, -33.414978 ], [ 109.44101, -33.399524 ], [ 109.444214, -33.384121 ], [ 109.447632, -33.368759 ], [ 109.451233, -33.353439 ], [ 109.455009, -33.338165 ], [ 109.458946, -33.322929 ], [ 109.463028, -33.307732 ], [ 109.467239, -33.292568 ], [ 109.471565, -33.277439 ], [ 109.475998, -33.262341 ], [ 109.48053, -33.247272 ], [ 109.485336, -33.232288 ], [ 109.490479, -33.217419 ], [ 109.495972, -33.202671 ], [ 109.501816, -33.188061 ], [ 109.508011, -33.173595 ], [ 109.514557, -33.159286 ], [ 109.521469, -33.145149 ], [ 109.528748, -33.131199 ], [ 109.536407, -33.117455 ], [ 109.54438, -33.103889 ], [ 109.552559, -33.090443 ], [ 109.560936, -33.077122 ], [ 109.569519, -33.063934 ], [ 109.578308, -33.050884 ], [ 109.587318, -33.037979 ], [ 109.596542, -33.02523 ], [ 109.605995, -33.01265 ], [ 109.615669, -33.00024 ], [ 109.625587, -32.988022 ], [ 109.635735, -32.975998 ], [ 109.646133, -32.964184 ], [ 109.656723, -32.952549 ], [ 109.66745, -32.941029 ], [ 109.678299, -32.929638 ], [ 109.689285, -32.918369 ], [ 109.700401, -32.90723 ], [ 109.711647, -32.896221 ], [ 109.723022, -32.885349 ], [ 109.734528, -32.874611 ], [ 109.746155, -32.864014 ], [ 109.757919, -32.853561 ], [ 109.769814, -32.843254 ], [ 109.78183, -32.833099 ], [ 109.793983, -32.823101 ], [ 109.806267, -32.813263 ], [ 109.818672, -32.803589 ], [ 109.831238, -32.794117 ], [ 109.843964, -32.784859 ], [ 109.856834, -32.775799 ], [ 109.869827, -32.766926 ], [ 110.046595344000082, -32.663999168999958 ], [ 110.080482, -32.644268 ], [ 110.222984, -32.600739 ], [ 110.466309, -32.591309 ], [ 110.523545973000068, -32.598072354999942 ], [ 110.716148, -32.620831 ], [ 110.997818, -32.760509 ], [ 111.092979, -32.846355 ], [ 111.20211, -32.944805 ], [ 111.401413, -33.070663 ], [ 111.514282, -33.179138 ], [ 111.525421460000075, -33.182166970999958 ], [ 111.665672, -33.220303 ], [ 111.924011, -33.243816 ], [ 112.065582, -33.242199 ], [ 112.131493000000106, -33.218829 ], [ 112.397446, -32.829269 ], [ 112.468445, -32.745296 ], [ 112.544723912000109, -32.689102396999942 ], [ 112.918045, -32.414082 ], [ 113.123245000000111, -32.298676 ], [ 113.19207, -32.297436 ], [ 113.322029, -32.370766 ], [ 113.444794000000115, -32.480988 ], [ 113.533813, -32.590477 ], [ 113.624344, -32.651451 ], [ 113.6368480000001, -32.641903 ], [ 113.647804, -32.630611 ], [ 113.658409, -32.618988 ], [ 113.668999, -32.607346 ], [ 113.679558, -32.59568 ], [ 113.690079, -32.583977 ], [ 113.700546, -32.572227 ], [ 113.710945, -32.560417 ], [ 113.721268, -32.548542 ], [ 113.731499, -32.536587 ], [ 113.741631, -32.524548 ], [ 113.751648, -32.512409 ], [ 113.761566, -32.500195 ], [ 113.771477, -32.487968 ], [ 113.781372, -32.475735 ], [ 113.791245000000117, -32.463482 ], [ 113.801094, -32.45121 ], [ 113.810905, -32.438904 ], [ 113.820679, -32.426571 ], [ 113.830399, -32.414196 ], [ 113.840057000000115, -32.401775 ], [ 113.849663, -32.389309 ], [ 113.859184, -32.376785 ], [ 113.868637, -32.364201 ], [ 113.877998, -32.351554 ], [ 113.887268, -32.338837 ], [ 113.8964390000001, -32.326046 ], [ 113.905495, -32.313179 ], [ 113.914375, -32.300186 ], [ 113.922813, -32.286907 ], [ 113.930847, -32.273376 ], [ 113.93856, -32.259659 ], [ 113.946037, -32.245815 ], [ 113.953384, -32.231899 ], [ 113.960686, -32.21796 ], [ 113.968025, -32.204041 ], [ 113.975502, -32.190197 ], [ 113.985939, -32.171432 ], [ 114.007904, -32.123253 ], [ 114.061295, -32.01944 ], [ 114.095512, -31.921673 ], [ 114.109413, -31.866585 ], [ 114.115021, -31.81826 ], [ 114.152786000000106, -31.717009 ], [ 114.130386, -31.563519 ], [ 114.093781, -31.339825 ], [ 114.039825, -31.130327 ], [ 114.050896, -31.099882 ], [ 114.086578, -31.055275 ], [ 114.098473, -31.049328 ], [ 114.220398, -31.049328 ], [ 114.351242, -31.037434 ], [ 114.436839, -31.006058 ], [ 114.409961, -30.879431 ], [ 114.389967, -30.778408 ], [ 114.386029637000092, -30.708259923999947 ], [ 114.383244000000104, -30.658631 ], [ 114.349898, -30.572797 ], [ 114.327999, -30.495314 ], [ 114.296492, -30.433137 ], [ 114.253913, -30.377653 ], [ 114.124393, -30.268177 ], [ 114.010037, -30.176296 ], [ 113.885867, -30.066671 ], [ 113.760641, -29.97308 ], [ 113.762651, -29.864008 ], [ 113.655684, -29.776812 ], [ 113.525479, -29.665291 ], [ 113.472919, -29.623786 ], [ 113.411687, -29.567189 ], [ 113.498615, -29.470115 ], [ 113.395101, -29.371381 ], [ 113.272483, -29.269167 ], [ 113.145946, -29.162616 ], [ 113.012916, -29.05074 ], [ 112.912654, -28.97151 ], [ 112.828657, -28.906942 ], [ 112.792941, -28.864294 ], [ 112.768645000000106, -28.803226 ], [ 112.704051, -28.724202 ], [ 112.584917, -28.620109 ], [ 112.419686, -28.46255 ], [ 112.285426, -28.351177 ], [ 112.164947, -28.255727 ], [ 112.073359, -28.177727 ], [ 112.065966983000067, -28.170981254999958 ], [ 111.992161, -28.103628 ], [ 111.929112, -28.037533 ], [ 111.8478, -27.958896 ], [ 111.779804, -27.870656 ], [ 111.707089, -27.785946 ], [ 111.653196, -27.700314 ], [ 111.580511, -27.613293 ], [ 111.523653, -27.538897 ], [ 111.467298, -27.472266 ], [ 111.407255, -27.405777 ], [ 111.34091, -27.337312 ], [ 111.249209, -27.283356 ], [ 111.154498, -27.19597 ], [ 111.154498, -27.195969 ], [ 110.926152, -27.056217 ], [ 110.734119862000057, -26.933671833999938 ], [ 110.715988, -26.922101 ], [ 110.533748, -26.815643 ], [ 110.401724, -26.738278 ], [ 110.310146, -26.671506 ], [ 110.224742, -26.627922 ], [ 110.106401, -26.569918 ], [ 109.972963, -26.478854 ], [ 109.849194, -26.378373 ], [ 109.707323, -26.285169 ], [ 109.556924, -26.191031 ], [ 109.439578, -26.112386 ], [ 109.305995883000037, -26.023518803999938 ], [ 109.289293, -26.012407 ], [ 109.155984, -25.959855 ], [ 109.032782, -25.910229 ], [ 108.919685, -25.832202 ], [ 108.774122, -25.709217 ], [ 108.614751, -25.573082 ], [ 108.468023, -25.437524 ], [ 108.345366, -25.313446 ], [ 108.257676, -25.198344 ], [ 108.151245, -25.070264 ], [ 108.012928, -24.973724 ], [ 107.942534, -24.916446 ], [ 107.882591, -24.866983 ], [ 107.817236, -24.846626 ], [ 107.749364, -24.826308 ], [ 107.667875, -24.816736 ], [ 107.611072, -24.783337 ], [ 107.562529, -24.727685 ], [ 107.493129, -24.650475 ], [ 107.435681, -24.590352 ], [ 107.350025, -24.515774 ], [ 107.252771, -24.477372 ], [ 107.151681, -24.43552 ], [ 107.087255, -24.390507 ], [ 106.997414, -24.339041 ], [ 106.967821428000036, -24.315929639999979 ], [ 106.926501, -24.283659 ], [ 106.862375, -24.245514 ], [ 106.801276000000101, -24.227012 ], [ 106.755727, -24.22443 ], [ 106.689678, -24.209468 ], [ 106.646373, -24.19405 ], [ 106.645882232000076, -24.172444854999981 ], [ 106.654390439000053, -24.160420427999952 ], [ 106.700328, -24.123389 ], [ 106.771805, -24.102264 ], [ 106.867151, -24.077146 ], [ 106.982389, -24.041115 ], [ 107.082231, -23.997213 ], [ 107.10348507100008, -23.984570548999955 ], [ 107.175408, -23.941789 ], [ 107.266852, -23.871258 ], [ 107.33589, -23.813959 ], [ 107.395327, -23.730146 ], [ 107.476982, -23.633003 ], [ 107.573683, -23.537767 ], [ 107.664049, -23.444946 ], [ 107.7678, -23.341272 ], [ 107.867752, -23.241107 ], [ 107.955325, -23.150498 ], [ 108.042681, -23.056355 ], [ 108.105819, -22.991879 ], [ 108.192612, -22.92439 ], [ 108.267142060000083, -22.87928274199993 ], [ 108.321558, -22.846349 ], [ 108.41502, -22.795983 ], [ 108.502328, -22.750397 ], [ 108.59946, -22.700978 ], [ 108.700198, -22.683944 ], [ 108.795729, -22.696081 ], [ 108.887274, -22.768749 ], [ 108.972322, -22.86599 ], [ 108.999065287000064, -22.914797461999967 ], [ 109.016754, -22.94708 ], [ 109.079172, -23.070569 ], [ 109.107749, -23.192824 ], [ 109.144702, -23.303162 ], [ 109.169952, -23.402254 ], [ 109.19983, -23.522092 ], [ 109.221045, -23.644526 ], [ 109.255013, -23.801358 ], [ 109.277525, -23.922544 ], [ 109.30591, -24.031901 ], [ 109.335739, -24.144675 ], [ 109.359158, -24.254166 ], [ 109.359495657000082, -24.255775881999966 ], [ 109.378013, -24.344063 ], [ 109.378834629000039, -24.34884038499996 ], [ 109.391309, -24.421373 ], [ 109.42543, -24.511883 ], [ 109.457446, -24.611733 ], [ 109.474559, -24.687718 ], [ 109.493300352000063, -24.729407077999952 ], [ 109.515126, -24.777957 ], [ 109.539403, -24.84207 ], [ 109.591367, -24.929555 ], [ 109.606630457000051, -24.945328301999954 ], [ 109.640661950000037, -24.980496545999983 ], [ 109.644536, -24.9845 ], [ 109.716601, -25.044913 ], [ 109.771427, -25.088843 ], [ 109.862173, -25.110098 ], [ 109.952075, -25.139188 ], [ 110.043795, -25.153588 ], [ 110.125989, -25.148135 ], [ 110.146714703000043, -25.145869888999982 ], [ 110.238616, -25.135826 ], [ 110.346999, -25.112404 ], [ 110.433819, -25.076344 ], [ 110.505096, -25.025183 ], [ 110.595224, -24.960871 ], [ 110.635354, -24.898894 ], [ 110.670669, -24.817376 ], [ 110.71336, -24.706518 ], [ 110.714133, -24.620598 ], [ 110.713013, -24.547516 ], [ 110.713448, -24.480166 ], [ 110.710216, -24.440829 ], [ 110.72902, -24.36109 ], [ 110.78383, -24.268211 ], [ 110.843794, -24.178566 ], [ 110.910363, -24.07118 ], [ 110.964716, -23.973574 ], [ 111.052327, -23.861701 ], [ 111.09579093900004, -23.802866986999959 ], [ 111.120653, -23.769213 ], [ 111.207815, -23.677005 ], [ 111.292249, -23.559291 ], [ 111.347651533000089, -23.484827383999971 ], [ 111.353, -23.474 ], [ 111.467523543000084, -23.339891643999977 ], [ 111.531083, -23.25414 ], [ 111.584805, -23.15742 ], [ 111.653674, -23.063441 ], [ 111.722653, -22.972908 ], [ 111.790693, -22.889363 ], [ 111.846753, -22.816836 ], [ 111.882774, -22.745268 ], [ 111.887280000000104, -22.67058 ], [ 111.891196, -22.607553 ], [ 111.898133, -22.553683 ], [ 111.924423, -22.488384 ], [ 111.988151, -22.422385 ], [ 112.039432, -22.358143 ], [ 112.103327, -22.296738 ], [ 112.147728, -22.244442 ], [ 112.175424, -22.205786 ], [ 112.189435000000117, -22.146868 ], [ 112.205785000000105, -22.085499 ], [ 112.218872, -22.032441 ], [ 112.236715000000117, -21.975644 ], [ 112.284152, -21.913825 ], [ 112.333965, -21.850703 ], [ 112.384015, -21.792207 ], [ 112.428714, -21.728151 ], [ 112.453476162000015, -21.692511651999951 ], [ 112.452857265000034, -21.692276897999932 ], [ 112.453906, -21.691893 ], [ 112.474266, -21.658213 ], [ 112.470786904000079, -21.653833641999938 ], [ 112.465679, -21.647404 ], [ 112.41188000000011, -21.615922 ], [ 112.365975, -21.590499 ], [ 112.308417, -21.553523 ], [ 112.259926, -21.526045 ], [ 112.210703, -21.497875 ], [ 112.150625000000105, -21.460199 ], [ 112.10185, -21.434065 ], [ 112.043419, -21.402891 ], [ 112.000573, -21.376631 ], [ 111.902249, -21.315291 ], [ 111.831903, -21.271098 ], [ 111.768087260000073, -21.234750453999936 ], [ 111.766868, -21.234056 ], [ 111.704124, -21.200068 ], [ 111.643196, -21.162921 ], [ 111.548188, -21.107554 ], [ 111.489597, -21.074124 ], [ 111.432123, -21.039968 ], [ 111.378318, -21.003673 ], [ 111.321001902000035, -20.968637698999945 ], [ 111.315697, -20.965395 ], [ 111.265028, -20.939741 ], [ 111.192822, -20.894276 ], [ 111.102205, -20.840689 ], [ 111.036067, -20.803733 ], [ 110.990258, -20.777256 ], [ 110.951478, -20.754497 ], [ 110.907903, -20.728321 ], [ 110.861751, -20.699739 ], [ 110.829651, -20.681037 ], [ 110.795346, -20.660966 ], [ 110.768806, -20.646693 ], [ 110.743402, -20.635518 ], [ 110.743402, -20.635517 ], [ 110.745151, -20.627206 ], [ 110.729922, -20.60695 ], [ 110.717686, -20.592541 ], [ 110.711691, -20.579114 ], [ 110.70455, -20.560858 ], [ 110.697421, -20.543638 ], [ 110.692817, -20.522248 ], [ 110.689644, -20.497388 ], [ 110.684744, -20.482914 ], [ 110.684561617000043, -20.479134485999964 ], [ 110.683827, -20.463911 ], [ 110.679909, -20.437329 ], [ 110.678281, -20.420407 ], [ 110.677649, -20.39276 ], [ 110.676663, -20.366499 ], [ 110.67887, -20.329841 ], [ 110.683868, -20.279331 ], [ 110.685693, -20.241293 ], [ 110.692365, -20.213237 ], [ 110.694336, -20.190407 ], [ 110.692243, -20.163118 ], [ 110.692694, -20.134424 ], [ 110.695398, -20.111933 ], [ 110.698999, -20.069386 ], [ 110.696996, -20.013753 ], [ 110.691074, -19.967833 ], [ 110.685996, -19.933311 ], [ 110.684956, -19.901174 ], [ 110.68794, -19.870386 ], [ 110.681612, -19.819284 ], [ 110.681358, -19.793017 ], [ 110.678962, -19.771262 ], [ 110.676019, -19.730501 ], [ 110.674333, -19.706666 ], [ 110.674406, -19.676248 ], [ 110.669017, -19.645878 ], [ 110.671913, -19.606104 ], [ 110.66878, -19.582973 ], [ 110.664953, -19.563305 ], [ 110.665493, -19.543599 ], [ 110.667399, -19.514549 ], [ 110.668677, -19.495874 ], [ 110.667328, -19.468926 ], [ 110.673188, -19.435004 ], [ 110.679358, -19.395894 ], [ 110.685962, -19.364385 ], [ 110.687869, -19.336027 ], [ 110.695634805000054, -19.31544916799993 ], [ 110.702395, -19.297536 ], [ 110.71487, -19.272886 ], [ 110.726567, -19.243404 ], [ 110.741209, -19.218388 ], [ 110.756255, -19.197859 ], [ 110.765464, -19.174965 ], [ 110.796801, -19.150826 ], [ 110.824477, -19.124644 ], [ 110.84315, -19.105802 ], [ 110.868753, -19.090692 ], [ 110.901584, -19.073432 ], [ 110.924694, -19.063522 ], [ 110.947471, -19.056378 ], [ 110.988326, -19.044203 ], [ 111.037165, -19.032968 ], [ 111.074776, -19.023573 ], [ 111.117524, -19.019294 ], [ 111.156206, -19.009178 ], [ 111.190913, -19.000481 ], [ 111.222365, -18.992852 ], [ 111.262121, -18.982698 ], [ 111.326044, -18.963596 ], [ 111.376563, -18.946368 ], [ 111.406507, -18.935961 ], [ 111.447968, -18.920213 ], [ 111.485425, -18.903817 ], [ 111.534359, -18.879998 ], [ 111.567733, -18.858456 ], [ 111.609716, -18.831948 ], [ 111.647344000000103, -18.805838 ], [ 111.692474, -18.774081 ], [ 111.720401, -18.754317 ], [ 111.740252134000059, -18.740333746999966 ], [ 111.745459, -18.736666 ], [ 111.769064, -18.719032 ], [ 111.795518, -18.698933 ], [ 111.825916, -18.677041 ], [ 111.847617, -18.654934 ], [ 111.871874, -18.634513 ], [ 111.914165, -18.590648 ], [ 111.941878, -18.562213 ], [ 111.988277, -18.507552 ], [ 112.025816, -18.464431 ], [ 112.053088000000116, -18.433913 ], [ 112.089682, -18.400124 ], [ 112.133254, -18.354113 ], [ 112.13390198400009, -18.353390474999969 ], [ 112.164731, -18.319015 ], [ 112.20072, -18.275193 ], [ 112.224349, -18.246443 ], [ 112.259577, -18.202278 ], [ 112.284524, -18.168314 ], [ 112.32292, -18.122007 ], [ 112.354584, -18.082728 ], [ 112.389661, -18.034742 ], [ 112.426687, -17.995004 ], [ 112.453647, -17.95718 ], [ 112.485995000000116, -17.919248 ], [ 112.51087, -17.886293 ], [ 112.540833, -17.855998 ], [ 112.564538, -17.83653 ], [ 112.570366568000068, -17.831282448999957 ], [ 112.589256, -17.814276 ], [ 112.593267, -17.818599 ], [ 112.593573000000106, -17.797609 ], [ 112.607902, -17.777978 ], [ 112.623643, -17.757281 ], [ 112.636961, -17.741123 ], [ 112.651631, -17.721137 ], [ 112.665624, -17.703236 ], [ 112.678489, -17.683284 ], [ 112.687215, -17.671361 ], [ 112.696716, -17.645952 ], [ 112.703738, -17.62232 ], [ 112.716155, -17.598923 ], [ 112.727123, -17.575209 ], [ 112.742453, -17.537934 ], [ 112.753536, -17.503857 ], [ 112.766004, -17.467678 ], [ 112.776392000000101, -17.434998 ], [ 112.780134, -17.425939 ], [ 112.781128, -17.40658 ], [ 112.784628000000112, -17.371283 ], [ 112.790660000000116, -17.336969 ], [ 112.799264000000107, -17.305363 ], [ 112.807203, -17.276189 ], [ 112.815243, -17.235964 ], [ 112.828607, -17.193555 ], [ 112.836345, -17.171637 ], [ 112.842854000000102, -17.143186 ], [ 112.849243000000115, -17.125095 ], [ 112.857148, -17.095233 ], [ 112.863372, -17.070242 ], [ 112.866574, -17.053946 ], [ 112.87045, -17.035911 ], [ 112.869282000000112, -17.016604 ], [ 112.857694, -16.995797 ], [ 112.831928, -16.965631 ], [ 112.807856, -16.946471 ], [ 112.785763, -16.919672 ], [ 112.753981, -16.891349 ], [ 112.728011, -16.866352 ], [ 112.698776, -16.839003 ], [ 112.671408, -16.814718 ], [ 112.633022, -16.776849 ], [ 112.607066, -16.750802 ], [ 112.58811, -16.733928 ], [ 112.571957000000111, -16.714236 ], [ 112.552279000000112, -16.696683 ], [ 112.541676, -16.685506 ], [ 112.534107, -16.665642 ], [ 112.523886, -16.655491 ], [ 112.513193000000115, -16.639828 ], [ 112.503727, -16.631388 ], [ 112.494029, -16.611909 ], [ 112.47770020300004, -16.588832550999939 ], [ 112.474522, -16.584341 ], [ 112.463424, -16.565923 ], [ 112.453029, -16.546803 ], [ 112.4401170000001, -16.526695 ], [ 112.427693, -16.512788 ], [ 112.414158, -16.496831 ], [ 112.399428, -16.474687 ], [ 112.38178, -16.449147 ], [ 112.374955000000128, -16.429266 ], [ 112.358679, -16.400594 ], [ 112.336733, -16.373408 ], [ 112.3182690000001, -16.341671 ], [ 112.307551000000117, -16.322553 ], [ 112.298616, -16.303401 ], [ 112.290417, -16.285271 ], [ 112.284398, -16.269171 ], [ 112.284397, -16.269171 ], [ 112.285908, -16.255347 ], [ 112.287839817000076, -16.251917369999944 ], [ 112.306913, -16.218056 ], [ 112.319121000000109, -16.186789 ], [ 112.344326, -16.146659 ], [ 112.375026, -16.097113 ], [ 112.414781, -16.03877 ], [ 112.455661, -15.984939 ], [ 112.481831, -15.943735 ], [ 112.521282, -15.892265 ], [ 112.547316, -15.846231 ], [ 112.564803, -15.816572 ], [ 112.595603, -15.778367 ], [ 112.621174000000124, -15.745437 ], [ 112.646311, -15.709411 ], [ 112.685518000000116, -15.667918 ], [ 112.712503, -15.636327 ], [ 112.738547, -15.610613 ], [ 112.769792, -15.579959 ], [ 112.781624, -15.569709 ], [ 112.806174, -15.557116 ], [ 112.839071000000104, -15.552609 ], [ 112.883381, -15.550602 ], [ 112.939822, -15.551413 ], [ 112.990352, -15.557164 ], [ 113.050488, -15.563713 ], [ 113.112098, -15.572275 ], [ 113.172306, -15.581193 ], [ 113.2321290000001, -15.588719 ], [ 113.283445, -15.596433 ], [ 113.335484, -15.604459 ], [ 113.400058, -15.61629 ], [ 113.445676, -15.62272 ], [ 113.490895556000055, -15.631172110999957 ], [ 113.499209, -15.632726 ], [ 113.551396, -15.645164 ], [ 113.622506, -15.660878 ], [ 113.682953000000111, -15.675816 ], [ 113.756837, -15.700364 ], [ 113.829373, -15.726644 ], [ 113.877584, -15.74668 ], [ 113.920156, -15.767897 ], [ 113.928918, -15.77558 ], [ 113.943739, -15.783781 ], [ 113.963889000000108, -15.791829 ], [ 113.979413, -15.799663 ], [ 113.998163000000105, -15.809519 ], [ 114.010084, -15.816088 ], [ 114.020628000000102, -15.824072 ], [ 114.047724, -15.838839 ], [ 114.085928, -15.856396 ], [ 114.142871, -15.882038 ], [ 114.202686, -15.907924 ], [ 114.254994, -15.931939 ], [ 114.324471, -15.958541 ], [ 114.392652000000112, -15.988258 ], [ 114.454604, -16.016418 ], [ 114.508507, -16.032734 ], [ 114.585188, -16.059377 ], [ 114.640186, -16.075619 ], [ 114.702045000000112, -16.094389 ], [ 114.765857, -16.107554 ], [ 114.926662, -16.144807 ], [ 114.982079000000127, -16.151263 ], [ 115.025831, -16.159818 ], [ 115.064227, -16.167851 ], [ 115.096136000000101, -16.173678 ], [ 115.122621, -16.177268 ], [ 115.161633, -16.182498 ], [ 115.196367, -16.18752 ], [ 115.217232, -16.193014 ], [ 115.260625000000104, -16.200831 ], [ 115.282266549000056, -16.202882611999939 ], [ 115.308526, -16.205372 ], [ 115.352806000000101, -16.208302 ], [ 115.391806, -16.212789 ], [ 115.442915, -16.217178 ], [ 115.467774, -16.224225 ], [ 115.478836139, -16.226140494999981 ], [ 115.592254, -16.245591 ], [ 115.649015, -16.248331 ], [ 115.687906000000126, -16.249647 ], [ 115.723239, -16.251088 ], [ 115.786095, -16.254588 ], [ 115.828204, -16.256094 ], [ 115.891703, -16.257806 ], [ 115.958183, -16.262484 ], [ 116.012866, -16.266218 ], [ 116.124467000000109, -16.275617 ], [ 116.175199, -16.278421 ], [ 116.310784977000026, -16.285243514999937 ], [ 116.319519, -16.285683 ], [ 116.430939, -16.297997 ], [ 116.535197, -16.301562 ], [ 116.595690950000062, -16.303611633999935 ], [ 116.617517163000116, -16.304351140999927 ], [ 116.648031, -16.305385 ], [ 116.756072, -16.313142 ], [ 116.859092, -16.320016 ], [ 116.963681, -16.32952 ], [ 116.989323797000111, -16.332423451999944 ], [ 117.070555, -16.341621 ], [ 117.167698000000101, -16.351339 ], [ 117.243840000000105, -16.361634 ], [ 117.317146, -16.372029 ], [ 117.393325000000118, -16.382602 ], [ 117.471512, -16.397191 ], [ 117.56117, -16.419137 ], [ 117.648535, -16.431129 ], [ 117.684211762000032, -16.426894236999942 ], [ 117.696423537000101, -16.425444721999952 ], [ 117.7329340000001, -16.421111 ], [ 117.756013, -16.412368 ], [ 117.766989, -16.410788 ], [ 117.775361, -16.407263 ], [ 117.812122, -16.387813 ], [ 118.000000000000114, -16.296999 ], [ 118.194, -16.215998 ], [ 118.333, -16.161999 ], [ 118.380000000000123, -16.080999 ], [ 118.393016875000058, -16.028280655999936 ], [ 118.397856394000101, -16.008680605999928 ], [ 118.4, -15.999999 ], [ 118.417808069000088, -15.912577571999975 ], [ 118.444, -15.783999 ], [ 118.446620226000036, -15.76799690799993 ], [ 118.447648429000083, -15.761717523999947 ], [ 118.472000000000108, -15.612999 ], [ 118.491, -15.499999 ], [ 118.500000000000114, -15.368999 ], [ 118.537, -15.197999 ], [ 118.574, -15.080999 ], [ 118.63, -14.999999 ], [ 118.658948121000094, -14.954767560999926 ], [ 118.694, -14.899999 ], [ 118.740999000000102, -14.792999 ], [ 118.766363284000036, -14.694972117999953 ], [ 118.778, -14.649999 ], [ 118.828660236000019, -14.511834720999957 ], [ 118.833, -14.499999 ], [ 118.880000000000109, -14.395999 ], [ 118.944, -14.323999 ], [ 119.0, -14.260999 ], [ 119.073000000000107, -14.188999 ], [ 119.07937483, -14.18027038699995 ], [ 119.123557854000069, -14.11977363099993 ], [ 119.138, -14.099999 ], [ 119.174, -13.999999 ], [ 119.211, -13.837999 ], [ 119.247999, -13.684999 ], [ 119.265999, -13.499999 ], [ 119.268506957000113, -13.48584746399996 ], [ 119.294, -13.341999 ], [ 119.34, -13.199999 ], [ 119.35, -13.071999 ], [ 119.376, -12.999999 ], [ 119.413, -12.891999 ], [ 119.45, -12.792999 ], [ 119.500000000000128, -12.702998 ], [ 119.577999, -12.612999 ], [ 119.651, -12.549999 ], [ 119.733999, -12.485999 ], [ 119.78, -12.422998 ], [ 119.807, -12.350999 ], [ 119.829335210000053, -12.195739842999959 ], [ 119.835327, -12.154089 ], [ 119.90400000000011, -12.063 ], [ 119.923567273000117, -12.02955775199996 ], [ 119.959, -11.969 ], [ 120.055, -11.915 ], [ 120.123, -11.888 ], [ 120.123000041000054, -11.88799991999997 ], [ 120.204298392000055, -11.881746260999932 ], [ 120.227000000000103, -11.88 ], [ 120.326, -11.91 ], [ 120.42, -11.96 ], [ 120.510000000000119, -12.06 ], [ 120.616, -12.184 ], [ 120.726000000000113, -12.238 ], [ 121.027, -12.265 ], [ 121.356000000000122, -12.279 ], [ 121.493, -12.211 ], [ 121.685, -12.077 ], [ 121.822000000000131, -12.063 ], [ 121.982347495000113, -11.929677363999929 ], [ 122.055822349000081, -11.792595755999969 ], [ 122.411, -11.618 ], [ 122.808000000000106, -11.402 ], [ 123.219, -11.321 ], [ 123.685, -11.294 ], [ 124.164000000000101, -11.118 ], [ 124.260000000000105, -10.996 ], [ 124.562, -10.739 ], [ 124.863, -10.671 ], [ 125.297371062000039, -10.410098615999971 ], [ 125.644000000000119, -10.305 ], [ 125.973, -10.156 ], [ 126.260000000000105, -10.142 ], [ 126.767, -9.884 ], [ 127.027, -9.803 ], [ 127.356000000000108, -9.531 ], [ 127.507, -9.476 ], [ 127.863, -9.517 ], [ 128.014, -9.449 ], [ 128.685, -9.286 ], [ 128.973, -9.191 ], [ 129.575, -9.068 ], [ 130.329, -8.823 ], [ 130.822000000000116, -8.796 ], [ 131.288, -8.55 ], [ 131.973, -8.141 ], [ 132.205, -7.718 ], [ 132.479, -7.458 ], [ 132.795, -7.102 ], [ 132.932, -6.924 ], [ 133.452000000000112, -6.431 ], [ 133.671, -6.308 ], [ 133.802148917000068, -6.162514965999947 ], [ 133.911050212000077, -6.82922073199996 ], [ 134.25917769600008, -7.06130572099994 ], [ 134.262762339000119, -7.057350252999981 ], [ 134.739925173000074, -6.530825745999948 ], [ 135.081644404000031, -5.844523031999933 ], [ 136.144897013000104, -6.132989185999981 ] ] ] } },
{ "type": "Feature", "properties": { "ANCHOR": 0, "TIME": 600.0, "FILE1": "Global_EarthByte_GPlates_PresentDay_StaticPlatePolygons.gpmlz", "RECONFILE1": "Zahirovic_etal_2022_OptimisedMantleRef_and_NNRMantleRef.rot", "OBJECTID_1": "1346", "PLATEID1": 401, "FROMAGE": 600.0, "TOAGE": -999.0, "NAME": "Rudny-Alta and Siberian terrane", "PLATEID2": 0, "GPGIM_TYPE": "gpml:ClosedContinentalBoundary", "L_PLATE": 0, "R_PLATE": 0, "SPREAD_ASY": 0.0, "IMPORT_AGE": 0.0, "Shape_Leng": 25.6464495578, "Shape_Area": 25.576824592600001, "FEATURE_ID": "GPlates-72e734a0-5b48-424e-8f40-4609ae02e91b" }, "geometry": { "type": "Polygon", "coordinates": [ [ [ 84.940535921000048, 53.82969846900005 ], [ 85.01733680600006, 53.790684959000025 ], [ 85.168930639000052, 53.664487195000049 ], [ 85.287135387000035, 53.504954196000021 ], [ 85.36342099500007, 53.324657719000065 ], [ 85.396718965000048, 53.101607845000046 ], [ 85.396869896000055, 52.508025911000054 ], [ 85.377924187000076, 52.015407520000068 ], [ 85.501129150000054, 51.76454544100006 ], [ 85.671302795000031, 51.516490936000068 ], [ 85.933974167000031, 51.091712538000081 ], [ 86.104605388000039, 50.826476033000063 ], [ 86.159979596000085, 50.756231588000055 ], [ 86.281440735000047, 50.63619995100003 ], [ 86.501419067000086, 50.46289062500005 ], [ 86.787803650000058, 50.30356979400004 ], [ 87.14646213900005, 50.165427357000056 ], [ 87.240519094000035, 50.143837711000053 ], [ 87.375471978000078, 50.125002310000056 ], [ 87.526141180000081, 50.091829216000058 ], [ 87.649670128000082, 50.026911560000016 ], [ 88.218456124000056, 49.831111695000061 ], [ 88.600216473000046, 49.655704805000035 ], [ 88.760200369000088, 49.563134705000053 ], [ 88.969914987000038, 49.431347204000076 ], [ 89.256553650000058, 49.224666595000045 ], [ 89.776136905000044, 48.702845679000063 ], [ 88.030716539000082, 48.878941404000045 ], [ 86.351886233000073, 49.06971757500002 ], [ 86.012851858000033, 49.108244209000063 ], [ 83.994987177000041, 49.498058976000024 ], [ 83.008985118000055, 49.956664586000031 ], [ 82.045913338000048, 50.346479354000046 ], [ 81.059911278000072, 50.828015243000024 ], [ 80.050978938000071, 51.928668705000064 ], [ 79.707024731000061, 52.38727431500007 ], [ 79.392241709000075, 53.042233709000072 ], [ 79.32557494100007, 53.315733222000063 ], [ 79.412890915000048, 53.34088061500006 ], [ 80.435995982000065, 53.67800822800006 ], [ 80.614569988000085, 53.743057031000042 ], [ 80.67137802600007, 53.775692966000065 ], [ 81.06761657100003, 53.955182965000056 ], [ 81.253100800000084, 53.890843606000033 ], [ 81.443053891000034, 53.847680869000037 ], [ 81.63475235600005, 53.825552589000047 ], [ 81.828678208000042, 53.824502754000058 ], [ 82.493682723000063, 53.914855519000071 ], [ 83.155908084000032, 54.057701732000048 ], [ 83.560217243000068, 54.072318684000024 ], [ 83.721728541000061, 54.069990778000026 ], [ 83.84761183300003, 54.063111647000028 ], [ 84.059738745000061, 54.042392354000064 ], [ 84.178560035000032, 54.02751204000004 ], [ 84.283378219000042, 54.008474052000047 ], [ 84.774954688000037, 53.895179056000067 ], [ 84.839160066000034, 53.878239792000045 ], [ 84.940535921000048, 53.82969846900005 ] ] ] } },
{ "type": "Feature", "properties": { "ANCHOR": 0, "TIME": 600.0, "FILE1": "Global_EarthByte_GPlates_PresentDay_StaticPlatePolygons.gpmlz", "RECONFILE1": "Zahirovic_etal_2022_OptimisedMantleRef_and_NNRMantleRef.rot", "OBJECTID_1": "1347", "PLATEID1": 16106, "FROMAGE": 600.0, "TOAGE": -999.0, "NAME": "Cassiar Terrane (NAM affinity Colpron et al 2007)", "PLATEID2": 0, "GPGIM_TYPE": "gpml:ClosedContinentalBoundary", "L_PLATE": 0, "R_PLATE": 0, "SPREAD_ASY": 0.0, "IMPORT_AGE": 0.0, "Shape_Leng": 28.975396754999998, "Shape_Area": 11.798307425899999, "FEATURE_ID": "GPlates-5b59b201-67c2-4c41-b383-41f876702145" }, "geometry": { "type": "Polygon", "coordinates": [ [ [ -123.680934904999958, 55.660760798000062 ], [ -124.130000905999978, 55.505975805000055 ], [ -124.704157168, 55.630537665000077 ], [ -125.738975340999943, 56.360681725000056 ], [ -125.891810968999934, 56.464653769000044 ], [ -126.547022412999979, 57.330289626000088 ], [ -126.819836109999983, 57.700687925000075 ], [ -127.408504959999945, 58.114753921000037 ], [ -128.672101740999949, 58.403540336000042 ], [ -129.551867745999971, 58.740719534000043 ], [ -129.577827120999984, 58.755117539000082 ], [ -130.382724398999983, 59.201542588000059 ], [ -130.573915285999988, 59.673782263000078 ], [ -131.544324745999972, 60.55287653 ], [ -132.402490917999955, 60.961276392000066 ], [ -133.361057780999943, 61.142839220000027 ], [ -133.688936937999983, 61.347677008000062 ], [ -133.842242398, 61.768488184000027 ], [ -134.874645386999987, 62.373325704000088 ], [ -135.498631688999978, 62.704054701000068 ], [ -135.507696991999978, 62.713636501000053 ], [ -135.578346421, 63.030663406000031 ], [ -134.45199966399997, 62.598501205000048 ], [ -133.492780392999975, 62.267405999000061 ], [ -132.524299621999944, 61.915700912000034 ], [ -130.600700377999942, 61.142400742000021 ], [ -130.550041289999967, 61.118359884000022 ], [ -130.519577025999979, 61.056262970000041 ], [ -129.817783821, 60.528720381000035 ], [ -128.773408889, 59.883928088000047 ], [ -128.082422057999963, 59.434352404000037 ], [ -127.110945692999962, 58.739451949000014 ], [ -126.57449913, 58.205602646000052 ], [ -125.471199035999973, 57.30909919700008 ], [ -124.023099899, 55.93000221300008 ], [ -123.680934904999958, 55.660760798000062 ] ] ] } },
{ "type": "Feature", "properties": { "ANCHOR": 0, "TIME": 600.0, "FILE1": "Global_EarthByte_GPlates_PresentDay_StaticPlatePolygons.gpmlz", "RECONFILE1": "Zahirovic_etal_2022_OptimisedMantleRef_and_NNRMantleRef.rot", "OBJECTID_1": "1348", "PLATEID1": 42300, "FROMAGE": 600.0, "TOAGE": -999.0, "NAME": "Wrangel Island Block", "PLATEID2": 0, "GPGIM_TYPE": "gpml:ClosedContinentalBoundary", "L_PLATE": 0, "R_PLATE": 0, "SPREAD_ASY": 0.0, "IMPORT_AGE": 0.0, "Shape_Leng": 35.245557403699998, "Shape_Area": 26.7207108721, "FEATURE_ID": "GPlates-7e91d4ee-043a-4024-800f-461b44877535" }, "geometry": { "type": "Polygon", "coordinates": [ [ [ -180.0, 70.721386607000042 ], [ -180.0, 72.656055255000098 ], [ -179.153647551999967, 72.497449877000051 ], [ -177.317102412999986, 72.169987934000048 ], [ -176.42083806499997, 72.076078512000024 ], [ -174.011666316999964, 71.945962727000051 ], [ -173.372927754999978, 71.778607533000098 ], [ -172.06927558199996, 71.20665780800006 ], [ -170.904043315999985, 70.620411240000081 ], [ -169.583412152999983, 70.260918938000032 ], [ -169.257444299999975, 70.162003452000093 ], [ -168.700354905999973, 69.989012167000055 ], [ -168.132246307999964, 69.71571180400008 ], [ -167.495744984999959, 69.35343105000004 ], [ -166.921415734999982, 69.140040069000051 ], [ -166.01266358899997, 68.788370575000044 ], [ -165.889021171999985, 68.687447691000045 ], [ -165.659387907999985, 68.497090136000054 ], [ -165.71029603, 68.01287528400006 ], [ -164.972518690999976, 67.82911003200006 ], [ -164.261772151999963, 67.550298265000038 ], [ -164.256693866, 67.505089849000058 ], [ -166.181487350999959, 67.679440745000079 ], [ -167.845950020999965, 67.944631019000042 ], [ -169.157842973999976, 68.216757643000051 ], [ -174.581946593999987, 69.857694514000059 ], [ -178.296213354999963, 70.634807533000085 ], [ -180.0, 70.721386607000042 ] ] ] } },
{ "type": "Feature", "properties": { "ANCHOR": 0, "TIME": 600.0, "FILE1": "Global_EarthByte_GPlates_PresentDay_StaticPlatePolygons.gpmlz", "RECONFILE1": "Zahirovic_etal_2022_OptimisedMantleRef_and_NNRMantleRef.rot", "OBJECTID_1": "1350", "PLATEID1": 141, "FROMAGE": 600.0, "TOAGE": -999.0, "NAME": "Canadian Arctic Islands South", "PLATEID2": 0, "GPGIM_TYPE": "gpml:ClosedContinentalBoundary", "L_PLATE": 0, "R_PLATE": 0, "SPREAD_ASY": 0.0, "IMPORT_AGE": 0.0, "Shape_Leng": 70.873710613599997, "Shape_Area": 43.6030172906, "FEATURE_ID": "GPlates-3b35ea00-bc23-4690-ad0b-0e25d22ebb8d" }, "geometry": { "type": "Polygon", "coordinates": [ [ [ -87.464163490999965, 77.335425995000065 ], [ -87.406222229999969, 77.104689248000071 ], [ -87.390402905999963, 77.049940441000061 ], [ -89.512417804999984, 76.836280572000078 ], [ -90.576323622999951, 76.717872982000074 ], [ -91.08087523599994, 76.659076579000029 ], [ -94.146500829999979, 76.27114497000008 ], [ -97.606632646999969, 75.83956657100002 ], [ -99.990426056, 75.544461451000075 ], [ -101.666034, 75.303687006000075 ], [ -103.804777186999971, 75.076028839000045 ], [ -104.229495762999989, 75.02334150500009 ], [ -104.72899517999997, 74.881729254000049 ], [ -106.256201067999939, 74.154925572000082 ], [ -114.315140055999962, 73.846496673000061 ], [ -117.928146235999975, 74.850288727000063 ], [ -121.993897803999985, 75.35649438500009 ], [ -119.406945454999985, 75.603181818000053 ], [ -119.352712328999971, 75.641022046000032 ], [ -118.455333591999974, 75.532676430000038 ], [ -118.444357463999935, 75.535821676000097 ], [ -117.367876220999946, 75.432331467000054 ], [ -115.718948363999971, 75.310249329000072 ], [ -114.575409978999971, 75.29012124500008 ], [ -113.864390569999955, 75.263623687000063 ], [ -113.529722900999957, 75.284441676000029 ], [ -113.040052964999973, 75.323593200000047 ], [ -112.009161086999953, 75.379842562000078 ], [ -109.036869277999983, 75.724456084000053 ], [ -108.035600193999983, 75.815200624000084 ], [ -107.793100684999956, 75.845840172000095 ], [ -107.364310139999986, 75.911609162000047 ], [ -106.421218274999944, 76.289378727000042 ], [ -105.873942243, 76.485684260000099 ], [ -104.45816294499997, 76.795014191000078 ], [ -103.500429889999964, 76.943730504000044 ], [ -103.095921518999944, 77.003217029000041 ], [ -101.489785339999969, 77.205471215000031 ], [ -100.538000937999982, 77.264957740000071 ], [ -99.770624764, 77.383930790000093 ], [ -99.429172108999978, 77.383930790000093 ], [ -98.03123876799998, 77.336341570000059 ], [ -96.93073805299997, 77.259009087000024 ], [ -95.735058897999977, 77.18167660500005 ], [ -95.517447697999955, 77.201810646000069 ], [ -95.234737401999951, 77.209736178000099 ], [ -94.931990807999966, 77.235214477000056 ], [ -93.799367368999981, 77.264957740000071 ], [ -92.044514877999973, 77.18167660500005 ], [ -91.699220318999963, 77.204055699000051 ], [ -91.185433572999969, 77.389235748000047 ], [ -90.042560701999946, 77.561663607000085 ], [ -88.490343715999984, 77.771188069000075 ], [ -88.470146396999951, 77.914400042000068 ], [ -87.636497000999952, 77.981091994000053 ], [ -87.546695325999963, 77.872138801000077 ], [ -87.464163490999965, 77.335425995000065 ] ] ] } },
{ "type": "Feature", "properties": { "ANCHOR": 0, "TIME": 600.0, "FILE1": "Global_EarthByte_GPlates_PresentDay_StaticPlatePolygons.gpmlz", "RECONFILE1": "Zahirovic_etal_2022_OptimisedMantleRef_and_NNRMantleRef.rot", "OBJECTID_1": "1351", "PLATEID1": 28800, "FROMAGE": 600.0, "TOAGE": -999.0, "NAME": "Deseado Massif Block", "PLATEID2": 0, "GPGIM_TYPE": "gpml:ClosedContinentalBoundary", "L_PLATE": 0, "R_PLATE": 0, "SPREAD_ASY": 0.0, "IMPORT_AGE": 0.0, "Shape_Leng": 37.261868703200001, "Shape_Area": 67.799210935999994, "FEATURE_ID": "GPlates-8057ff27-f991-4fcd-bca0-b3705b5caa00" }, "geometry": { "type": "Polygon", "coordinates": [ [ [ -72.782339031999982, -46.060996958999965 ], [ -70.985101363999945, -46.150858841999934 ], [ -69.795761535999986, -46.08089767599995 ], [ -69.707320263999975, -46.111455708999969 ], [ -68.322096793999947, -46.443762292999963 ], [ -66.833609957999954, -46.764970135999931 ], [ -66.785465003999946, -46.696761982999924 ], [ -65.286853770999983, -46.186925171999967 ], [ -65.185005243999967, -46.861671659999956 ], [ -65.185005243999967, -47.489849365999923 ], [ -65.642267014999959, -48.750351163999937 ], [ -65.696135792999939, -48.898847486999955 ], [ -65.70563131199998, -49.050775785999974 ], [ -65.577140417999942, -49.507632298999965 ], [ -64.894711000999962, -51.270812903999968 ], [ -64.880434234999939, -51.639629359999958 ], [ -65.165969555999936, -52.362985505999966 ], [ -65.74087799199998, -53.063396107999942 ], [ -65.801998192999974, -53.652769476999943 ], [ -65.792919764999965, -53.783271873999979 ], [ -65.418904970999961, -54.192907124999969 ], [ -64.662236370999949, -54.506995977999964 ], [ -63.520095087999955, -54.706870701999939 ], [ -63.14785614699997, -55.007130286999946 ], [ -63.145327314, -55.009170121999944 ], [ -65.198869301999935, -54.92098120299994 ], [ -65.458561616999987, -54.94849080299997 ], [ -65.809532114999968, -55.002028674999956 ], [ -66.59896344699996, -55.091777091999965 ], [ -66.797848530999943, -54.950900157999961 ], [ -69.527403239999956, -54.39487975399993 ], [ -72.263276362999989, -53.224393619999937 ], [ -73.289295235999987, -52.024019993999971 ], [ -73.578214645999935, -51.792030516999944 ], [ -73.721622370999967, -51.427892399999969 ], [ -73.883556402999943, -50.798148942999951 ], [ -73.940908038999964, -50.491149007999987 ], [ -74.185377891999963, -49.864681992999977 ], [ -74.284892907999961, -48.585203222999958 ], [ -74.100079307999977, -47.590053068999964 ], [ -73.948687613999937, -46.060996958999965 ], [ -72.782339031999982, -46.060996958999965 ] ] ] } },
{ "type": "Feature", "properties": { "ANCHOR": 0, "TIME": 600.0, "FILE1": "Global_EarthByte_GPlates_PresentDay_StaticPlatePolygons.gpmlz", "RECONFILE1": "Zahirovic_etal_2022_OptimisedMantleRef_and_NNRMantleRef.rot", "OBJECTID_1": "1352", "PLATEID1": 109, "FROMAGE": 600.0, "TOAGE": -999.0, "NAME": "Florida-Suwannee", "PLATEID2": 0, "GPGIM_TYPE": "gpml:ClosedContinentalBoundary", "L_PLATE": 0, "R_PLATE": 0, "SPREAD_ASY": 0.0, "IMPORT_AGE": 0.0, "Shape_Leng": 56.140928942000002, "Shape_Area": 80.692852781799999, "FEATURE_ID": "GPlates-71d23253-cffb-43c1-b8d4-4e6c7d85f20c" }, "geometry": { "type": "Polygon", "coordinates": [ [ [ -72.465596936999987, 39.433150155000078 ], [ -72.620282472999975, 39.408902152000053 ], [ -72.971795033999967, 39.33331382800003 ], [ -73.296579989999941, 39.243460079000052 ], [ -73.468265446999965, 39.192340252000065 ], [ -73.673654262999946, 39.06536452000006 ], [ -73.961884632999954, 38.887174378000054 ], [ -74.183174505999943, 38.747975909000047 ], [ -74.370557060999943, 38.505270887000059 ], [ -74.496866781999984, 38.342277808000063 ], [ -74.611080910999988, 38.096003594000031 ], [ -74.694837937999978, 37.787625447000039 ], [ -74.799534221999977, 37.496379420000046 ], [ -74.818569909999951, 37.412622393000049 ], [ -74.895664446999945, 37.314350653000069 ], [ -75.020586149999986, 36.993123417000064 ], [ -75.086021326999969, 36.802766537000025 ], [ -75.082673469999975, 36.605242939000057 ], [ -75.08007267499994, 36.45179603900003 ], [ -75.014791972999944, 36.132122499000047 ], [ -74.963065967999967, 35.748829067000031 ], [ -74.958720163999942, 35.375089933000027 ], [ -75.059847255999955, 35.172835748000068 ], [ -75.170672139999965, 35.020031742000072 ], [ -75.302153505999968, 34.838746828000069 ], [ -75.452458321999984, 34.631508369000073 ], [ -75.688652847999947, 34.299359818000028 ], [ -75.833172082999965, 34.09612964300004 ], [ -76.072823570999958, 33.799560927000073 ], [ -76.309064283999987, 33.507213044000025 ], [ -76.422088681999981, 33.316856163000068 ], [ -76.587157823999974, 33.141470200000072 ], [ -76.802802442999962, 32.912347792000055 ], [ -76.934953131999976, 32.67886039800004 ], [ -77.050266387999955, 32.475121833000046 ], [ -77.246571920999941, 32.252047363000031 ], [ -77.535081567999953, 32.144971618000056 ], [ -77.728894691999983, 32.056175361000051 ], [ -78.009944257999962, 31.927411380000031 ], [ -78.364323727999988, 31.765051011000033 ], [ -78.612402169999939, 31.670134042000022 ], [ -78.924375858999952, 31.55077019600003 ], [ -79.219564154999944, 31.43782858700007 ], [ -79.458875790999969, 31.346265874000039 ], [ -79.760903595999935, 31.138991890000064 ], [ -79.944285835999949, 31.013141333000075 ], [ -80.029957377999949, 30.849586572000074 ], [ -80.156170424999971, 30.608634391000063 ], [ -80.258374688999936, 30.41351715900003 ], [ -80.178320019999944, 30.325838236000035 ], [ -80.058499963999964, 30.194606747000027 ], [ -79.782482487999971, 30.14701752700006 ], [ -79.772964643999956, 30.004249866000066 ], [ -79.890983635999987, 29.64363628000007 ], [ -79.944285835999949, 29.480768445000024 ], [ -79.810219858999972, 29.199662365000052 ], [ -79.649232670999936, 28.862108584000055 ], [ -79.496947166999973, 28.555158114000051 ], [ -79.330238851, 28.141922110000053 ], [ -79.273859182999956, 27.893686182000074 ], [ -79.23045313199998, 27.695297585000048 ], [ -79.135269093999966, 27.377324916000077 ], [ -79.099751419999961, 27.253316549000033 ], [ -79.09224403099995, 27.008061163000036 ], [ -79.448130651999975, 26.918949013000031 ], [ -80.10445071099997, 26.918949013000031 ], [ -80.268530901999952, 26.864255616000037 ], [ -80.414379666999935, 26.90071794000005 ], [ -80.596690930999955, 26.90071794000005 ], [ -80.77900201999995, 26.937180087000065 ], [ -80.997775431999969, 27.083029028000052 ], [ -81.325935460999972, 27.320033513000059 ], [ -81.43532225499996, 27.411189057000058 ], [ -81.654095490999964, 27.575269072000026 ], [ -81.891100152999968, 27.775811411000063 ], [ -82.073411240999974, 27.958122499000069 ], [ -82.401571269999977, 28.103971440000066 ], [ -82.784424696999963, 28.340975925000066 ], [ -82.948504712, 28.413900396000034 ], [ -83.641287093999949, 28.377438249000079 ], [ -84.024140520999936, 28.286282528000072 ], [ -84.461687344999973, 28.176895911000031 ], [ -84.899233991999949, 28.031046969000045 ], [ -85.136238476999949, 27.903429102000075 ], [ -89.271621703999983, 30.317094803000028 ], [ -89.933761596999958, 30.621063232000044 ], [ -90.480133056999989, 30.838968277000049 ], [ -91.772358442999973, 31.112847749000025 ], [ -92.406507320999935, 31.252871247000034 ], [ -91.309052891999954, 31.290881953000056 ], [ -90.228898554999944, 31.387477799000067 ], [ -89.575582702999967, 31.474741577000032 ], [ -88.643014907999941, 31.63764381400005 ], [ -87.841422558999966, 31.81641141900008 ], [ -86.995903107999936, 32.038964849000024 ], [ -86.622802079999985, 32.150760708000064 ], [ -86.02491043699996, 32.346639957000036 ], [ -85.579292296999938, 32.506359100000054 ], [ -84.721568524999952, 32.887149821000044 ], [ -83.879956334999974, 33.330039132000024 ], [ -83.19429779099994, 33.750104904000068 ], [ -82.685729979999962, 34.137613297000037 ], [ -82.466522216999977, 34.27245903000005 ], [ -82.054405211999949, 34.48339653000005 ], [ -81.861503600999981, 34.650312424000049 ], [ -81.238952636999954, 35.332551956000032 ], [ -80.587094702999934, 35.881278604000052 ], [ -80.089488936999956, 36.270592740000033 ], [ -79.794862907999971, 36.49104949000008 ], [ -78.954474140999935, 37.078193675000072 ], [ -77.988656426999981, 37.817205299000079 ], [ -76.834479256999941, 38.781466937000062 ], [ -76.417678906999981, 39.094779508000052 ], [ -75.860160822999944, 39.458622801000047 ], [ -75.521505271999956, 39.667049131000056 ], [ -75.005528609999942, 39.933847160000035 ], [ -74.610099791999971, 40.127584457000069 ], [ -74.061957456999949, 40.35353212200004 ], [ -72.844408701999953, 40.849419713000025 ], [ -72.552147816999934, 40.965125059000059 ], [ -72.38023289299997, 41.087704720000033 ], [ -72.446160880999969, 40.855721060000064 ], [ -72.476443416999984, 39.612117080000075 ], [ -72.465596936999987, 39.433150155000078 ] ] ] } },
{ "type": "Feature", "properties": { "ANCHOR": 0, "TIME": 600.0, "FILE1": "Global_EarthByte_GPlates_PresentDay_StaticPlatePolygons.gpmlz", "RECONFILE1": "Zahirovic_etal_2022_OptimisedMantleRef_and_NNRMantleRef.rot", "OBJECTID_1": "1435", "PLATEID1": 502, "FROMAGE": 600.0, "TOAGE": -999.0, "NAME": "Sri Lanka", "PLATEID2": 0, "GPGIM_TYPE": "gpml:ClosedContinentalBoundary", "L_PLATE": 0, "R_PLATE": 0, "SPREAD_ASY": 0.0, "IMPORT_AGE": 0.0, "Shape_Leng": 14.9707654327, "Shape_Area": 10.706668116399999, "FEATURE_ID": "GPlates-e59a7a36-7b83-4f05-8f41-fbf6ad926c6c" }, "geometry": { "type": "Polygon", "coordinates": [ [ [ 81.3231, 9.0158 ], [ 81.5779, 8.5805 ], [ 81.9528, 8.096 ], [ 82.1812, 7.6648 ], [ 82.1756, 6.9681 ], [ 82.1442, 6.4051 ], [ 81.9862, 6.1251 ], [ 81.6794, 5.744 ], [ 81.2114, 5.6005 ], [ 80.9436, 5.4183 ], [ 80.9318, 5.6277 ], [ 80.6318, 5.6844 ], [ 80.4426, 5.6424 ], [ 80.039, 5.5626 ], [ 79.7828, 5.7138 ], [ 79.6582, 6.1508 ], [ 79.4233, 6.1423 ], [ 79.425, 6.4264 ], [ 79.5144, 6.9009 ], [ 79.5724, 7.4841 ], [ 79.5533, 8.21 ], [ 79.4521, 8.641 ], [ 79.327413399000079, 8.685742200000046 ], [ 78.8967, 8.7979 ], [ 78.351096166000048, 8.581943718000048 ], [ 78.350547943000038, 8.63143053500005 ], [ 79.178485806000083, 9.623389662000024 ], [ 79.6322, 10.0345 ], [ 80.024, 10.1709 ], [ 80.57804387200008, 10.504863393000051 ], [ 80.584853623000072, 10.504376982000048 ], [ 80.651959722000086, 10.383051743000067 ], [ 80.9787, 9.8025 ], [ 81.2405, 9.2635 ], [ 81.3231, 9.0158 ] ] ] } },
{ "type": "Feature", "properties": { "ANCHOR": 0, "TIME": 600.0, "FILE1": "Global_EarthByte_GPlates_PresentDay_StaticPlatePolygons.gpmlz", "RECONFILE1": "Zahirovic_etal_2022_OptimisedMantleRef_and_NNRMantleRef.rot", "OBJECTID_1": "1801", "PLATEID1": 67350, "FROMAGE": 600.0, "TOAGE": -999.0, "NAME": "Woyla", "PLATEID2": 0, "GPGIM_TYPE": "gpml:ClosedContinentalBoundary", "L_PLATE": 0, "R_PLATE": 0, "SPREAD_ASY": 0.0, "IMPORT_AGE": 0.0, "Shape_Leng": 22.8539283253, "Shape_Area": 12.588825721199999, "FEATURE_ID": "GPlates-1229b3ea-2f48-4783-a15d-299c708ab755" }, "geometry": { "type": "Polygon", "coordinates": [ [ [ 101.225763888000088, -1.726752856999951 ], [ 101.587228882000034, -2.117247556999928 ], [ 101.977407135000078, -2.484986682999931 ], [ 102.499511719000054, -2.881774901999961 ], [ 102.841042679000054, -3.291238289999967 ], [ 103.427490234000061, -3.832397460999971 ], [ 103.767089844000054, -4.013427733999947 ], [ 104.129089355000076, -4.081298827999944 ], [ 104.808105469000054, -4.307678222999926 ], [ 105.011901855000076, -4.511291503999928 ], [ 105.011901855000076, -5.167724608999947 ], [ 105.057128906000059, -5.740783690999933 ], [ 105.103932129000043, -6.309143713999958 ], [ 104.917155208000054, -6.449978188999978 ], [ 104.937175916000072, -6.691643981999967 ], [ 105.166, -6.9276 ], [ 105.162266334000037, -6.972616768999957 ], [ 105.188226758000042, -7.294994632999931 ], [ 104.522698720000051, -6.876112244999945 ], [ 103.309173607000062, -5.76252449499998 ], [ 102.466844411000068, -5.020132660999934 ], [ 101.981434366000087, -4.706043807999947 ], [ 100.924953679000055, -3.078492479999966 ], [ 99.797089162000077, -1.479494683999974 ], [ 98.926206434000051, -0.537228125999945 ], [ 98.312305495000032, 0.347931369000037 ], [ 98.167095563000032, 0.865241751000042 ], [ 99.073303223000039, 0.63507080100004 ], [ 99.465991019000057, 0.265950616000055 ], [ 99.828918457000043, -0.075195311999948 ], [ 100.191871955000067, -0.460907967999958 ], [ 100.898646199000041, -1.373363935999976 ], [ 101.225763888000088, -1.726752856999951 ] ] ] } },
{ "type": "Feature", "properties": { "ANCHOR": 0, "TIME": 600.0, "FILE1": "Global_EarthByte_GPlates_PresentDay_StaticPlatePolygons.gpmlz", "RECONFILE1": "Zahirovic_etal_2022_OptimisedMantleRef_and_NNRMantleRef.rot", "OBJECTID_1": "1826", "PLATEID1": 702, "FROMAGE": 600.0, "TOAGE": -999.0, "NAME": "Madagascar", "PLATEID2": 0, "GPGIM_TYPE": "gpml:ClosedContinentalBoundary", "L_PLATE": 0, "R_PLATE": 0, "SPREAD_ASY": 0.0, "IMPORT_AGE": 0.0, "Shape_Leng": 37.1970079166, "Shape_Area": 62.019946276600002, "FEATURE_ID": "GPlates-2616a99d-fb3c-4ae0-958c-ed0519086afd" }, "geometry": { "type": "Polygon", "coordinates": [ [ [ 50.558898953000032, -15.777099398999951 ], [ 50.522998884000067, -15.925899294999965 ], [ 50.520699009000047, -15.989800318999926 ], [ 50.513198983000052, -16.03619939999993 ], [ 50.508998170000041, -16.056236761999969 ], [ 50.48579807200008, -16.166898366999931 ], [ 50.470402260000071, -16.199309297999946 ], [ 50.466701896000075, -16.207099224999979 ], [ 50.435500998000073, -16.296001511999975 ], [ 50.426383962000045, -16.36248227699997 ], [ 50.424147112000064, -16.390462078999974 ], [ 50.416901033000059, -16.481100210999955 ], [ 50.396427998000036, -16.545003485999928 ], [ 50.350398875000046, -16.669799529999977 ], [ 50.331309762000039, -16.712099307999949 ], [ 50.316699969000076, -16.752000320999969 ], [ 50.302530356000041, -16.811085276999961 ], [ 50.300800027000015, -16.818300462999957 ], [ 50.284401050000028, -16.871400333999926 ], [ 50.255008938000067, -16.946800384999968 ], [ 50.253461839000074, -16.950132844999928 ], [ 50.216801046000057, -17.029100417999928 ], [ 50.196799859000073, -17.110698337999963 ], [ 50.141799907000063, -17.173801363999928 ], [ 50.093299964000039, -17.223510400999942 ], [ 49.890900101000057, -17.326311362999945 ], [ 49.843300049000042, -17.338701450999963 ], [ 49.825889931000049, -17.428899360999939 ], [ 49.847829768000061, -17.500547526999981 ], [ 49.857001829000069, -17.530500410999935 ], [ 49.856498907000059, -17.57849142799995 ], [ 49.85129893400002, -17.624500249999983 ], [ 49.817214022, -17.710627487999943 ], [ 49.798297952000048, -17.741800284999954 ], [ 49.78149794400008, -17.783809399999939 ], [ 49.753299917000049, -17.828298332999964 ], [ 49.688499002000071, -17.937198274999957 ], [ 49.630900917000076, -18.05230120799996 ], [ 49.60990112800004, -18.105199239999934 ], [ 49.589401081000041, -18.171100470999932 ], [ 49.58630002700005, -18.212499298999944 ], [ 49.595302990000043, -18.270900504999933 ], [ 49.595268304000058, -18.271449581999946 ], [ 49.590899956000044, -18.340600310999946 ], [ 49.572399056000066, -18.397699535999948 ], [ 49.554099997, -18.461299478999933 ], [ 49.524402918000085, -18.527400253999929 ], [ 49.499290935000033, -18.59329936599994 ], [ 49.439589869, -18.714500395999949 ], [ 49.405997975000012, -18.798000340999977 ], [ 49.373901072000059, -18.859710443999973 ], [ 49.333701803000054, -18.951898317999966 ], [ 49.310199945000065, -18.99820133499998 ], [ 49.291791384000071, -19.038288263999959 ], [ 49.24871093000008, -19.132101303999949 ], [ 49.227099794000026, -19.167400269999973 ], [ 49.149100904000072, -19.353601227999945 ], [ 49.126800901000081, -19.432100390999945 ], [ 49.112400011000027, -19.475700381999957 ], [ 49.08309901800002, -19.552200396999986 ], [ 49.079532955000033, -19.57463209399998 ], [ 49.073799036000018, -19.610700314999974 ], [ 49.063698052000063, -19.710210391999965 ], [ 49.063300907000034, -19.761899504999974 ], [ 49.067191039000072, -19.815777527999956 ], [ 49.067799121000043, -19.824199409999949 ], [ 49.065414590000024, -19.850487102999978 ], [ 49.042301117000072, -20.003700284999983 ], [ 48.61199985700005, -20.633600376999937 ], [ 48.611400872000047, -21.114898350999965 ], [ 48.50569893000003, -21.291099333999966 ], [ 48.362900008000025, -22.076400339999964 ], [ 48.036300836000066, -22.651901405999979 ], [ 48.009898881000019, -23.173601371999951 ], [ 47.776698797000051, -23.548700486999962 ], [ 47.607898951000031, -24.177799400999959 ], [ 47.647164825000026, -24.669485579999957 ], [ 47.405498912000034, -25.213153861999956 ], [ 47.30438907500006, -25.301197873999968 ], [ 47.097499881000033, -25.481352005999952 ], [ 46.26309994800004, -25.631051967999952 ], [ 45.921401835000047, -26.068399389999968 ], [ 45.715598777000032, -26.193899443999953 ], [ 45.29219655100006, -26.238410273999932 ], [ 44.899500489000062, -26.145700405999943 ], [ 44.520498613000029, -25.933200442999976 ], [ 43.847200546000067, -25.140199337999945 ], [ 43.72699059200005, -24.874833840999941 ], [ 43.664297536000049, -24.662099539999929 ], [ 43.447988580000079, -24.389699319999977 ], [ 43.505098401000055, -24.202199205999939 ], [ 43.471010473000035, -23.474698478999983 ], [ 43.406999611000067, -23.171899244999963 ], [ 43.227976496000053, -22.897592877999955 ], [ 43.052297416000044, -22.620000338999944 ], [ 42.955099400000051, -22.220998511999937 ], [ 43.066297629000076, -22.132699270999979 ], [ 43.004499409000083, -21.82259937799995 ], [ 43.146734471000059, -21.742418522999969 ], [ 43.185999430000038, -21.467901243999954 ], [ 43.497499486000038, -21.223400264999956 ], [ 44.066099511000061, -20.310499402999938 ], [ 44.057298565000053, -20.005699431999972 ], [ 43.963400440000051, -19.879598450999936 ], [ 44.105398537000042, -19.566900249999946 ], [ 43.852998444000036, -18.792299211999932 ], [ 43.279699424000071, -17.876600320999955 ], [ 43.09260051800004, -17.322000507999974 ], [ 43.130499558000047, -16.909399321999956 ], [ 44.077799494000033, -15.87250046099996 ], [ 44.654699487000073, -15.679399520999937 ], [ 45.502097916, -15.838099266999958 ], [ 45.896598880000049, -15.602500417999977 ], [ 46.15850097100008, -15.434990543999961 ], [ 46.487498908000077, -15.353499281999975 ], [ 47.394500864000058, -14.591600362999939 ], [ 47.57690077500007, -14.248500497999942 ], [ 47.735198961000016, -14.194399551999936 ], [ 47.691798866000028, -13.807199246999973 ], [ 48.262402101000077, -13.044499325999936 ], [ 48.537299975000046, -12.266990421999935 ], [ 48.730466979000028, -12.19500749799994 ], [ 48.952989715000065, -12.112085274999972 ], [ 49.320499059000049, -12.144599367999948 ], [ 49.423400853000032, -12.270899362999955 ], [ 49.714198846000052, -12.274599401999978 ], [ 49.670199943000057, -12.586799273999929 ], [ 49.958801010000045, -12.655300225999952 ], [ 50.110798023, -12.813199500999929 ], [ 50.00009883000007, -13.180499273999942 ], [ 50.227599904000051, -13.335599282999969 ], [ 50.22136491200007, -13.779749002999949 ], [ 50.227698970000056, -13.794000387999972 ], [ 50.261897794000049, -13.855099321999944 ], [ 50.266615014000088, -13.859951645999956 ], [ 50.31420090200001, -13.908900421999931 ], [ 50.327800968000076, -13.968399471999932 ], [ 50.320197992000033, -14.015299354999968 ], [ 50.317100999000047, -14.055399204999958 ], [ 50.321899059000025, -14.12629927699993 ], [ 50.332600087000053, -14.170399363999934 ], [ 50.348000109000054, -14.21869923299994 ], [ 50.355537672000018, -14.23710792299994 ], [ 50.373099908000029, -14.279999475999944 ], [ 50.388698945000044, -14.332699375999937 ], [ 50.399601106000027, -14.38329929799994 ], [ 50.389499946000043, -14.485599280999962 ], [ 50.383740162000031, -14.510328837999966 ], [ 50.379600978000042, -14.528100368999958 ], [ 50.371260265000032, -14.555332814999931 ], [ 50.356997950000071, -14.601899300999948 ], [ 50.323897854000052, -14.702699348999943 ], [ 50.312297995000037, -14.760599399999935 ], [ 50.306347330000023, -14.784549928999979 ], [ 50.294725185000068, -14.83132730899996 ], [ 50.286609983000041, -14.876599219999946 ], [ 50.284900969000027, -14.958500341999981 ], [ 50.28670092600003, -15.007099173999963 ], [ 50.286201889000047, -15.057899344999953 ], [ 50.299991787000067, -15.123799516999952 ], [ 50.337200016000054, -15.20650040299995 ], [ 50.361290087000036, -15.238800381999967 ], [ 50.389998982000058, -15.273199456999976 ], [ 50.420601072000068, -15.29870046299993 ], [ 50.559169569000062, -15.367392314999961 ], [ 50.574397864000034, -15.375290183999939 ], [ 50.607497961000028, -15.405099218999965 ], [ 50.631598981000081, -15.437399374999927 ], [ 50.644699127000067, -15.48550040599997 ], [ 50.646866811000059, -15.54516664199997 ], [ 50.647899777000084, -15.573599396999951 ], [ 50.640399927000018, -15.62240042099995 ], [ 50.621700014000055, -15.673700511999982 ], [ 50.604596176000051, -15.701861147999976 ], [ 50.558898953000032, -15.777099398999951 ] ] ] } },
{ "type": "Feature", "properties": { "ANCHOR": 0, "TIME": 600.0, "FILE1": "Global_EarthByte_GPlates_PresentDay_StaticPlatePolygons.gpmlz", "RECONFILE1": "Zahirovic_etal_2022_OptimisedMantleRef_and_NNRMantleRef.rot", "OBJECTID_1": "1858", "PLATEID1": 81315, "FROMAGE": 600.0, "TOAGE": -999.0, "NAME": "South New Zealand & Campbell Plateau", "PLATEID2": 0, "GPGIM_TYPE": "gpml:ClosedContinentalBoundary", "L_PLATE": 0, "R_PLATE": 0, "SPREAD_ASY": 0.0, "IMPORT_AGE": 0.0, "Shape_Leng": 8.7272981253099999, "Shape_Area": 4.08963041152, "FEATURE_ID": "GPlates-c22ff0e3-dc38-4d24-9f7a-1cdb7255b6ac" }, "geometry": { "type": "Polygon", "coordinates": [ [ [ 167.402585314000021, -46.671375934999951 ], [ 165.183374725000021, -47.184795673999979 ], [ 165.188092133000055, -46.468766989999942 ], [ 165.1896, -46.2417 ], [ 165.410439112000063, -46.014837530999955 ], [ 165.410437987000023, -46.014836464999973 ], [ 165.8603, -45.5527 ], [ 165.8889, -45.5303 ], [ 166.096059236000087, -45.367828382999953 ], [ 166.34681010400007, -45.171168556999923 ], [ 166.456542176000085, -45.085107477999941 ], [ 166.6079, -44.9664 ], [ 167.5402, -44.6424 ], [ 167.850401215000034, -44.534567798999944 ], [ 167.858377410000116, -44.660605858999929 ], [ 167.790858057000037, -45.110734876999963 ], [ 167.784909405000121, -45.307040409999956 ], [ 167.778960752000103, -45.592575730999961 ], [ 167.72542288000011, -45.646113603999936 ], [ 167.648090397000033, -45.735343390999951 ], [ 167.523168694000105, -45.830521830999935 ], [ 167.475579474000028, -45.890008356999935 ], [ 167.439887559000113, -45.985186796999983 ], [ 167.428073062000067, -46.176537368999952 ], [ 167.402585314000021, -46.671375934999951 ] ] ] } },
{ "type": "Feature", "properties": { "ANCHOR": 0, "TIME": 600.0, "FILE1": "Global_EarthByte_GPlates_PresentDay_StaticPlatePolygons.gpmlz", "RECONFILE1": "Zahirovic_etal_2022_OptimisedMantleRef_and_NNRMantleRef.rot", "OBJECTID_1": "2050", "PLATEID1": 879, "FROMAGE": 600.0, "TOAGE": -999.0, "NAME": "Chatham Rise", "PLATEID2": 0, "GPGIM_TYPE": "gpml:ClosedContinentalBoundary", "L_PLATE": 0, "R_PLATE": 0, "SPREAD_ASY": 0.0, "IMPORT_AGE": 0.0, "Shape_Leng": 21.556582847800001, "Shape_Area": 7.4379010029100003, "FEATURE_ID": "GPlates-c3335200-d677-4209-b74b-b3882e6fc214" }, "geometry": { "type": "Polygon", "coordinates": [ [ [ 180.0, -40.6578 ], [ 180.0, -42.597386451999967 ], [ 179.854550888000063, -42.651687275999961 ], [ 179.169, -42.623 ], [ 178.573, -42.589 ], [ 178.115000000000123, -42.556 ], [ 177.645963163000033, -42.556 ], [ 177.004963162000081, -42.522 ], [ 176.509098804000018, -42.555517669999972 ], [ 175.414000000000101, -42.42 ], [ 174.727, -42.386 ], [ 174.315, -42.352 ], [ 173.341963162000098, -42.352 ], [ 172.288963163000062, -42.623 ], [ 171.327963163000049, -42.961 ], [ 170.545046613000068, -43.215432055999941 ], [ 170.642, -43.18 ], [ 171.009, -42.979 ], [ 171.422, -42.709 ], [ 172.11, -42.369 ], [ 172.594776234000051, -42.301633274999979 ], [ 172.596493921000047, -42.30139457699994 ], [ 172.844, -42.267 ], [ 173.133649350000042, -42.231232162999959 ], [ 173.670000000000101, -42.165 ], [ 174.585540816000048, -41.994272104999936 ], [ 174.587000000000103, -41.994 ], [ 175.505000000000109, -41.96 ], [ 176.193, -41.788 ], [ 177.11, -41.513 ], [ 177.615000000000123, -41.271 ], [ 178.028, -40.994 ], [ 178.098069159000033, -40.934049819999977 ], [ 178.218217376000098, -40.850605592999955 ], [ 178.233200000000124, -40.8402 ], [ 178.374, -40.7502 ], [ 178.5218, -40.6949 ], [ 178.780300000000125, -40.6395 ], [ 178.9834, -40.621 ], [ 179.0887, -40.6048 ], [ 179.2234, -40.5841 ], [ 179.48190000000011, -40.621 ], [ 179.706729352000025, -40.642896519999965 ], [ 180.0, -40.6578 ] ] ] } },
{ "type": "Feature", "properties": { "ANCHOR": 0, "TIME": 600.0, "FILE1": "Global_EarthByte_GPlates_PresentDay_StaticPlatePolygons.gpmlz", "RECONFILE1": "Zahirovic_etal_2022_OptimisedMantleRef_and_NNRMantleRef.rot", "OBJECTID_1": "2053", "PLATEID1": 802, "FROMAGE": 600.0, "TOAGE": -999.0, "NAME": "East Antarctica", "PLATEID2": 0, "GPGIM_TYPE": "gpml:ClosedContinentalBoundary", "L_PLATE": 0, "R_PLATE": 0, "SPREAD_ASY": 0.0, "IMPORT_AGE": 0.0, "Shape_Leng": 3.8303420134900001, "Shape_Area": 0.81945517125900003, "FEATURE_ID": "GPlates-41c07c40-ed47-40d4-8084-0f97d046a98c" }, "geometry": { "type": "Polygon", "coordinates": [ [ [ 180.0, -70.48640823099997 ], [ 180.0, -71.403298427999971 ], [ 179.765672904000098, -71.311028066999981 ], [ 179.200576946000069, -71.243553644999949 ], [ 179.109897966000062, -71.232726258999961 ], [ 178.779165607000095, -71.09165263899996 ], [ 178.716280629000039, -70.882784314999981 ], [ 178.797840251000025, -70.74964208199998 ], [ 178.846980077000126, -70.669423635999976 ], [ 178.853381850000119, -70.658973042999946 ], [ 178.864485052000077, -70.657993176999966 ], [ 179.322429441000054, -70.61757922399994 ], [ 179.870543269000109, -70.51146977999997 ], [ 180.0, -70.48640823099997 ] ] ] } },
{ "type": "Feature", "properties": { "ANCHOR": 0, "TIME": 600.0, "FILE1": "Global_EarthByte_GPlates_PresentDay_StaticPlatePolygons.gpmlz", "RECONFILE1": "Zahirovic_etal_2022_OptimisedMantleRef_and_NNRMantleRef.rot", "OBJECTID_1": "2061", "PLATEID1": 715, "FROMAGE": 600.0, "TOAGE": -999.0, "NAME": "Africa", "PLATEID2": 0, "GPGIM_TYPE": "gpml:ClosedContinentalBoundary", "L_PLATE": 0, "R_PLATE": 0, "SPREAD_ASY": 0.0, "IMPORT_AGE": 0.0, "Shape_Leng": 0.069239466264100005, "Shape_Area": 3.3939846824000003e-05, "FEATURE_ID": "GPlates-c2208615-ac5c-49f4-9910-548a612bb08c" }, "geometry": { "type": "Polygon", "coordinates": [ [ [ 20.971918426000055, 38.09365199400002 ], [ 20.973558457000028, 38.09028081900005 ], [ 20.95488324400003, 38.108046714000068 ], [ 20.949284662000025, 38.114776840000054 ], [ 20.971918426000055, 38.09365199400002 ] ] ] } },
{ "type": "Feature", "properties": { "ANCHOR": 0, "TIME": 600.0, "FILE1": "Global_EarthByte_GPlates_PresentDay_StaticPlatePolygons.gpmlz", "RECONFILE1": "Zahirovic_etal_2022_OptimisedMantleRef_and_NNRMantleRef.rot", "OBJECTID_1": "2062", "PLATEID1": 715, "FROMAGE": 600.0, "TOAGE": -999.0, "NAME": "Africa", "PLATEID2": 0, "GPGIM_TYPE": "gpml:ClosedContinentalBoundary", "L_PLATE": 0, "R_PLATE": 0, "SPREAD_ASY": 0.0, "IMPORT_AGE": 0.0, "Shape_Leng": 0.223173721257, "Shape_Area": 0.00017254450791200001, "FEATURE_ID": "GPlates-7872adb3-94ee-4089-82d5-e780bdbf4190" }, "geometry": { "type": "Polygon", "coordinates": [ [ [ 20.973558457000028, 38.09028081900005 ], [ 21.054186093000055, 38.013579039000028 ], [ 20.977434433000045, 38.082313535000019 ], [ 20.973558457000028, 38.09028081900005 ] ] ] } },
{ "type": "Feature", "properties": { "ANCHOR": 0, "TIME": 600.0, "FILE1": "Global_EarthByte_GPlates_PresentDay_StaticPlatePolygons.gpmlz", "RECONFILE1": "Zahirovic_etal_2022_OptimisedMantleRef_and_NNRMantleRef.rot", "OBJECTID_1": "2063", "PLATEID1": 715, "FROMAGE": 600.0, "TOAGE": -999.0, "NAME": "Africa", "PLATEID2": 0, "GPGIM_TYPE": "gpml:ClosedContinentalBoundary", "L_PLATE": 0, "R_PLATE": 0, "SPREAD_ASY": 0.0, "IMPORT_AGE": 0.0, "Shape_Leng": 29.082430516399999, "Shape_Area": 21.546772061, "FEATURE_ID": "GPlates-8f554c62-ba78-4ddb-8357-737bc9be68b8" }, "geometry": { "type": "Polygon", "coordinates": [ [ [ 30.142488119000063, 36.471371653000062 ], [ 30.54178564200004, 36.365675250000031 ], [ 31.109695973000047, 36.566810160000045 ], [ 31.635649979000043, 36.590215486000034 ], [ 32.09987047900006, 36.387862960000056 ], [ 32.36232637300003, 36.006108934000061 ], [ 32.779869838000018, 35.445407708000062 ], [ 33.566344542000024, 35.457337521000056 ], [ 34.48494016800003, 35.684003974000063 ], [ 35.856868699000074, 36.399792773000058 ], [ 35.857291200000077, 36.394131265000055 ], [ 35.904111060000048, 35.766745142000055 ], [ 35.890369428000049, 35.752503659000077 ], [ 35.868798513000058, 35.26646050800008 ], [ 35.659779348000029, 34.63053533000005 ], [ 35.296167473000025, 33.465058697000082 ], [ 34.747396061000082, 32.403305311000054 ], [ 34.197373485000078, 31.635019809000028 ], [ 33.99581782100006, 31.353481739000074 ], [ 33.447046409000066, 30.983657526000059 ], [ 32.778976863000025, 30.840499766000047 ], [ 33.271295344000066, 31.85300381200005 ], [ 32.860712584000055, 31.736676666000051 ], [ 32.39859165300004, 31.772208477000049 ], [ 32.395042586000045, 31.713297528000062 ], [ 31.147885814000059, 31.799554029000028 ], [ 30.718810138000038, 31.829229983000062 ], [ 30.57503467600003, 31.839173856000052 ], [ 30.456578719000053, 31.847366568000041 ], [ 30.610825288000058, 31.909482892000028 ], [ 30.714616472000046, 31.968547026000063 ], [ 30.728178310000033, 31.957028068000056 ], [ 30.779838393000038, 31.97842563200004 ], [ 30.970364709000023, 32.285828868000067 ], [ 31.098402025000041, 32.672820435000055 ], [ 31.145686556000054, 33.021591228000034 ], [ 31.148000983000031, 33.05907562200008 ], [ 31.158839896000075, 33.234622352000038 ], [ 31.166288359000077, 33.310195113000077 ], [ 31.171888648000071, 33.367016130000025 ], [ 31.189570756000023, 33.532406187000049 ], [ 31.189657881000077, 33.532959369000025 ], [ 31.19112234300006, 33.546918996000038 ], [ 31.234276444000042, 33.816255997000042 ], [ 31.556360719000065, 34.007959744000061 ], [ 31.624234702000024, 34.067842959000075 ], [ 31.6668, 34.2046 ], [ 31.669116385000056, 34.210088046000074 ], [ 31.756721790000029, 34.41764528700002 ], [ 31.787709434000078, 34.491062105000026 ], [ 31.787022412000059, 34.491151375000079 ], [ 31.752647055000072, 34.495618044000025 ], [ 31.337373096000078, 34.652996478000034 ], [ 31.33468563700006, 34.654049054000041 ], [ 31.129838655000064, 34.734279839000074 ], [ 31.040986971000045, 34.769079670000046 ], [ 30.693518939000061, 34.953958410000041 ], [ 30.503699976000068, 35.03779857100006 ], [ 30.488004301000057, 35.041142939000054 ], [ 30.381790895000059, 35.063774446000025 ], [ 28.994482140000063, 34.870088878000047 ], [ 28.554481155000076, 34.808659265000074 ], [ 28.37173837100006, 34.783146098000032 ], [ 28.249847149000065, 34.786864355000034 ], [ 27.945784411000041, 34.796139703000051 ], [ 27.870575228000064, 34.672864256000018 ], [ 27.372530254000022, 34.814265618000036 ], [ 28.01987432400006, 34.968215175000068 ], [ 28.430461279000045, 35.16796018000008 ], [ 28.434019781000075, 35.164322071000072 ], [ 28.913717347000048, 35.39768845400004 ], [ 29.362419583000079, 35.988662131000069 ], [ 29.390909880000041, 36.662248666000039 ], [ 29.653365773000075, 36.67417848000008 ], [ 30.142488119000063, 36.471371653000062 ] ] ] } },
{ "type": "Feature", "properties": { "ANCHOR": 0, "TIME": 600.0, "FILE1": "Global_EarthByte_GPlates_PresentDay_StaticPlatePolygons.gpmlz", "RECONFILE1": "Zahirovic_etal_2022_OptimisedMantleRef_and_NNRMantleRef.rot", "OBJECTID_1": "2066", "PLATEID1": 715, "FROMAGE": 600.0, "TOAGE": 0.0, "NAME": "Africa", "PLATEID2": 0, "GPGIM_TYPE": "gpml:ClosedContinentalBoundary", "L_PLATE": 0, "R_PLATE": 0, "SPREAD_ASY": 0.0, "IMPORT_AGE": 0.0, "Shape_Leng": 3.36510459474, "Shape_Area": 0.24658766861799999, "FEATURE_ID": "GPlates-f1d8acda-35a8-4013-9427-fa9c9cfe85d6" }, "geometry": { "type": "Polygon", "coordinates": [ [ [ 26.73349038300006, 33.222746627000035 ], [ 26.210248469000081, 32.61896904200006 ], [ 25.590860496000055, 32.087946549000044 ], [ 25.556983014000025, 32.401794299000073 ], [ 26.73349038300006, 33.222746627000035 ] ] ] } },
{ "type": "Feature", "properties": { "ANCHOR": 0, "TIME": 600.0, "FILE1": "Global_EarthByte_GPlates_PresentDay_StaticPlatePolygons.gpmlz", "RECONFILE1": "Zahirovic_etal_2022_OptimisedMantleRef_and_NNRMantleRef.rot", "OBJECTID_1": "2070", "PLATEID1": 3307, "FROMAGE": 600.0, "TOAGE": 0.0, "NAME": "Apulia", "PLATEID2": 0, "GPGIM_TYPE": "gpml:ClosedContinentalBoundary", "L_PLATE": 0, "R_PLATE": 0, "SPREAD_ASY": 0.0, "IMPORT_AGE": 0.0, "Shape_Leng": 7.85268469821, "Shape_Area": 2.30673434227, "FEATURE_ID": "GPlates-2ebb6b48-3321-4477-aed8-57c115e972a6" }, "geometry": { "type": "Polygon", "coordinates": [ [ [ 19.900878572000057, 39.444290816000034 ], [ 20.409883950000051, 38.871659765000061 ], [ 20.828698725000038, 38.250658547000057 ], [ 19.790644088000032, 38.426706991000053 ], [ 19.951018917000056, 37.955997376000028 ], [ 19.797596335000033, 38.10613168000004 ], [ 19.452074517000028, 38.379182476000032 ], [ 19.450620567000044, 38.377767292000044 ], [ 19.431007630000067, 38.39063204100006 ], [ 19.014600287000054, 38.622722941000063 ], [ 18.769050531000062, 38.757843216000019 ], [ 18.43567087200007, 38.916449014000079 ], [ 18.363551741000041, 38.951731494000057 ], [ 18.009225753000067, 39.137942335000055 ], [ 18.244062164000074, 39.015780911000036 ], [ 18.333233409000059, 39.213939236000044 ], [ 18.319220266000055, 39.246333676000063 ], [ 18.44235769200003, 39.523822906000078 ], [ 18.476967713000022, 39.548231 ], [ 18.479457600000043, 39.549986948000033 ], [ 18.917488971000068, 39.858900679000044 ], [ 19.263966098000026, 39.842008531000033 ], [ 19.300217790000033, 39.819703805000081 ], [ 19.900878572000057, 39.444290816000034 ] ] ] } },
{ "type": "Feature", "properties": { "ANCHOR": 0, "TIME": 600.0, "FILE1": "Global_EarthByte_GPlates_PresentDay_StaticPlatePolygons.gpmlz", "RECONFILE1": "Zahirovic_etal_2022_OptimisedMantleRef_and_NNRMantleRef.rot", "OBJECTID_1": "2281", "PLATEID1": 602, "FROMAGE": 750.0, "TOAGE": 0.0, "NAME": null, "PLATEID2": 0, "GPGIM_TYPE": "gpml:ClosedContinentalBoundary", "L_PLATE": 0, "R_PLATE": 0, "SPREAD_ASY": 0.0, "IMPORT_AGE": 0.0, "Shape_Leng": 4.2373588994600002, "Shape_Area": 0.94188667964600004, "FEATURE_ID": "GPlates-9d59be46-1ebc-4001-bd2c-eb8ea14fecf1" }, "geometry": { "type": "Polygon", "coordinates": [ [ [ 121.729928801000028, 21.849953466000045 ], [ 121.668981690000024, 21.805427363000039 ], [ 121.601439859000038, 22.340728621000039 ], [ 121.593389643000023, 23.031778720000034 ], [ 122.271969032000015, 23.06444633000007 ], [ 122.830445350000119, 23.091332037000029 ], [ 122.732198081000092, 22.882943645000068 ], [ 122.729274604000011, 22.878500550000069 ], [ 122.353189404000091, 22.306926932000067 ], [ 121.729928801000028, 21.849953466000045 ] ] ] } },
{ "type": "Feature", "properties": { "ANCHOR": 0, "TIME": 600.0, "FILE1": "Global_EarthByte_GPlates_PresentDay_StaticPlatePolygons.gpmlz", "RECONFILE1": "Zahirovic_etal_2022_OptimisedMantleRef_and_NNRMantleRef.rot", "OBJECTID_1": "2495", "PLATEID1": 61405, "FROMAGE": 600.0, "TOAGE": 0.0, "NAME": null, "PLATEID2": 0, "GPGIM_TYPE": "gpml:ClosedContinentalBoundary", "L_PLATE": 0, "R_PLATE": 0, "SPREAD_ASY": 0.0, "IMPORT_AGE": 0.0, "Shape_Leng": 1.3520421228899999, "Shape_Area": 0.071437321979499993, "FEATURE_ID": "GPlates-83f0f38a-8ae9-4112-af3e-19b788571fdf" }, "geometry": { "type": "Polygon", "coordinates": [ [ [ 119.358588834000102, 2.202731705000076 ], [ 119.469850531000034, 2.136540655000033 ], [ 119.627478701000101, 2.162518107000039 ], [ 119.698044909000046, 2.035175243000026 ], [ 119.79258461500001, 1.911061575000076 ], [ 119.705379969000091, 1.752628795000021 ], [ 119.5907953090001, 1.904360325000028 ], [ 119.583133590000102, 1.900517855000033 ], [ 119.537019012000087, 1.960955366000064 ], [ 119.53156511300007, 1.958196331000068 ], [ 119.358588834000102, 2.202731705000076 ] ] ] } },
{ "type": "Feature", "properties": { "ANCHOR": 0, "TIME": 600.0, "FILE1": "Global_EarthByte_GPlates_PresentDay_StaticPlatePolygons.gpmlz", "RECONFILE1": "Zahirovic_etal_2022_OptimisedMantleRef_and_NNRMantleRef.rot", "OBJECTID_1": "2342", "PLATEID1": 836, "FROMAGE": 600.0, "TOAGE": -999.0, "NAME": "Southern Papua New Guinea Plateau", "PLATEID2": 0, "GPGIM_TYPE": "gpml:ClosedContinentalBoundary", "L_PLATE": 0, "R_PLATE": 0, "SPREAD_ASY": 0.0, "IMPORT_AGE": 0.0, "Shape_Leng": 0.22493227041700001, "Shape_Area": 0.00086326148979699998, "FEATURE_ID": "GPlates-651f45b1-e495-4131-bd3c-da269b13e941" }, "geometry": { "type": "Polygon", "coordinates": [ [ [ 154.803154324000047, -12.88064889299995 ], [ 154.79300000000012, -12.986 ], [ 154.78288284000007, -12.983579041999974 ], [ 154.782908335000116, -12.983443382999953 ], [ 154.782570948000085, -12.983357909999938 ], [ 154.78256348900004, -12.983356019999974 ], [ 154.77926370900002, -12.982520055999942 ], [ 154.77952738500008, -12.981235728999934 ], [ 154.779533785000012, -12.981204554999977 ], [ 154.796, -12.901 ], [ 154.80116230100009, -12.886315378999939 ], [ 154.803154324000047, -12.88064889299995 ] ] ] } },
{ "type": "Feature", "properties": { "ANCHOR": 0, "TIME": 600.0, "FILE1": "Global_EarthByte_GPlates_PresentDay_StaticPlatePolygons.gpmlz", "RECONFILE1": "Zahirovic_etal_2022_OptimisedMantleRef_and_NNRMantleRef.rot", "OBJECTID_1": "2485", "PLATEID1": 684, "FROMAGE": 600.0, "TOAGE": -999.0, "NAME": "Timor", "PLATEID2": 0, "GPGIM_TYPE": "gpml:ClosedContinentalBoundary", "L_PLATE": 0, "R_PLATE": 0, "SPREAD_ASY": 0.0, "IMPORT_AGE": 0.0, "Shape_Leng": 0.45360610101100002, "Shape_Area": 0.00850687334787, "FEATURE_ID": "GPlates-d54a7b1e-fc0b-49ab-a3c6-12da80d7eb6e" }, "geometry": { "type": "Polygon", "coordinates": [ [ [ 130.026298581000106, -4.20796383499993 ], [ 129.889961204000087, -4.27690526899994 ], [ 129.889037228, -4.274780939999969 ], [ 129.888844439000081, -4.274874786999931 ], [ 129.837199477000013, -4.180974855999978 ], [ 129.848236314000019, -4.180974855999978 ], [ 130.026298581000106, -4.20796383499993 ] ] ] } },
{ "type": "Feature", "properties": { "ANCHOR": 0, "TIME": 600.0, "FILE1": "Global_EarthByte_GPlates_PresentDay_StaticPlatePolygons.gpmlz", "RECONFILE1": "Zahirovic_etal_2022_OptimisedMantleRef_and_NNRMantleRef.rot", "OBJECTID_1": "2543", "PLATEID1": 612, "FROMAGE": 2300.0, "TOAGE": 0.0, "NAME": null, "PLATEID2": 0, "GPGIM_TYPE": "gpml:ClosedContinentalBoundary", "L_PLATE": 0, "R_PLATE": 0, "SPREAD_ASY": 0.0, "IMPORT_AGE": 0.0, "Shape_Leng": 0.47855197218000001, "Shape_Area": 0.0020408310084500001, "FEATURE_ID": "GPlates-676d3c8a-0423-470d-a791-c9307040cf21" }, "geometry": { "type": "Polygon", "coordinates": [ [ [ 115.716195512000013, 17.07111070600007 ], [ 115.817857473000132, 17.282460573000037 ], [ 115.82800102200008, 17.263399124000046 ], [ 115.716195512000013, 17.07111070600007 ] ] ] } },
{ "type": "Feature", "properties": { "ANCHOR": 0, "TIME": 600.0, "FILE1": "Global_EarthByte_GPlates_PresentDay_StaticPlatePolygons.gpmlz", "RECONFILE1": "Zahirovic_etal_2022_OptimisedMantleRef_and_NNRMantleRef.rot", "OBJECTID_1": "2566", "PLATEID1": 501, "FROMAGE": 600.0, "TOAGE": 0.0, "NAME": null, "PLATEID2": 0, "GPGIM_TYPE": "gpml:ClosedContinentalBoundary", "L_PLATE": 0, "R_PLATE": 0, "SPREAD_ASY": 0.0, "IMPORT_AGE": 0.0, "Shape_Leng": 2.7532655084900002, "Shape_Area": 0.052050268307300002, "FEATURE_ID": "GPlates-b38d30c0-6422-4f44-a557-72ccb694594d" }, "geometry": { "type": "Polygon", "coordinates": [ [ [ 87.2203, 19.8612 ], [ 86.480938284000047, 19.782870890000027 ], [ 86.6338, 19.832 ], [ 86.950748711000074, 19.85911920000007 ], [ 86.951625281000091, 19.85936773300006 ], [ 86.952, 19.8594 ], [ 87.1063, 19.9032 ], [ 87.106493708000073, 19.903277465000034 ], [ 87.107228509000038, 19.903485803000024 ], [ 87.152931675000048, 19.921848388000058 ], [ 87.3241, 19.9903 ], [ 87.6237, 20.0692 ], [ 87.799670681000066, 20.130209059000034 ], [ 87.2203, 19.8612 ] ] ] } },
{ "type": "Feature", "properties": { "ANCHOR": 0, "TIME": 600.0, "FILE1": "Global_EarthByte_GPlates_PresentDay_StaticPlatePolygons.gpmlz", "RECONFILE1": "Zahirovic_etal_2022_OptimisedMantleRef_and_NNRMantleRef.rot", "OBJECTID_1": "2567", "PLATEID1": 501, "FROMAGE": 600.0, "TOAGE": 0.0, "NAME": null, "PLATEID2": 0, "GPGIM_TYPE": "gpml:ClosedContinentalBoundary", "L_PLATE": 0, "R_PLATE": 0, "SPREAD_ASY": 0.0, "IMPORT_AGE": 0.0, "Shape_Leng": 6.1182068770600004, "Shape_Area": 1.06583673547, "FEATURE_ID": "GPlates-101b08ea-2ff9-494d-9bc3-c6723411477d" }, "geometry": { "type": "Polygon", "coordinates": [ [ [ 89.752, 21.0367 ], [ 88.455029351000064, 20.434500293000042 ], [ 88.594, 20.546 ], [ 88.7838, 20.7354 ], [ 88.9919, 20.916 ], [ 89.116731451000078, 21.068604719000064 ], [ 89.2356, 21.2075 ], [ 89.3351, 21.3018 ], [ 89.335876884000072, 21.302658586000064 ], [ 89.337032546000046, 21.303755261000049 ], [ 89.3893, 21.3617 ], [ 89.4436, 21.3961 ], [ 89.6066, 21.5161 ], [ 89.71498076000006, 21.657714546000022 ], [ 90.507152942000062, 21.784402730000071 ], [ 90.521523986000034, 21.801183854000044 ], [ 91.036750225000063, 21.252250425000057 ], [ 91.055838103000042, 21.231913778000031 ], [ 90.972561093000081, 21.22335154700005 ], [ 89.752, 21.0367 ] ] ] } },
{ "type": "Feature", "properties": { "ANCHOR": 0, "TIME": 600.0, "FILE1": "Global_EarthByte_GPlates_PresentDay_StaticPlatePolygons.gpmlz", "RECONFILE1": "Zahirovic_etal_2022_OptimisedMantleRef_and_NNRMantleRef.rot", "OBJECTID_1": "2568", "PLATEID1": 673, "FROMAGE": 600.0, "TOAGE": 0.0, "NAME": null, "PLATEID2": 0, "GPGIM_TYPE": "gpml:ClosedContinentalBoundary", "L_PLATE": 0, "R_PLATE": 0, "SPREAD_ASY": 0.0, "IMPORT_AGE": 0.0, "Shape_Leng": 4.0415490048000002, "Shape_Area": 0.49626220888, "FEATURE_ID": "GPlates-42d1129c-1597-47ef-be44-4233e1989bf3" }, "geometry": { "type": "Polygon", "coordinates": [ [ [ 95.851118197000062, 6.040148979000037 ], [ 95.669313431000035, 5.862428665000039 ], [ 95.158203125000071, 5.950195313000052 ], [ 94.889789197000084, 6.023044154000047 ], [ 94.954711914000086, 5.926452637000068 ], [ 95.274482919000036, 5.588740635000022 ], [ 94.71623620400004, 5.640272885000059 ], [ 94.666, 5.884 ], [ 94.6529, 6.2025 ], [ 94.9626, 6.3118 ], [ 94.984205660000057, 6.3118 ], [ 95.2723, 6.3118 ], [ 95.582, 6.2025 ], [ 95.699867075000043, 6.131413744000042 ], [ 95.851118197000062, 6.040148979000037 ] ] ] } },
{ "type": "Feature", "properties": { "ANCHOR": 0, "TIME": 600.0, "FILE1": "Global_EarthByte_GPlates_PresentDay_StaticPlatePolygons.gpmlz", "RECONFILE1": "Zahirovic_etal_2022_OptimisedMantleRef_and_NNRMantleRef.rot", "OBJECTID_1": "2597", "PLATEID1": 176, "FROMAGE": 600.0, "TOAGE": -999.0, "NAME": "East Klamath", "PLATEID2": 0, "GPGIM_TYPE": "gpml:ClosedContinentalBoundary", "L_PLATE": 0, "R_PLATE": 0, "SPREAD_ASY": 0.0, "IMPORT_AGE": 0.0, "Shape_Leng": 9.8556502326499995, "Shape_Area": 0.87871859355600002, "FEATURE_ID": "GPlates-0b1a26cd-f49a-4c03-8cf2-ceecd85100c3" }, "geometry": { "type": "Polygon", "coordinates": [ [ [ -123.9691, 38.9095 ], [ -123.6647, 38.3346 ], [ -123.69155141, 38.382919836000042 ], [ -123.978840077999962, 38.656001691000029 ], [ -124.294059277999963, 39.02441336000004 ], [ -124.599747302999972, 39.465252509000038 ], [ -124.789100755, 39.891541109000059 ], [ -124.965196044999956, 40.285225386000036 ], [ -124.983991490999983, 40.32884064700005 ], [ -124.984248876999985, 40.328855890000064 ], [ -125.25259872599996, 40.943370240000043 ], [ -125.43295506799997, 41.80967654300008 ], [ -125.46712058199995, 42.187453874000028 ], [ -125.347761041999959, 42.549740351000025 ], [ -125.164051005999966, 42.70968951000004 ], [ -125.158420714999977, 42.710654537000046 ], [ -125.157499312999974, 42.696001053000025 ], [ -125.15089988699998, 42.589502335000077 ], [ -125.08580017099996, 42.381200790000037 ], [ -125.2029, 42.1859 ], [ -125.124799727999985, 41.61310005200005 ], [ -125.0076, 41.1835 ], [ -124.948932013999979, 41.10639917900005 ], [ -124.854498312999951, 40.568853492000073 ], [ -124.693492266999954, 40.259254068000075 ], [ -124.7234, 39.9422 ], [ -124.69, 39.6937 ], [ -124.544, 39.4844 ], [ -124.2396, 39.1462 ], [ -123.9691, 38.9095 ] ] ] } },
{ "type": "Feature", "properties": { "ANCHOR": 0, "TIME": 600.0, "FILE1": "Global_EarthByte_GPlates_PresentDay_StaticPlatePolygons.gpmlz", "RECONFILE1": "Zahirovic_etal_2022_OptimisedMantleRef_and_NNRMantleRef.rot", "OBJECTID_1": "2750", "PLATEID1": 709, "FROMAGE": 600.0, "TOAGE": 0.0, "NAME": null, "PLATEID2": 0, "GPGIM_TYPE": "gpml:ClosedContinentalBoundary", "L_PLATE": 0, "R_PLATE": 0, "SPREAD_ASY": 0.0, "IMPORT_AGE": 0.0, "Shape_Leng": 26.0109795752, "Shape_Area": 14.1629354597, "FEATURE_ID": "GPlates-5a5ccec1-61cb-4133-b970-e1b50a1bd672" }, "geometry": { "type": "Polygon", "coordinates": [ [ [ 54.766739424000043, 12.868569571000029 ], [ 54.863462216000066, 12.798453399000046 ], [ 55.053659818000028, 12.829876939000037 ], [ 55.162503210000054, 12.767596879000052 ], [ 55.302396455000064, 12.732244724000054 ], [ 55.382465851000092, 12.640730448000056 ], [ 54.659078198000032, 11.952628197000024 ], [ 54.225867307000058, 11.426279044000069 ], [ 54.207559889000038, 11.404035619000069 ], [ 53.681199016000043, 11.036307347000047 ], [ 53.155813244000051, 9.956163787000037 ], [ 53.053379643000021, 9.745569972000055 ], [ 52.676747172000034, 8.796786806000057 ], [ 52.128061105000022, 8.334380699000064 ], [ 52.037100826000049, 8.257723770000041 ], [ 51.90620332200006, 8.147409678000031 ], [ 51.321152859000016, 7.491198393000048 ], [ 49.850592844000055, 5.671603827000069 ], [ 48.842407955000056, 4.942324881000047 ], [ 48.717922973000043, 4.864362837000044 ], [ 48.53763528000006, 4.57883147900003 ], [ 48.345768130000067, 4.338610991000053 ], [ 48.093561318000063, 4.122052513000028 ], [ 48.082040737000057, 4.112160316000029 ], [ 48.327559899000043, 4.380000736000056 ], [ 48.72756191700006, 5.069999746000065 ], [ 48.907562004000049, 5.360000623000076 ], [ 49.267559, 5.949999702000071 ], [ 49.437560878000042, 6.299999547000027 ], [ 49.607559047000052, 6.680000556000046 ], [ 49.887558005000066, 7.279999610000061 ], [ 50.067557916000062, 7.589999554000031 ], [ 50.331650035000045, 8.196430967000026 ], [ 50.54887, 8.517282 ], [ 51.11177, 9.441917 ], [ 51.33203, 9.733398 ], [ 51.449123554000025, 9.924151410000038 ], [ 51.66243, 10.26711 ], [ 51.66243, 10.29192458700004 ], [ 51.697559030000036, 10.450000646000035 ], [ 51.617560992000044, 10.590009838000071 ], [ 51.517558942000051, 10.720000689000074 ], [ 51.473739525000049, 10.785730666000065 ], [ 51.44217, 10.88458 ], [ 51.49111, 11.10221 ], [ 51.66243, 11.44041 ], [ 51.678819662000066, 11.480817146000049 ], [ 51.727558073000068, 11.539999555000064 ], [ 51.747558907000048, 11.659999614000071 ], [ 51.677559079000041, 11.789999647000059 ], [ 51.427558987000033, 11.939999632000024 ], [ 51.39322, 12.1517 ], [ 51.38098, 12.44049 ], [ 51.356287588000036, 12.482080255000028 ], [ 51.337562917000092, 12.660000510000032 ], [ 51.217570805000037, 12.760009624000077 ], [ 51.191566528000067, 12.767330449000045 ], [ 51.221566996, 12.798933497000064 ], [ 51.228350081000031, 12.806078923000031 ], [ 51.390942781000035, 12.866731919000074 ], [ 51.651359855000067, 12.875934404000077 ], [ 51.936880900000055, 12.781351857000061 ], [ 52.177388469000043, 12.797748910000053 ], [ 52.518658023000015, 12.776782845000071 ], [ 52.632914663000072, 12.679352657000038 ], [ 52.823600273000061, 12.656651345000057 ], [ 52.974405958000034, 12.663134996000053 ], [ 53.152200239000074, 12.756977378000045 ], [ 53.321202391000043, 12.906943424000076 ], [ 53.557040717000064, 12.886664790000054 ], [ 53.660885180000044, 12.920701039000052 ], [ 53.758492065000027, 12.961452061000047 ], [ 53.892089896000073, 12.86576493300004 ], [ 54.056857181000019, 12.847393195000052 ], [ 54.202183286000022, 12.911395142000062 ], [ 54.276709456, 12.985643343000049 ], [ 54.503651142000088, 12.978310468000078 ], [ 54.667308837000064, 12.883218303000035 ], [ 54.766739424000043, 12.868569571000029 ] ] ] } },
{ "type": "Feature", "properties": { "ANCHOR": 0, "TIME": 600.0, "FILE1": "Global_EarthByte_GPlates_PresentDay_StaticPlatePolygons.gpmlz", "RECONFILE1": "Zahirovic_etal_2022_OptimisedMantleRef_and_NNRMantleRef.rot", "OBJECTID_1": "2753", "PLATEID1": 506, "FROMAGE": 600.0, "TOAGE": 0.0, "NAME": null, "PLATEID2": 0, "GPGIM_TYPE": "gpml:ClosedContinentalBoundary", "L_PLATE": 0, "R_PLATE": 0, "SPREAD_ASY": 0.0, "IMPORT_AGE": 0.0, "Shape_Leng": 12.744568968599999, "Shape_Area": 1.2113262924399999, "FEATURE_ID": "GPlates-0c3fe95f-687b-4a58-ad29-0fb633a83add" }, "geometry": { "type": "Polygon", "coordinates": [ [ [ 62.95366290100003, 22.655089407000048 ], [ 61.202734201000055, 22.562305160000051 ], [ 60.764480125000041, 22.591547343000062 ], [ 60.558355435000067, 22.60530086100005 ], [ 60.559382075000038, 22.606154472000071 ], [ 60.737980832000069, 22.754652315000044 ], [ 60.817550386000057, 22.758705816000031 ], [ 62.737992516000077, 22.85653863400006 ], [ 63.490336723000041, 22.952308388000063 ], [ 63.91035, 23.25778 ], [ 64.617230157000051, 23.618135074000065 ], [ 65.31072, 23.94113 ], [ 65.469032897000034, 24.06303598900007 ], [ 65.531693181000037, 24.098570279000057 ], [ 65.355163162000053, 24.2645 ], [ 65.574863162000042, 24.4584 ], [ 66.047310347000064, 24.755690647000051 ], [ 66.0562, 24.7057 ], [ 66.0655, 24.6809 ], [ 66.0567, 24.6309 ], [ 66.0388, 24.5809 ], [ 66.003435428000046, 24.500604137000039 ], [ 66.003349774000071, 24.498413861000074 ], [ 66.002495299000032, 24.476563765000037 ], [ 65.577268060000051, 23.942113938000034 ], [ 64.346648740000035, 23.207758675000036 ], [ 63.235784870000032, 22.767021731000057 ], [ 62.95366290100003, 22.655089407000048 ] ] ] } },
{ "type": "Feature", "properties": { "ANCHOR": 0, "TIME": 600.0, "FILE1": "Global_EarthByte_GPlates_PresentDay_StaticPlatePolygons.gpmlz", "RECONFILE1": "Zahirovic_etal_2022_OptimisedMantleRef_and_NNRMantleRef.rot", "OBJECTID_1": "2759", "PLATEID1": 710, "FROMAGE": 600.0, "TOAGE": 0.0, "NAME": null, "PLATEID2": 0, "GPGIM_TYPE": "gpml:ClosedContinentalBoundary", "L_PLATE": 0, "R_PLATE": 0, "SPREAD_ASY": 0.0, "IMPORT_AGE": 0.0, "Shape_Leng": 0.38685007282299999, "Shape_Area": 0.00271207079934, "FEATURE_ID": "GPlates-c8da013f-33f9-486d-8a7e-88b72d157676" }, "geometry": { "type": "Polygon", "coordinates": [ [ [ 44.483304981000053, 10.578880235000041 ], [ 44.552492010000037, 10.536737965000043 ], [ 44.544707654000028, 10.541159591000053 ], [ 44.531318253000052, 10.53511912700003 ], [ 44.523608704000026, 10.531025348000071 ], [ 44.523043761000061, 10.53138619200007 ], [ 44.384980092000028, 10.619571232000055 ], [ 44.40369109300007, 10.621253630000069 ], [ 44.483304981000053, 10.578880235000041 ] ] ] } },
{ "type": "Feature", "properties": { "ANCHOR": 0, "TIME": 600.0, "FILE1": "Global_EarthByte_GPlates_PresentDay_StaticPlatePolygons.gpmlz", "RECONFILE1": "Zahirovic_etal_2022_OptimisedMantleRef_and_NNRMantleRef.rot", "OBJECTID_1": "2760", "PLATEID1": 709, "FROMAGE": 600.0, "TOAGE": 0.0, "NAME": null, "PLATEID2": 0, "GPGIM_TYPE": "gpml:ClosedContinentalBoundary", "L_PLATE": 0, "R_PLATE": 0, "SPREAD_ASY": 0.0, "IMPORT_AGE": 0.0, "Shape_Leng": 0.71535583059600005, "Shape_Area": 0.013176962559199999, "FEATURE_ID": "GPlates-58167d84-ff80-42ce-8828-7a018818c7b7" }, "geometry": { "type": "Polygon", "coordinates": [ [ [ 44.838470999000037, 10.505659605000062 ], [ 44.728512791000071, 10.467743055000028 ], [ 44.587559028000044, 10.480000572000051 ], [ 44.491738778000069, 10.517263334000063 ], [ 44.523608704000026, 10.531025348000071 ], [ 44.531318253000052, 10.53511912700003 ], [ 44.544707654000028, 10.541159591000053 ], [ 44.552492010000037, 10.536737965000043 ], [ 44.838470999000037, 10.505659605000062 ] ] ] } },
{ "type": "Feature", "properties": { "ANCHOR": 0, "TIME": 600.0, "FILE1": "Global_EarthByte_GPlates_PresentDay_StaticPlatePolygons.gpmlz", "RECONFILE1": "Zahirovic_etal_2022_OptimisedMantleRef_and_NNRMantleRef.rot", "OBJECTID_1": "2761", "PLATEID1": 709, "FROMAGE": 600.0, "TOAGE": 0.0, "NAME": null, "PLATEID2": 0, "GPGIM_TYPE": "gpml:ClosedContinentalBoundary", "L_PLATE": 0, "R_PLATE": 0, "SPREAD_ASY": 0.0, "IMPORT_AGE": 0.0, "Shape_Leng": 0.73195426905799998, "Shape_Area": 0.0097088909881700002, "FEATURE_ID": "GPlates-da185549-74f8-4d2f-8b17-212bcf99bcfd" }, "geometry": { "type": "Polygon", "coordinates": [ [ [ 45.703704532000074, 10.867837894000047 ], [ 45.743571800000034, 10.900188073000038 ], [ 45.877887282000067, 10.909949891000052 ], [ 46.061103575000061, 10.865478064000058 ], [ 45.703704532000074, 10.867837894000047 ] ] ] } },
{ "type": "Feature", "properties": { "ANCHOR": 0, "TIME": 600.0, "FILE1": "Global_EarthByte_GPlates_PresentDay_StaticPlatePolygons.gpmlz", "RECONFILE1": "Zahirovic_etal_2022_OptimisedMantleRef_and_NNRMantleRef.rot", "OBJECTID_1": "2762", "PLATEID1": 709, "FROMAGE": 600.0, "TOAGE": 0.0, "NAME": null, "PLATEID2": 0, "GPGIM_TYPE": "gpml:ClosedContinentalBoundary", "L_PLATE": 0, "R_PLATE": 0, "SPREAD_ASY": 0.0, "IMPORT_AGE": 0.0, "Shape_Leng": 1.2627403578800001, "Shape_Area": 0.052725685700600003, "FEATURE_ID": "GPlates-ce189614-b4d0-437b-abb5-0806348a70b7" }, "geometry": { "type": "Polygon", "coordinates": [ [ [ 51.042541964000058, 12.636410050000052 ], [ 50.745651954000039, 12.15027727100005 ], [ 50.671202928000078, 12.188652253000043 ], [ 50.705879004000053, 12.31752844500005 ], [ 50.856932740000062, 12.530330153000023 ], [ 50.991437414000082, 12.618310048000069 ], [ 51.042541964000058, 12.636410050000052 ] ] ] } },
{ "type": "Feature", "properties": { "ANCHOR": 0, "TIME": 600.0, "FILE1": "Global_EarthByte_GPlates_PresentDay_StaticPlatePolygons.gpmlz", "RECONFILE1": "Zahirovic_etal_2022_OptimisedMantleRef_and_NNRMantleRef.rot", "OBJECTID_1": "2778", "PLATEID1": 763, "FROMAGE": 600.0, "TOAGE": 0.0, "NAME": null, "PLATEID2": 0, "GPGIM_TYPE": "gpml:ClosedContinentalBoundary", "L_PLATE": 0, "R_PLATE": 0, "SPREAD_ASY": 0.0, "IMPORT_AGE": 0.0, "Shape_Leng": 7.5484678368000004, "Shape_Area": 3.6055487749299999, "FEATURE_ID": "GPlates-6c4ee487-323f-4331-b9a0-0e90d0b5c3ae" }, "geometry": { "type": "Polygon", "coordinates": [ [ [ 102.933409101000052, -22.019675617999951 ], [ 102.8917, -22.0051 ], [ 102.8851, -21.9432 ], [ 103.062849958000072, -21.846061049999946 ], [ 103.183, -21.7804 ], [ 103.295, -21.5578 ], [ 103.678, -21.5311 ], [ 103.9104, -21.0631 ], [ 104.498649914000055, -20.945917146999932 ], [ 104.539655633000052, -20.937748565999982 ], [ 104.7919, -20.8875 ], [ 105.2976, -21.216 ], [ 105.5469, -21.7895 ], [ 105.5777, -22.3669 ], [ 105.3101, -22.7785 ], [ 105.0081, -22.9744 ], [ 103.9505, -22.8036 ], [ 103.363, -22.1698 ], [ 102.933409101000052, -22.019675617999951 ] ] ] } },
{ "type": "Feature", "properties": { "ANCHOR": 0, "TIME": 600.0, "FILE1": "Global_EarthByte_GPlates_PresentDay_StaticPlatePolygons.gpmlz", "RECONFILE1": "Zahirovic_etal_2022_OptimisedMantleRef_and_NNRMantleRef.rot", "OBJECTID_1": "2780", "PLATEID1": 765, "FROMAGE": 600.0, "TOAGE": 0.0, "NAME": null, "PLATEID2": 0, "GPGIM_TYPE": "gpml:ClosedContinentalBoundary", "L_PLATE": 0, "R_PLATE": 0, "SPREAD_ASY": 0.0, "IMPORT_AGE": 0.0, "Shape_Leng": 10.402780573, "Shape_Area": 3.9074084884100002, "FEATURE_ID": "GPlates-3c4126f6-b944-446d-bdb7-ebfeda035984" }, "geometry": { "type": "Polygon", "coordinates": [ [ [ 106.813443818000053, -22.655426214999977 ], [ 106.823800160000076, -22.670811262999962 ], [ 106.811184600000047, -22.646040564999964 ], [ 106.8104, -22.6445 ], [ 106.813443818000053, -22.655426214999977 ], [ 106.5193, -22.2145 ], [ 107.1442, -21.9343 ], [ 107.9647, -21.0308 ], [ 108.8113, -19.6729 ], [ 109.090609139000037, -19.861841830999939 ], [ 109.7642, -20.3175 ], [ 109.345, -20.9218 ], [ 108.915, -21.0653 ], [ 108.678, -21.3495 ], [ 108.291, -22.6367 ], [ 107.744, -22.68 ], [ 106.996, -23.3398 ], [ 106.92188849300004, -23.062161363999962 ], [ 106.921892154000034, -23.062157310999964 ], [ 106.813443818000053, -22.655426214999977 ] ] ] } },
{ "type": "Feature", "properties": { "ANCHOR": 0, "TIME": 600.0, "FILE1": "Global_EarthByte_GPlates_PresentDay_StaticPlatePolygons.gpmlz", "RECONFILE1": "Zahirovic_etal_2022_OptimisedMantleRef_and_NNRMantleRef.rot", "OBJECTID_1": "2781", "PLATEID1": 801, "FROMAGE": 600.0, "TOAGE": 0.0, "NAME": null, "PLATEID2": 0, "GPGIM_TYPE": "gpml:ClosedContinentalBoundary", "L_PLATE": 0, "R_PLATE": 0, "SPREAD_ASY": 0.0, "IMPORT_AGE": 0.0, "Shape_Leng": 14.4356074994, "Shape_Area": 5.5895878615400001, "FEATURE_ID": "GPlates-cf00e5cd-fa9b-43b7-a106-0b5fb650b44d" }, "geometry": { "type": "Polygon", "coordinates": [ [ [ 109.537724433000051, -34.747216719999983 ], [ 109.55017071500005, -34.743449574999943 ], [ 109.995862803000094, -35.223425669999983 ], [ 110.076150618000042, -35.328630393999958 ], [ 110.607363163000059, -35.0544 ], [ 110.831464749000077, -35.058106452999937 ], [ 111.005263162000062, -35.013 ], [ 111.121863163000071, -34.9679 ], [ 111.323065130000089, -34.96420418699995 ], [ 111.4782, -34.966 ], [ 111.6703, -35.0375 ], [ 111.8783, -35.0995 ], [ 112.1047, -35.077 ], [ 112.2465, -35.0318 ], [ 112.3403, -34.966 ], [ 112.511800000000108, -34.9999 ], [ 112.620650970000057, -35.049992396999983 ], [ 112.841463162000096, -34.9509 ], [ 113.414263064000011, -34.542000125999948 ], [ 113.677530363000074, -34.746763579999936 ], [ 113.308000000000106, -35.54 ], [ 113.458, -35.653 ], [ 113.565, -35.767 ], [ 113.694, -35.845 ], [ 113.897, -35.932 ], [ 114.101000000000113, -36.011 ], [ 114.325, -36.089 ], [ 114.486000000000104, -36.132 ], [ 114.7, -36.254 ], [ 115.121616346000124, -36.579034627999924 ], [ 114.491016893000051, -36.372422582999945 ], [ 113.567062232000012, -36.385758128999953 ], [ 112.275687189000109, -36.661373769999955 ], [ 110.77699650700005, -36.627510890999922 ], [ 110.072000681000077, -35.382412814999952 ], [ 109.898907898000061, -35.139680675999955 ], [ 109.859574891000079, -35.119763847999934 ], [ 109.812707112000055, -35.070051115999945 ], [ 109.753893939000093, -34.994339751999973 ], [ 109.695107074000077, -34.914862790999962 ], [ 109.622934939000075, -34.843025114999932 ], [ 109.537724433000051, -34.747216719999983 ] ] ] } }
]
}
